method,search_mode,abort_check_stride,schedule,panel_width,family,n,seed,input_fingerprint,repetition,tau,window,status,factor_wall_ms,factor_cuda_ms,reconstruction_kind,reconstruction_residual,growth_factor,max_multiplier,nonfinite_count,row_swaps,column_swaps,dp_lookahead_accepts,dp_fallbacks,gp_near_ties,gp_second_choices,scap_current,scap_middle,scap_last,rp_iterations,rp_failures,pivot_digest,_source
PP,host,0,blocked_panel_local,64,uniform,512,20260823,7f61f5c8b0307183,0,1.00999999,6,completed,48.645847,48.6451835632,sampled_fp64_32x32,0.0188410265691,20.5,1,0,506,0,0,0,0,0,0,0,0,0,0,13c379c9862f8e52,search_cost_runs.csv
PP,host,0,blocked_panel_local,64,uniform,512,20260823,7f61f5c8b0307183,1,1.00999999,6,completed,48.499804,48.4991378784,sampled_fp64_32x32,0.0188410265691,20.5,1,0,506,0,0,0,0,0,0,0,0,0,0,13c379c9862f8e52,search_cost_runs.csv
PP,host,0,blocked_panel_local,64,uniform,512,20260823,7f61f5c8b0307183,2,1.00999999,6,completed,48.434963,48.4346237183,sampled_fp64_32x32,0.0188410265691,20.5,1,0,506,0,0,0,0,0,0,0,0,0,0,13c379c9862f8e52,search_cost_runs.csv
PP,fused_device,0,blocked_panel_local,64,uniform,512,20260823,7f61f5c8b0307183,0,1.00999999,6,completed,11.848513,11.8487043381,sampled_fp64_32x32,0.0188410265691,20.5,1,0,506,0,0,0,0,0,0,0,0,0,0,13c379c9862f8e52,search_cost_runs.csv
PP,fused_device,0,blocked_panel_local,64,uniform,512,20260823,7f61f5c8b0307183,1,1.00999999,6,completed,11.846736,11.8466558456,sampled_fp64_32x32,0.0188410265691,20.5,1,0,506,0,0,0,0,0,0,0,0,0,0,13c379c9862f8e52,search_cost_runs.csv
PP,fused_device,0,blocked_panel_local,64,uniform,512,20260823,7f61f5c8b0307183,2,1.00999999,6,completed,11.874913,11.8743362427,sampled_fp64_32x32,0.0188410265691,20.5,1,0,506,0,0,0,0,0,0,0,0,0,0,13c379c9862f8e52,search_cost_runs.csv
DP,host,0,blocked_panel_local,64,uniform,512,20260823,7f61f5c8b0307183,0,1.00999999,6,completed,44.175487,44.1747207642,sampled_fp64_32x32,0.0161679044541,22.640625,0.99755859375,0,507,42,42,2,0,0,0,0,0,0,0,f7849d2c4eb74d62,search_cost_runs.csv
DP,host,0,blocked_panel_local,64,uniform,512,20260823,7f61f5c8b0307183,1,1.00999999,6,completed,42.75187,42.7514572144,sampled_fp64_32x32,0.0161679044541,22.640625,0.99755859375,0,507,42,42,2,0,0,0,0,0,0,0,f7849d2c4eb74d62,search_cost_runs.csv
DP,host,0,blocked_panel_local,64,uniform,512,20260823,7f61f5c8b0307183,2,1.00999999,6,completed,42.682026,42.682849884,sampled_fp64_32x32,0.0161679044541,22.640625,0.99755859375,0,507,42,42,2,0,0,0,0,0,0,0,f7849d2c4eb74d62,search_cost_runs.csv
DP,fused_device,0,blocked_panel_local,64,uniform,512,20260823,7f61f5c8b0307183,0,1.00999999,6,completed,12.499198,12.4989442825,sampled_fp64_32x32,0.0161679044541,22.640625,0.99755859375,0,507,42,42,2,0,0,0,0,0,0,0,f7849d2c4eb74d62,search_cost_runs.csv
DP,fused_device,0,blocked_panel_local,64,uniform,512,20260823,7f61f5c8b0307183,1,1.00999999,6,completed,12.486942,12.4876804352,sampled_fp64_32x32,0.0161679044541,22.640625,0.99755859375,0,507,42,42,2,0,0,0,0,0,0,0,f7849d2c4eb74d62,search_cost_runs.csv
DP,fused_device,0,blocked_panel_local,64,uniform,512,20260823,7f61f5c8b0307183,2,1.00999999,6,completed,12.460417,12.4600324631,sampled_fp64_32x32,0.0161679044541,22.640625,0.99755859375,0,507,42,42,2,0,0,0,0,0,0,0,f7849d2c4eb74d62,search_cost_runs.csv
GP,host,0,blocked_panel_local,64,uniform,512,20260823,7f61f5c8b0307183,0,1.00999999,6,completed,41.9932,41.9923210144,sampled_fp64_32x32,0.0170377641916,20.234375,1.009765625,0,508,0,0,0,26,14,0,0,0,0,0,87b84381fc93c096,search_cost_runs.csv
GP,host,0,blocked_panel_local,64,uniform,512,20260823,7f61f5c8b0307183,1,1.00999999,6,completed,42.222658,42.2216644287,sampled_fp64_32x32,0.0170377641916,20.234375,1.009765625,0,508,0,0,0,26,14,0,0,0,0,0,87b84381fc93c096,search_cost_runs.csv
GP,host,0,blocked_panel_local,64,uniform,512,20260823,7f61f5c8b0307183,2,1.00999999,6,completed,42.059359,42.0586242676,sampled_fp64_32x32,0.0170377641916,20.234375,1.009765625,0,508,0,0,0,26,14,0,0,0,0,0,87b84381fc93c096,search_cost_runs.csv
GP,fused_device,0,blocked_panel_local,64,uniform,512,20260823,7f61f5c8b0307183,0,1.00999999,6,completed,12.413978,12.4139518738,sampled_fp64_32x32,0.0170377641916,20.234375,1.009765625,0,508,0,0,0,26,14,0,0,0,0,0,87b84381fc93c096,search_cost_runs.csv
GP,fused_device,0,blocked_panel_local,64,uniform,512,20260823,7f61f5c8b0307183,1,1.00999999,6,completed,12.439161,12.4395523071,sampled_fp64_32x32,0.0170377641916,20.234375,1.009765625,0,508,0,0,0,26,14,0,0,0,0,0,87b84381fc93c096,search_cost_runs.csv
GP,fused_device,0,blocked_panel_local,64,uniform,512,20260823,7f61f5c8b0307183,2,1.00999999,6,completed,12.418106,12.4170236588,sampled_fp64_32x32,0.0170377641916,20.234375,1.009765625,0,508,0,0,0,26,14,0,0,0,0,0,87b84381fc93c096,search_cost_runs.csv
ScaP,host,0,blocked_panel_local,64,uniform,512,20260823,7f61f5c8b0307183,0,1.00999999,6,completed,53.019324,53.0191688538,sampled_fp64_32x32,0.0161670602392,21.453125,0.99951171875,0,507,280,0,0,0,0,231,212,68,0,0,adceee82453b795b,search_cost_runs.csv
ScaP,host,0,blocked_panel_local,64,uniform,512,20260823,7f61f5c8b0307183,1,1.00999999,6,completed,52.908893,52.9085769653,sampled_fp64_32x32,0.0161670602392,21.453125,0.99951171875,0,507,280,0,0,0,0,231,212,68,0,0,adceee82453b795b,search_cost_runs.csv
ScaP,host,0,blocked_panel_local,64,uniform,512,20260823,7f61f5c8b0307183,2,1.00999999,6,completed,52.632106,52.6317749023,sampled_fp64_32x32,0.0161670602392,21.453125,0.99951171875,0,507,280,0,0,0,0,231,212,68,0,0,adceee82453b795b,search_cost_runs.csv
ScaP,fused_device,0,blocked_panel_local,64,uniform,512,20260823,7f61f5c8b0307183,0,1.00999999,6,completed,11.89222,11.8917121887,sampled_fp64_32x32,0.0161670602392,21.453125,0.99951171875,0,507,280,0,0,0,0,231,212,68,0,0,adceee82453b795b,search_cost_runs.csv
ScaP,fused_device,0,blocked_panel_local,64,uniform,512,20260823,7f61f5c8b0307183,1,1.00999999,6,completed,11.848029,11.8476800919,sampled_fp64_32x32,0.0161670602392,21.453125,0.99951171875,0,507,280,0,0,0,0,231,212,68,0,0,adceee82453b795b,search_cost_runs.csv
ScaP,fused_device,0,blocked_panel_local,64,uniform,512,20260823,7f61f5c8b0307183,2,1.00999999,6,completed,11.872192,11.872256279,sampled_fp64_32x32,0.0161670602392,21.453125,0.99951171875,0,507,280,0,0,0,0,231,212,68,0,0,adceee82453b795b,search_cost_runs.csv
RP,host,0,blocked_panel_local,64,uniform,512,20260823,7f61f5c8b0307183,0,1.00999999,6,completed,51.829954,51.8290252686,sampled_fp64_32x32,0.0154841789044,13.5703125,1,0,506,194,0,0,0,0,0,0,0,727,0,e128cb4750911011,search_cost_runs.csv
RP,host,0,blocked_panel_local,64,uniform,512,20260823,7f61f5c8b0307183,1,1.00999999,6,completed,51.764572,51.7639350891,sampled_fp64_32x32,0.0154841789044,13.5703125,1,0,506,194,0,0,0,0,0,0,0,727,0,e128cb4750911011,search_cost_runs.csv
RP,host,0,blocked_panel_local,64,uniform,512,20260823,7f61f5c8b0307183,2,1.00999999,6,completed,51.506069,51.5050888062,sampled_fp64_32x32,0.0154841789044,13.5703125,1,0,506,194,0,0,0,0,0,0,0,727,0,e128cb4750911011,search_cost_runs.csv
RP,fused_device,0,blocked_panel_local,64,uniform,512,20260823,7f61f5c8b0307183,0,1.00999999,6,completed,12.609187,12.6074876785,sampled_fp64_32x32,0.0154841789044,13.5703125,1,0,506,194,0,0,0,0,0,0,0,727,0,e128cb4750911011,search_cost_runs.csv
RP,fused_device,0,blocked_panel_local,64,uniform,512,20260823,7f61f5c8b0307183,1,1.00999999,6,completed,12.576386,12.5767679214,sampled_fp64_32x32,0.0154841789044,13.5703125,1,0,506,194,0,0,0,0,0,0,0,727,0,e128cb4750911011,search_cost_runs.csv
RP,fused_device,0,blocked_panel_local,64,uniform,512,20260823,7f61f5c8b0307183,2,1.00999999,6,completed,12.59861,12.5992956161,sampled_fp64_32x32,0.0154841789044,13.5703125,1,0,506,194,0,0,0,0,0,0,0,727,0,e128cb4750911011,search_cost_runs.csv
CP,host,0,blocked_panel_local,64,uniform,512,20260823,7f61f5c8b0307183,0,1.00999999,6,completed,230.237416,230.237503052,sampled_fp64_32x32,0.0152892870829,11.3671875,1,0,507,472,0,0,0,0,0,0,0,0,0,bc4f34b30af652a8,search_cost_runs.csv
CP,host,0,blocked_panel_local,64,uniform,512,20260823,7f61f5c8b0307183,1,1.00999999,6,completed,235.906323,235.906814575,sampled_fp64_32x32,0.0152892870829,11.3671875,1,0,507,472,0,0,0,0,0,0,0,0,0,bc4f34b30af652a8,search_cost_runs.csv
CP,host,0,blocked_panel_local,64,uniform,512,20260823,7f61f5c8b0307183,2,1.00999999,6,completed,235.032004,235.032516479,sampled_fp64_32x32,0.0152892870829,11.3671875,1,0,507,472,0,0,0,0,0,0,0,0,0,bc4f34b30af652a8,search_cost_runs.csv
CP,fused_device,0,blocked_panel_local,64,uniform,512,20260823,7f61f5c8b0307183,0,1.00999999,6,completed,11.971818,11.9715843201,sampled_fp64_32x32,0.0152892870829,11.3671875,1,0,507,472,0,0,0,0,0,0,0,0,0,bc4f34b30af652a8,search_cost_runs.csv
CP,fused_device,0,blocked_panel_local,64,uniform,512,20260823,7f61f5c8b0307183,1,1.00999999,6,completed,11.950395,11.9511041641,sampled_fp64_32x32,0.0152892870829,11.3671875,1,0,507,472,0,0,0,0,0,0,0,0,0,bc4f34b30af652a8,search_cost_runs.csv
CP,fused_device,0,blocked_panel_local,64,uniform,512,20260823,7f61f5c8b0307183,2,1.00999999,6,completed,11.974542,11.974656105,sampled_fp64_32x32,0.0152892870829,11.3671875,1,0,507,472,0,0,0,0,0,0,0,0,0,bc4f34b30af652a8,search_cost_runs.csv
ScPP,host,0,blocked_panel_local,64,uniform,512,20260823,7f61f5c8b0307183,0,1.00999999,6,completed,41.427927,41.4272956848,sampled_fp64_32x32,0.0167178120464,18.046875,1.0009765625,0,504,0,0,0,0,0,0,0,0,0,0,a63f8c348879815a,search_cost_runs.csv
ScPP,host,0,blocked_panel_local,64,uniform,512,20260823,7f61f5c8b0307183,1,1.00999999,6,completed,41.743159,41.7429122925,sampled_fp64_32x32,0.0167178120464,18.046875,1.0009765625,0,504,0,0,0,0,0,0,0,0,0,0,a63f8c348879815a,search_cost_runs.csv
ScPP,host,0,blocked_panel_local,64,uniform,512,20260823,7f61f5c8b0307183,2,1.00999999,6,completed,41.513718,41.5135345459,sampled_fp64_32x32,0.0167178120464,18.046875,1.0009765625,0,504,0,0,0,0,0,0,0,0,0,0,a63f8c348879815a,search_cost_runs.csv
ScPP,fused_device,0,blocked_panel_local,64,uniform,512,20260823,7f61f5c8b0307183,0,1.00999999,6,completed,12.494728,12.4948482513,sampled_fp64_32x32,0.0167178120464,18.046875,1.0009765625,0,504,0,0,0,0,0,0,0,0,0,0,a63f8c348879815a,search_cost_runs.csv
ScPP,fused_device,0,blocked_panel_local,64,uniform,512,20260823,7f61f5c8b0307183,1,1.00999999,6,completed,12.461481,12.4621124268,sampled_fp64_32x32,0.0167178120464,18.046875,1.0009765625,0,504,0,0,0,0,0,0,0,0,0,0,a63f8c348879815a,search_cost_runs.csv
ScPP,fused_device,0,blocked_panel_local,64,uniform,512,20260823,7f61f5c8b0307183,2,1.00999999,6,completed,12.480632,12.4805116653,sampled_fp64_32x32,0.0167178120464,18.046875,1.0009765625,0,504,0,0,0,0,0,0,0,0,0,0,a63f8c348879815a,search_cost_runs.csv
PP,host,0,blocked_panel_local,64,uniform,512,20260824,69ecd3a10976619f,0,1.00999999,6,completed,41.932076,41.93126297,sampled_fp64_32x32,0.0195103277874,18.90625,1,0,509,0,0,0,0,0,0,0,0,0,0,44bc286d63dfdcf0,search_cost_runs.csv
PP,host,0,blocked_panel_local,64,uniform,512,20260824,69ecd3a10976619f,1,1.00999999,6,completed,41.791162,41.7904624939,sampled_fp64_32x32,0.0195103277874,18.90625,1,0,509,0,0,0,0,0,0,0,0,0,0,44bc286d63dfdcf0,search_cost_runs.csv
PP,host,0,blocked_panel_local,64,uniform,512,20260824,69ecd3a10976619f,2,1.00999999,6,completed,41.553459,41.5534706116,sampled_fp64_32x32,0.0195103277874,18.90625,1,0,509,0,0,0,0,0,0,0,0,0,0,44bc286d63dfdcf0,search_cost_runs.csv
PP,fused_device,0,blocked_panel_local,64,uniform,512,20260824,69ecd3a10976619f,0,1.00999999,6,completed,11.394547,11.3940477371,sampled_fp64_32x32,0.0195103277874,18.90625,1,0,509,0,0,0,0,0,0,0,0,0,0,44bc286d63dfdcf0,search_cost_runs.csv
PP,fused_device,0,blocked_panel_local,64,uniform,512,20260824,69ecd3a10976619f,1,1.00999999,6,completed,11.375701,11.3756160736,sampled_fp64_32x32,0.0195103277874,18.90625,1,0,509,0,0,0,0,0,0,0,0,0,0,44bc286d63dfdcf0,search_cost_runs.csv
PP,fused_device,0,blocked_panel_local,64,uniform,512,20260824,69ecd3a10976619f,2,1.00999999,6,completed,11.366248,11.3653764725,sampled_fp64_32x32,0.0195103277874,18.90625,1,0,509,0,0,0,0,0,0,0,0,0,0,44bc286d63dfdcf0,search_cost_runs.csv
DP,host,0,blocked_panel_local,64,uniform,512,20260824,69ecd3a10976619f,0,1.00999999,6,completed,42.606571,42.6063995361,sampled_fp64_32x32,0.0188424122753,14.625,0.99853515625,0,506,51,51,3,0,0,0,0,0,0,0,0c7e82a671a7898b,search_cost_runs.csv
DP,host,0,blocked_panel_local,64,uniform,512,20260824,69ecd3a10976619f,1,1.00999999,6,completed,42.691922,42.6913261414,sampled_fp64_32x32,0.0188424122753,14.625,0.99853515625,0,506,51,51,3,0,0,0,0,0,0,0,0c7e82a671a7898b,search_cost_runs.csv
DP,host,0,blocked_panel_local,64,uniform,512,20260824,69ecd3a10976619f,2,1.00999999,6,completed,42.404145,42.4035186768,sampled_fp64_32x32,0.0188424122753,14.625,0.99853515625,0,506,51,51,3,0,0,0,0,0,0,0,0c7e82a671a7898b,search_cost_runs.csv
DP,fused_device,0,blocked_panel_local,64,uniform,512,20260824,69ecd3a10976619f,0,1.00999999,6,completed,12.439435,12.4395523071,sampled_fp64_32x32,0.0188424122753,14.625,0.99853515625,0,506,51,51,3,0,0,0,0,0,0,0,0c7e82a671a7898b,search_cost_runs.csv
DP,fused_device,0,blocked_panel_local,64,uniform,512,20260824,69ecd3a10976619f,1,1.00999999,6,completed,12.437454,12.4375362396,sampled_fp64_32x32,0.0188424122753,14.625,0.99853515625,0,506,51,51,3,0,0,0,0,0,0,0,0c7e82a671a7898b,search_cost_runs.csv
DP,fused_device,0,blocked_panel_local,64,uniform,512,20260824,69ecd3a10976619f,2,1.00999999,6,completed,12.447388,12.4467201233,sampled_fp64_32x32,0.0188424122753,14.625,0.99853515625,0,506,51,51,3,0,0,0,0,0,0,0,0c7e82a671a7898b,search_cost_runs.csv
GP,host,0,blocked_panel_local,64,uniform,512,20260824,69ecd3a10976619f,0,1.00999999,6,completed,42.249536,42.2495040894,sampled_fp64_32x32,0.0198223957738,16.09375,1.0078125,0,508,0,0,0,39,20,0,0,0,0,0,2d34c86118f42115,search_cost_runs.csv
GP,host,0,blocked_panel_local,64,uniform,512,20260824,69ecd3a10976619f,1,1.00999999,6,completed,42.646238,42.6467208862,sampled_fp64_32x32,0.0198223957738,16.09375,1.0078125,0,508,0,0,0,39,20,0,0,0,0,0,2d34c86118f42115,search_cost_runs.csv
GP,host,0,blocked_panel_local,64,uniform,512,20260824,69ecd3a10976619f,2,1.00999999,6,completed,42.284189,42.2839698792,sampled_fp64_32x32,0.0198223957738,16.09375,1.0078125,0,508,0,0,0,39,20,0,0,0,0,0,2d34c86118f42115,search_cost_runs.csv
GP,fused_device,0,blocked_panel_local,64,uniform,512,20260824,69ecd3a10976619f,0,1.00999999,6,completed,12.295931,12.295167923,sampled_fp64_32x32,0.0198223957738,16.09375,1.0078125,0,508,0,0,0,39,20,0,0,0,0,0,2d34c86118f42115,search_cost_runs.csv
GP,fused_device,0,blocked_panel_local,64,uniform,512,20260824,69ecd3a10976619f,1,1.00999999,6,completed,12.213785,12.2132482529,sampled_fp64_32x32,0.0198223957738,16.09375,1.0078125,0,508,0,0,0,39,20,0,0,0,0,0,2d34c86118f42115,search_cost_runs.csv
GP,fused_device,0,blocked_panel_local,64,uniform,512,20260824,69ecd3a10976619f,2,1.00999999,6,completed,12.247305,12.2470397949,sampled_fp64_32x32,0.0198223957738,16.09375,1.0078125,0,508,0,0,0,39,20,0,0,0,0,0,2d34c86118f42115,search_cost_runs.csv
ScaP,host,0,blocked_panel_local,64,uniform,512,20260824,69ecd3a10976619f,0,1.00999999,6,completed,53.031281,53.0309753418,sampled_fp64_32x32,0.0204406406265,15.1171875,1,0,507,263,0,0,0,0,248,206,57,0,0,e48b9c95a97eab4b,search_cost_runs.csv
ScaP,host,0,blocked_panel_local,64,uniform,512,20260824,69ecd3a10976619f,1,1.00999999,6,completed,53.06784,53.0677757263,sampled_fp64_32x32,0.0204406406265,15.1171875,1,0,507,263,0,0,0,0,248,206,57,0,0,e48b9c95a97eab4b,search_cost_runs.csv
ScaP,host,0,blocked_panel_local,64,uniform,512,20260824,69ecd3a10976619f,2,1.00999999,6,completed,52.845439,52.8447990417,sampled_fp64_32x32,0.0204406406265,15.1171875,1,0,507,263,0,0,0,0,248,206,57,0,0,e48b9c95a97eab4b,search_cost_runs.csv
ScaP,fused_device,0,blocked_panel_local,64,uniform,512,20260824,69ecd3a10976619f,0,1.00999999,6,completed,11.684599,11.6848640442,sampled_fp64_32x32,0.0204406406265,15.1171875,1,0,507,263,0,0,0,0,248,206,57,0,0,e48b9c95a97eab4b,search_cost_runs.csv
ScaP,fused_device,0,blocked_panel_local,64,uniform,512,20260824,69ecd3a10976619f,1,1.00999999,6,completed,11.659836,11.6602878571,sampled_fp64_32x32,0.0204406406265,15.1171875,1,0,507,263,0,0,0,0,248,206,57,0,0,e48b9c95a97eab4b,search_cost_runs.csv
ScaP,fused_device,0,blocked_panel_local,64,uniform,512,20260824,69ecd3a10976619f,2,1.00999999,6,completed,11.646525,11.6469764709,sampled_fp64_32x32,0.0204406406265,15.1171875,1,0,507,263,0,0,0,0,248,206,57,0,0,e48b9c95a97eab4b,search_cost_runs.csv
RP,host,0,blocked_panel_local,64,uniform,512,20260824,69ecd3a10976619f,0,1.00999999,6,completed,51.371508,51.3714561462,sampled_fp64_32x32,0.0190813929148,14.6796875,0.99951171875,0,505,212,0,0,0,0,0,0,0,742,0,766645da0b58126c,search_cost_runs.csv
RP,host,0,blocked_panel_local,64,uniform,512,20260824,69ecd3a10976619f,1,1.00999999,6,completed,51.446716,51.4463691711,sampled_fp64_32x32,0.0190813929148,14.6796875,0.99951171875,0,505,212,0,0,0,0,0,0,0,742,0,766645da0b58126c,search_cost_runs.csv
RP,host,0,blocked_panel_local,64,uniform,512,20260824,69ecd3a10976619f,2,1.00999999,6,completed,51.524529,51.5238723755,sampled_fp64_32x32,0.0190813929148,14.6796875,0.99951171875,0,505,212,0,0,0,0,0,0,0,742,0,766645da0b58126c,search_cost_runs.csv
RP,fused_device,0,blocked_panel_local,64,uniform,512,20260824,69ecd3a10976619f,0,1.00999999,6,completed,12.625095,12.6361598969,sampled_fp64_32x32,0.0190813929148,14.6796875,0.99951171875,0,505,212,0,0,0,0,0,0,0,742,0,766645da0b58126c,search_cost_runs.csv
RP,fused_device,0,blocked_panel_local,64,uniform,512,20260824,69ecd3a10976619f,1,1.00999999,6,completed,12.652825,12.6525440216,sampled_fp64_32x32,0.0190813929148,14.6796875,0.99951171875,0,505,212,0,0,0,0,0,0,0,742,0,766645da0b58126c,search_cost_runs.csv
RP,fused_device,0,blocked_panel_local,64,uniform,512,20260824,69ecd3a10976619f,2,1.00999999,6,completed,12.619572,12.6197757721,sampled_fp64_32x32,0.0190813929148,14.6796875,0.99951171875,0,505,212,0,0,0,0,0,0,0,742,0,766645da0b58126c,search_cost_runs.csv
CP,host,0,blocked_panel_local,64,uniform,512,20260824,69ecd3a10976619f,0,1.00999999,6,completed,228.901216,228.901412964,sampled_fp64_32x32,0.0183145357296,11.7578125,0.99951171875,0,507,474,0,0,0,0,0,0,0,0,0,06bcc8384308a75e,search_cost_runs.csv
CP,host,0,blocked_panel_local,64,uniform,512,20260824,69ecd3a10976619f,1,1.00999999,6,completed,234.417209,234.417602539,sampled_fp64_32x32,0.0183145357296,11.7578125,0.99951171875,0,507,474,0,0,0,0,0,0,0,0,0,06bcc8384308a75e,search_cost_runs.csv
CP,host,0,blocked_panel_local,64,uniform,512,20260824,69ecd3a10976619f,2,1.00999999,6,completed,234.705338,234.705276489,sampled_fp64_32x32,0.0183145357296,11.7578125,0.99951171875,0,507,474,0,0,0,0,0,0,0,0,0,06bcc8384308a75e,search_cost_runs.csv
CP,fused_device,0,blocked_panel_local,64,uniform,512,20260824,69ecd3a10976619f,0,1.00999999,6,completed,11.976087,11.9766721725,sampled_fp64_32x32,0.0183145357296,11.7578125,0.99951171875,0,507,474,0,0,0,0,0,0,0,0,0,06bcc8384308a75e,search_cost_runs.csv
CP,fused_device,0,blocked_panel_local,64,uniform,512,20260824,69ecd3a10976619f,1,1.00999999,6,completed,11.949518,11.9500484467,sampled_fp64_32x32,0.0183145357296,11.7578125,0.99951171875,0,507,474,0,0,0,0,0,0,0,0,0,06bcc8384308a75e,search_cost_runs.csv
CP,fused_device,0,blocked_panel_local,64,uniform,512,20260824,69ecd3a10976619f,2,1.00999999,6,completed,11.960687,11.9603204727,sampled_fp64_32x32,0.0183145357296,11.7578125,0.99951171875,0,507,474,0,0,0,0,0,0,0,0,0,06bcc8384308a75e,search_cost_runs.csv
ScPP,host,0,blocked_panel_local,64,uniform,512,20260824,69ecd3a10976619f,0,1.00999999,6,completed,41.973898,41.9738578796,sampled_fp64_32x32,0.0160893653519,24.28125,1.0029296875,0,507,0,0,0,0,0,0,0,0,0,0,9e02c3335b0d44a1,search_cost_runs.csv
ScPP,host,0,blocked_panel_local,64,uniform,512,20260824,69ecd3a10976619f,1,1.00999999,6,completed,41.815022,41.8144950867,sampled_fp64_32x32,0.0160893653519,24.28125,1.0029296875,0,507,0,0,0,0,0,0,0,0,0,0,9e02c3335b0d44a1,search_cost_runs.csv
ScPP,host,0,blocked_panel_local,64,uniform,512,20260824,69ecd3a10976619f,2,1.00999999,6,completed,41.849143,41.8485107422,sampled_fp64_32x32,0.0160893653519,24.28125,1.0029296875,0,507,0,0,0,0,0,0,0,0,0,0,9e02c3335b0d44a1,search_cost_runs.csv
ScPP,fused_device,0,blocked_panel_local,64,uniform,512,20260824,69ecd3a10976619f,0,1.00999999,6,completed,12.386999,12.3873596191,sampled_fp64_32x32,0.0160893653519,24.28125,1.0029296875,0,507,0,0,0,0,0,0,0,0,0,0,9e02c3335b0d44a1,search_cost_runs.csv
ScPP,fused_device,0,blocked_panel_local,64,uniform,512,20260824,69ecd3a10976619f,1,1.00999999,6,completed,12.388106,12.3822078705,sampled_fp64_32x32,0.0160893653519,24.28125,1.0029296875,0,507,0,0,0,0,0,0,0,0,0,0,9e02c3335b0d44a1,search_cost_runs.csv
ScPP,fused_device,0,blocked_panel_local,64,uniform,512,20260824,69ecd3a10976619f,2,1.00999999,6,completed,12.375587,12.3750400543,sampled_fp64_32x32,0.0160893653519,24.28125,1.0029296875,0,507,0,0,0,0,0,0,0,0,0,0,9e02c3335b0d44a1,search_cost_runs.csv
PP,host,0,blocked_panel_local,64,uniform,512,20260825,60bfb88c7b74a4d4,0,1.00999999,6,completed,41.341768,41.3418884277,sampled_fp64_32x32,0.018986730295,17.453125,1,0,503,0,0,0,0,0,0,0,0,0,0,edd8c948dea690f7,search_cost_runs.csv
PP,host,0,blocked_panel_local,64,uniform,512,20260825,60bfb88c7b74a4d4,1,1.00999999,6,completed,41.539166,41.5382728577,sampled_fp64_32x32,0.018986730295,17.453125,1,0,503,0,0,0,0,0,0,0,0,0,0,edd8c948dea690f7,search_cost_runs.csv
PP,host,0,blocked_panel_local,64,uniform,512,20260825,60bfb88c7b74a4d4,2,1.00999999,6,completed,41.490424,41.4898223877,sampled_fp64_32x32,0.018986730295,17.453125,1,0,503,0,0,0,0,0,0,0,0,0,0,edd8c948dea690f7,search_cost_runs.csv
PP,fused_device,0,blocked_panel_local,64,uniform,512,20260825,60bfb88c7b74a4d4,0,1.00999999,6,completed,11.412753,11.4114561081,sampled_fp64_32x32,0.018986730295,17.453125,1,0,503,0,0,0,0,0,0,0,0,0,0,edd8c948dea690f7,search_cost_runs.csv
PP,fused_device,0,blocked_panel_local,64,uniform,512,20260825,60bfb88c7b74a4d4,1,1.00999999,6,completed,11.40161,11.4022722244,sampled_fp64_32x32,0.018986730295,17.453125,1,0,503,0,0,0,0,0,0,0,0,0,0,edd8c948dea690f7,search_cost_runs.csv
PP,fused_device,0,blocked_panel_local,64,uniform,512,20260825,60bfb88c7b74a4d4,2,1.00999999,6,completed,11.38202,11.3817596436,sampled_fp64_32x32,0.018986730295,17.453125,1,0,503,0,0,0,0,0,0,0,0,0,0,edd8c948dea690f7,search_cost_runs.csv
DP,host,0,blocked_panel_local,64,uniform,512,20260825,60bfb88c7b74a4d4,0,1.00999999,6,completed,42.626707,42.6268463135,sampled_fp64_32x32,0.0173307762221,16.53125,1,0,506,42,42,1,0,0,0,0,0,0,0,374271b2ca586d79,search_cost_runs.csv
DP,host,0,blocked_panel_local,64,uniform,512,20260825,60bfb88c7b74a4d4,1,1.00999999,6,completed,42.541158,42.5401916504,sampled_fp64_32x32,0.0173307762221,16.53125,1,0,506,42,42,1,0,0,0,0,0,0,0,374271b2ca586d79,search_cost_runs.csv
DP,host,0,blocked_panel_local,64,uniform,512,20260825,60bfb88c7b74a4d4,2,1.00999999,6,completed,43.083402,43.0822715759,sampled_fp64_32x32,0.0173307762221,16.53125,1,0,506,42,42,1,0,0,0,0,0,0,0,374271b2ca586d79,search_cost_runs.csv
DP,fused_device,0,blocked_panel_local,64,uniform,512,20260825,60bfb88c7b74a4d4,0,1.00999999,6,completed,12.264624,12.2644481659,sampled_fp64_32x32,0.0173307762221,16.53125,1,0,506,42,42,1,0,0,0,0,0,0,0,374271b2ca586d79,search_cost_runs.csv
DP,fused_device,0,blocked_panel_local,64,uniform,512,20260825,60bfb88c7b74a4d4,1,1.00999999,6,completed,12.239628,12.2398719788,sampled_fp64_32x32,0.0173307762221,16.53125,1,0,506,42,42,1,0,0,0,0,0,0,0,374271b2ca586d79,search_cost_runs.csv
DP,fused_device,0,blocked_panel_local,64,uniform,512,20260825,60bfb88c7b74a4d4,2,1.00999999,6,completed,12.2794,12.2787837982,sampled_fp64_32x32,0.0173307762221,16.53125,1,0,506,42,42,1,0,0,0,0,0,0,0,374271b2ca586d79,search_cost_runs.csv
GP,host,0,blocked_panel_local,64,uniform,512,20260825,60bfb88c7b74a4d4,0,1.00999999,6,completed,42.640892,42.6409912109,sampled_fp64_32x32,0.0155300704265,16.234375,1.009765625,0,507,0,0,0,39,22,0,0,0,0,0,6833106d75674435,search_cost_runs.csv
GP,host,0,blocked_panel_local,64,uniform,512,20260825,60bfb88c7b74a4d4,1,1.00999999,6,completed,42.37412,42.3730545044,sampled_fp64_32x32,0.0155300704265,16.234375,1.009765625,0,507,0,0,0,39,22,0,0,0,0,0,6833106d75674435,search_cost_runs.csv
GP,host,0,blocked_panel_local,64,uniform,512,20260825,60bfb88c7b74a4d4,2,1.00999999,6,completed,42.134569,42.1339187622,sampled_fp64_32x32,0.0155300704265,16.234375,1.009765625,0,507,0,0,0,39,22,0,0,0,0,0,6833106d75674435,search_cost_runs.csv
GP,fused_device,0,blocked_panel_local,64,uniform,512,20260825,60bfb88c7b74a4d4,0,1.00999999,6,completed,12.46749,12.4672002792,sampled_fp64_32x32,0.0155300704265,16.234375,1.009765625,0,507,0,0,0,39,22,0,0,0,0,0,6833106d75674435,search_cost_runs.csv
GP,fused_device,0,blocked_panel_local,64,uniform,512,20260825,60bfb88c7b74a4d4,1,1.00999999,6,completed,12.471253,12.472319603,sampled_fp64_32x32,0.0155300704265,16.234375,1.009765625,0,507,0,0,0,39,22,0,0,0,0,0,6833106d75674435,search_cost_runs.csv
GP,fused_device,0,blocked_panel_local,64,uniform,512,20260825,60bfb88c7b74a4d4,2,1.00999999,6,completed,12.435923,12.4354562759,sampled_fp64_32x32,0.0155300704265,16.234375,1.009765625,0,507,0,0,0,39,22,0,0,0,0,0,6833106d75674435,search_cost_runs.csv
ScaP,host,0,blocked_panel_local,64,uniform,512,20260825,60bfb88c7b74a4d4,0,1.00999999,6,completed,52.704474,52.7040328979,sampled_fp64_32x32,0.0160353831525,15.0234375,0.99951171875,0,503,255,0,0,0,0,256,199,56,0,0,7d2f41bf22f56916,search_cost_runs.csv
ScaP,host,0,blocked_panel_local,64,uniform,512,20260825,60bfb88c7b74a4d4,1,1.00999999,6,completed,52.485928,52.4861450195,sampled_fp64_32x32,0.0160353831525,15.0234375,0.99951171875,0,503,255,0,0,0,0,256,199,56,0,0,7d2f41bf22f56916,search_cost_runs.csv
ScaP,host,0,blocked_panel_local,64,uniform,512,20260825,60bfb88c7b74a4d4,2,1.00999999,6,completed,52.607436,52.6063346863,sampled_fp64_32x32,0.0160353831525,15.0234375,0.99951171875,0,503,255,0,0,0,0,256,199,56,0,0,7d2f41bf22f56916,search_cost_runs.csv
ScaP,fused_device,0,blocked_panel_local,64,uniform,512,20260825,60bfb88c7b74a4d4,0,1.00999999,6,completed,11.880979,11.8804483414,sampled_fp64_32x32,0.0160353831525,15.0234375,0.99951171875,0,503,255,0,0,0,0,256,199,56,0,0,7d2f41bf22f56916,search_cost_runs.csv
ScaP,fused_device,0,blocked_panel_local,64,uniform,512,20260825,60bfb88c7b74a4d4,1,1.00999999,6,completed,11.870424,11.8712320328,sampled_fp64_32x32,0.0160353831525,15.0234375,0.99951171875,0,503,255,0,0,0,0,256,199,56,0,0,7d2f41bf22f56916,search_cost_runs.csv
ScaP,fused_device,0,blocked_panel_local,64,uniform,512,20260825,60bfb88c7b74a4d4,2,1.00999999,6,completed,11.864316,11.8650884628,sampled_fp64_32x32,0.0160353831525,15.0234375,0.99951171875,0,503,255,0,0,0,0,256,199,56,0,0,7d2f41bf22f56916,search_cost_runs.csv
RP,host,0,blocked_panel_local,64,uniform,512,20260825,60bfb88c7b74a4d4,0,1.00999999,6,completed,51.018668,51.0179824829,sampled_fp64_32x32,0.0186819610913,13.125,1,0,506,193,0,0,0,0,0,0,0,720,0,f6a61c9d5f84874f,search_cost_runs.csv
RP,host,0,blocked_panel_local,64,uniform,512,20260825,60bfb88c7b74a4d4,1,1.00999999,6,completed,51.282142,51.2820472717,sampled_fp64_32x32,0.0186819610913,13.125,1,0,506,193,0,0,0,0,0,0,0,720,0,f6a61c9d5f84874f,search_cost_runs.csv
RP,host,0,blocked_panel_local,64,uniform,512,20260825,60bfb88c7b74a4d4,2,1.00999999,6,completed,50.850529,50.8501434326,sampled_fp64_32x32,0.0186819610913,13.125,1,0,506,193,0,0,0,0,0,0,0,720,0,f6a61c9d5f84874f,search_cost_runs.csv
RP,fused_device,0,blocked_panel_local,64,uniform,512,20260825,60bfb88c7b74a4d4,0,1.00999999,6,completed,12.412967,12.4139204025,sampled_fp64_32x32,0.0186819610913,13.125,1,0,506,193,0,0,0,0,0,0,0,720,0,f6a61c9d5f84874f,search_cost_runs.csv
RP,fused_device,0,blocked_panel_local,64,uniform,512,20260825,60bfb88c7b74a4d4,1,1.00999999,6,completed,12.418829,12.4190721512,sampled_fp64_32x32,0.0186819610913,13.125,1,0,506,193,0,0,0,0,0,0,0,720,0,f6a61c9d5f84874f,search_cost_runs.csv
RP,fused_device,0,blocked_panel_local,64,uniform,512,20260825,60bfb88c7b74a4d4,2,1.00999999,6,completed,12.393414,12.3924484253,sampled_fp64_32x32,0.0186819610913,13.125,1,0,506,193,0,0,0,0,0,0,0,720,0,f6a61c9d5f84874f,search_cost_runs.csv
CP,host,0,blocked_panel_local,64,uniform,512,20260825,60bfb88c7b74a4d4,0,1.00999999,6,completed,228.823864,228.82421875,sampled_fp64_32x32,0.0213720947504,14.875,0.998046875,0,505,480,0,0,0,0,0,0,0,0,0,e4ff16181dd93cb8,search_cost_runs.csv
CP,host,0,blocked_panel_local,64,uniform,512,20260825,60bfb88c7b74a4d4,1,1.00999999,6,completed,233.990452,233.991363525,sampled_fp64_32x32,0.0213720947504,14.875,0.998046875,0,505,480,0,0,0,0,0,0,0,0,0,e4ff16181dd93cb8,search_cost_runs.csv
CP,host,0,blocked_panel_local,64,uniform,512,20260825,60bfb88c7b74a4d4,2,1.00999999,6,completed,218.321951,218.319076538,sampled_fp64_32x32,0.0213720947504,14.875,0.998046875,0,505,480,0,0,0,0,0,0,0,0,0,e4ff16181dd93cb8,search_cost_runs.csv
CP,fused_device,0,blocked_panel_local,64,uniform,512,20260825,60bfb88c7b74a4d4,0,1.00999999,6,completed,11.956679,11.9572477341,sampled_fp64_32x32,0.0213720947504,14.875,0.998046875,0,505,480,0,0,0,0,0,0,0,0,0,e4ff16181dd93cb8,search_cost_runs.csv
CP,fused_device,0,blocked_panel_local,64,uniform,512,20260825,60bfb88c7b74a4d4,1,1.00999999,6,completed,11.974702,11.9736318588,sampled_fp64_32x32,0.0213720947504,14.875,0.998046875,0,505,480,0,0,0,0,0,0,0,0,0,e4ff16181dd93cb8,search_cost_runs.csv
CP,fused_device,0,blocked_panel_local,64,uniform,512,20260825,60bfb88c7b74a4d4,2,1.00999999,6,completed,11.964556,11.9634237289,sampled_fp64_32x32,0.0213720947504,14.875,0.998046875,0,505,480,0,0,0,0,0,0,0,0,0,e4ff16181dd93cb8,search_cost_runs.csv
ScPP,host,0,blocked_panel_local,64,uniform,512,20260825,60bfb88c7b74a4d4,0,1.00999999,6,completed,41.911974,41.9114570618,sampled_fp64_32x32,0.0172052455812,15.2578125,1.001953125,0,508,0,0,0,0,0,0,0,0,0,0,bb963897ce6599f3,search_cost_runs.csv
ScPP,host,0,blocked_panel_local,64,uniform,512,20260825,60bfb88c7b74a4d4,1,1.00999999,6,completed,42.470319,42.4701766968,sampled_fp64_32x32,0.0172052455812,15.2578125,1.001953125,0,508,0,0,0,0,0,0,0,0,0,0,bb963897ce6599f3,search_cost_runs.csv
ScPP,host,0,blocked_panel_local,64,uniform,512,20260825,60bfb88c7b74a4d4,2,1.00999999,6,completed,41.922654,41.9254074097,sampled_fp64_32x32,0.0172052455812,15.2578125,1.001953125,0,508,0,0,0,0,0,0,0,0,0,0,bb963897ce6599f3,search_cost_runs.csv
ScPP,fused_device,0,blocked_panel_local,64,uniform,512,20260825,60bfb88c7b74a4d4,0,1.00999999,6,completed,12.332437,12.3330564499,sampled_fp64_32x32,0.0172052455812,15.2578125,1.001953125,0,508,0,0,0,0,0,0,0,0,0,0,bb963897ce6599f3,search_cost_runs.csv
ScPP,fused_device,0,blocked_panel_local,64,uniform,512,20260825,60bfb88c7b74a4d4,1,1.00999999,6,completed,12.345707,12.3453435898,sampled_fp64_32x32,0.0172052455812,15.2578125,1.001953125,0,508,0,0,0,0,0,0,0,0,0,0,bb963897ce6599f3,search_cost_runs.csv
ScPP,fused_device,0,blocked_panel_local,64,uniform,512,20260825,60bfb88c7b74a4d4,2,1.00999999,6,completed,12.319114,12.3197441101,sampled_fp64_32x32,0.0172052455812,15.2578125,1.001953125,0,508,0,0,0,0,0,0,0,0,0,0,bb963897ce6599f3,search_cost_runs.csv
PP,host,0,blocked_panel_local,64,uniform,1024,20260823,a4e772f4de51428c,0,1.00999999,6,completed,88.509465,88.5088653564,sampled_fp64_32x32,0.0302828024724,24.78125,1,0,1019,0,0,0,0,0,0,0,0,0,0,9ede215b6910d515,search_cost_runs.csv
PP,host,0,blocked_panel_local,64,uniform,1024,20260823,a4e772f4de51428c,1,1.00999999,6,completed,88.414891,88.4147872925,sampled_fp64_32x32,0.0302828024724,24.78125,1,0,1019,0,0,0,0,0,0,0,0,0,0,9ede215b6910d515,search_cost_runs.csv
PP,host,0,blocked_panel_local,64,uniform,1024,20260823,a4e772f4de51428c,2,1.00999999,6,completed,88.383126,88.3824615479,sampled_fp64_32x32,0.0302828024724,24.78125,1,0,1019,0,0,0,0,0,0,0,0,0,0,9ede215b6910d515,search_cost_runs.csv
PP,fused_device,0,blocked_panel_local,64,uniform,1024,20260823,a4e772f4de51428c,0,1.00999999,6,completed,28.268907,28.2695674896,sampled_fp64_32x32,0.0302828024724,24.78125,1,0,1019,0,0,0,0,0,0,0,0,0,0,9ede215b6910d515,search_cost_runs.csv
PP,fused_device,0,blocked_panel_local,64,uniform,1024,20260823,a4e772f4de51428c,1,1.00999999,6,completed,28.287249,28.2869758606,sampled_fp64_32x32,0.0302828024724,24.78125,1,0,1019,0,0,0,0,0,0,0,0,0,0,9ede215b6910d515,search_cost_runs.csv
PP,fused_device,0,blocked_panel_local,64,uniform,1024,20260823,a4e772f4de51428c,2,1.00999999,6,completed,27.01111,27.0110397339,sampled_fp64_32x32,0.0302828024724,24.78125,1,0,1019,0,0,0,0,0,0,0,0,0,0,9ede215b6910d515,search_cost_runs.csv
DP,host,0,blocked_panel_local,64,uniform,1024,20260823,a4e772f4de51428c,0,1.00999999,6,completed,88.477998,88.4775695801,sampled_fp64_32x32,0.0370619027526,24.8125,0.99951171875,0,1019,86,86,2,0,0,0,0,0,0,0,305999625b9f8730,search_cost_runs.csv
DP,host,0,blocked_panel_local,64,uniform,1024,20260823,a4e772f4de51428c,1,1.00999999,6,completed,88.598241,88.5983963013,sampled_fp64_32x32,0.0370619027526,24.8125,0.99951171875,0,1019,86,86,2,0,0,0,0,0,0,0,305999625b9f8730,search_cost_runs.csv
DP,host,0,blocked_panel_local,64,uniform,1024,20260823,a4e772f4de51428c,2,1.00999999,6,completed,88.733661,88.7333755493,sampled_fp64_32x32,0.0370619027526,24.8125,0.99951171875,0,1019,86,86,2,0,0,0,0,0,0,0,305999625b9f8730,search_cost_runs.csv
DP,fused_device,0,blocked_panel_local,64,uniform,1024,20260823,a4e772f4de51428c,0,1.00999999,6,completed,27.886793,27.8865604401,sampled_fp64_32x32,0.0370619027526,24.8125,0.99951171875,0,1019,86,86,2,0,0,0,0,0,0,0,305999625b9f8730,search_cost_runs.csv
DP,fused_device,0,blocked_panel_local,64,uniform,1024,20260823,a4e772f4de51428c,1,1.00999999,6,completed,27.919872,27.9203834534,sampled_fp64_32x32,0.0370619027526,24.8125,0.99951171875,0,1019,86,86,2,0,0,0,0,0,0,0,305999625b9f8730,search_cost_runs.csv
DP,fused_device,0,blocked_panel_local,64,uniform,1024,20260823,a4e772f4de51428c,2,1.00999999,6,completed,27.924567,27.9244804382,sampled_fp64_32x32,0.0370619027526,24.8125,0.99951171875,0,1019,86,86,2,0,0,0,0,0,0,0,305999625b9f8730,search_cost_runs.csv
GP,host,0,blocked_panel_local,64,uniform,1024,20260823,a4e772f4de51428c,0,1.00999999,6,completed,89.134538,89.1339874268,sampled_fp64_32x32,0.0380347726633,24.984375,1.009765625,0,1017,0,0,0,97,48,0,0,0,0,0,ea444668731ff705,search_cost_runs.csv
GP,host,0,blocked_panel_local,64,uniform,1024,20260823,a4e772f4de51428c,1,1.00999999,6,completed,89.173999,89.1739501953,sampled_fp64_32x32,0.0380347726633,24.984375,1.009765625,0,1017,0,0,0,97,48,0,0,0,0,0,ea444668731ff705,search_cost_runs.csv
GP,host,0,blocked_panel_local,64,uniform,1024,20260823,a4e772f4de51428c,2,1.00999999,6,completed,88.782196,88.7820129395,sampled_fp64_32x32,0.0380347726633,24.984375,1.009765625,0,1017,0,0,0,97,48,0,0,0,0,0,ea444668731ff705,search_cost_runs.csv
GP,fused_device,0,blocked_panel_local,64,uniform,1024,20260823,a4e772f4de51428c,0,1.00999999,6,completed,27.503103,27.503616333,sampled_fp64_32x32,0.0380347726633,24.984375,1.009765625,0,1017,0,0,0,97,48,0,0,0,0,0,ea444668731ff705,search_cost_runs.csv
GP,fused_device,0,blocked_panel_local,64,uniform,1024,20260823,a4e772f4de51428c,1,1.00999999,6,completed,27.506816,27.5066871643,sampled_fp64_32x32,0.0380347726633,24.984375,1.009765625,0,1017,0,0,0,97,48,0,0,0,0,0,ea444668731ff705,search_cost_runs.csv
GP,fused_device,0,blocked_panel_local,64,uniform,1024,20260823,a4e772f4de51428c,2,1.00999999,6,completed,27.547889,27.5486392975,sampled_fp64_32x32,0.0380347726633,24.984375,1.009765625,0,1017,0,0,0,97,48,0,0,0,0,0,ea444668731ff705,search_cost_runs.csv
ScaP,host,0,blocked_panel_local,64,uniform,1024,20260823,a4e772f4de51428c,0,1.00999999,6,completed,109.105529,109.10534668,sampled_fp64_32x32,0.0295058686752,21.359375,1,0,1016,520,0,0,0,0,503,414,106,0,0,5edff950fd8b8114,search_cost_runs.csv
ScaP,host,0,blocked_panel_local,64,uniform,1024,20260823,a4e772f4de51428c,1,1.00999999,6,completed,109.505506,109.505149841,sampled_fp64_32x32,0.0295058686752,21.359375,1,0,1016,520,0,0,0,0,503,414,106,0,0,5edff950fd8b8114,search_cost_runs.csv
ScaP,host,0,blocked_panel_local,64,uniform,1024,20260823,a4e772f4de51428c,2,1.00999999,6,completed,109.383227,109.384414673,sampled_fp64_32x32,0.0295058686752,21.359375,1,0,1016,520,0,0,0,0,503,414,106,0,0,5edff950fd8b8114,search_cost_runs.csv
ScaP,fused_device,0,blocked_panel_local,64,uniform,1024,20260823,a4e772f4de51428c,0,1.00999999,6,completed,26.114277,26.1150722504,sampled_fp64_32x32,0.0295058686752,21.359375,1,0,1016,520,0,0,0,0,503,414,106,0,0,5edff950fd8b8114,search_cost_runs.csv
ScaP,fused_device,0,blocked_panel_local,64,uniform,1024,20260823,a4e772f4de51428c,1,1.00999999,6,completed,26.151986,26.1529598236,sampled_fp64_32x32,0.0295058686752,21.359375,1,0,1016,520,0,0,0,0,503,414,106,0,0,5edff950fd8b8114,search_cost_runs.csv
ScaP,fused_device,0,blocked_panel_local,64,uniform,1024,20260823,a4e772f4de51428c,2,1.00999999,6,completed,26.116086,26.1160964966,sampled_fp64_32x32,0.0295058686752,21.359375,1,0,1016,520,0,0,0,0,503,414,106,0,0,5edff950fd8b8114,search_cost_runs.csv
RP,host,0,blocked_panel_local,64,uniform,1024,20260823,a4e772f4de51428c,0,1.00999999,6,completed,104.237185,104.237251282,sampled_fp64_32x32,0.033594739507,25.1875,1,0,1014,346,0,0,0,0,0,0,0,1405,0,22ef37c4327dfeca,search_cost_runs.csv
RP,host,0,blocked_panel_local,64,uniform,1024,20260823,a4e772f4de51428c,1,1.00999999,6,completed,104.23455,104.234718323,sampled_fp64_32x32,0.033594739507,25.1875,1,0,1014,346,0,0,0,0,0,0,0,1405,0,22ef37c4327dfeca,search_cost_runs.csv
RP,host,0,blocked_panel_local,64,uniform,1024,20260823,a4e772f4de51428c,2,1.00999999,6,completed,104.221279,104.22102356,sampled_fp64_32x32,0.033594739507,25.1875,1,0,1014,346,0,0,0,0,0,0,0,1405,0,22ef37c4327dfeca,search_cost_runs.csv
RP,fused_device,0,blocked_panel_local,64,uniform,1024,20260823,a4e772f4de51428c,0,1.00999999,6,completed,28.05151,28.0515193939,sampled_fp64_32x32,0.033594739507,25.1875,1,0,1014,346,0,0,0,0,0,0,0,1405,0,22ef37c4327dfeca,search_cost_runs.csv
RP,fused_device,0,blocked_panel_local,64,uniform,1024,20260823,a4e772f4de51428c,1,1.00999999,6,completed,28.077243,28.0770568848,sampled_fp64_32x32,0.033594739507,25.1875,1,0,1014,346,0,0,0,0,0,0,0,1405,0,22ef37c4327dfeca,search_cost_runs.csv
RP,fused_device,0,blocked_panel_local,64,uniform,1024,20260823,a4e772f4de51428c,2,1.00999999,6,completed,28.110455,28.1098232269,sampled_fp64_32x32,0.033594739507,25.1875,1,0,1014,346,0,0,0,0,0,0,0,1405,0,22ef37c4327dfeca,search_cost_runs.csv
CP,host,0,blocked_panel_local,64,uniform,1024,20260823,a4e772f4de51428c,0,1.00999999,6,completed,1029.778796,1029.78088379,sampled_fp64_32x32,0.0284291931603,18.453125,1,0,1015,950,0,0,0,0,0,0,0,0,0,b3343f19f3d52ffc,search_cost_runs.csv
CP,host,0,blocked_panel_local,64,uniform,1024,20260823,a4e772f4de51428c,1,1.00999999,6,completed,1410.478579,1410.48461914,sampled_fp64_32x32,0.0284291931603,18.453125,1,0,1015,950,0,0,0,0,0,0,0,0,0,b3343f19f3d52ffc,search_cost_runs.csv
CP,host,0,blocked_panel_local,64,uniform,1024,20260823,a4e772f4de51428c,2,1.00999999,6,completed,1285.372836,1285.37731934,sampled_fp64_32x32,0.0284291931603,18.453125,1,0,1015,950,0,0,0,0,0,0,0,0,0,b3343f19f3d52ffc,search_cost_runs.csv
CP,fused_device,0,blocked_panel_local,64,uniform,1024,20260823,a4e772f4de51428c,0,1.00999999,6,completed,26.648346,26.6485767365,sampled_fp64_32x32,0.0284291931603,18.453125,1,0,1015,950,0,0,0,0,0,0,0,0,0,b3343f19f3d52ffc,search_cost_runs.csv
CP,fused_device,0,blocked_panel_local,64,uniform,1024,20260823,a4e772f4de51428c,1,1.00999999,6,completed,26.68551,26.6854400635,sampled_fp64_32x32,0.0284291931603,18.453125,1,0,1015,950,0,0,0,0,0,0,0,0,0,b3343f19f3d52ffc,search_cost_runs.csv
CP,fused_device,0,blocked_panel_local,64,uniform,1024,20260823,a4e772f4de51428c,2,1.00999999,6,completed,26.706767,26.706943512,sampled_fp64_32x32,0.0284291931603,18.453125,1,0,1015,950,0,0,0,0,0,0,0,0,0,b3343f19f3d52ffc,search_cost_runs.csv
ScPP,host,0,blocked_panel_local,64,uniform,1024,20260823,a4e772f4de51428c,0,1.00999999,6,completed,87.375464,87.3759002686,sampled_fp64_32x32,0.0308579651028,27.640625,1.001953125,0,1018,0,0,0,0,0,0,0,0,0,0,8d276d1cf54ee96a,search_cost_runs.csv
ScPP,host,0,blocked_panel_local,64,uniform,1024,20260823,a4e772f4de51428c,1,1.00999999,6,completed,87.008891,87.0091552734,sampled_fp64_32x32,0.0308579651028,27.640625,1.001953125,0,1018,0,0,0,0,0,0,0,0,0,0,8d276d1cf54ee96a,search_cost_runs.csv
ScPP,host,0,blocked_panel_local,64,uniform,1024,20260823,a4e772f4de51428c,2,1.00999999,6,completed,86.844765,86.8452835083,sampled_fp64_32x32,0.0308579651028,27.640625,1.001953125,0,1018,0,0,0,0,0,0,0,0,0,0,8d276d1cf54ee96a,search_cost_runs.csv
ScPP,fused_device,0,blocked_panel_local,64,uniform,1024,20260823,a4e772f4de51428c,0,1.00999999,6,completed,27.478447,27.4780158997,sampled_fp64_32x32,0.0308579651028,27.640625,1.001953125,0,1018,0,0,0,0,0,0,0,0,0,0,8d276d1cf54ee96a,search_cost_runs.csv
ScPP,fused_device,0,blocked_panel_local,64,uniform,1024,20260823,a4e772f4de51428c,1,1.00999999,6,completed,27.527791,27.5281925201,sampled_fp64_32x32,0.0308579651028,27.640625,1.001953125,0,1018,0,0,0,0,0,0,0,0,0,0,8d276d1cf54ee96a,search_cost_runs.csv
ScPP,fused_device,0,blocked_panel_local,64,uniform,1024,20260823,a4e772f4de51428c,2,1.00999999,6,completed,27.499312,27.4995193481,sampled_fp64_32x32,0.0308579651028,27.640625,1.001953125,0,1018,0,0,0,0,0,0,0,0,0,0,8d276d1cf54ee96a,search_cost_runs.csv
PP,host,0,blocked_panel_local,64,uniform,1024,20260824,e764297a18909810,0,1.00999999,6,completed,86.773005,86.7728347778,sampled_fp64_32x32,0.036511148588,24.15625,1,0,1012,0,0,0,0,0,0,0,0,0,0,0eb3d79fc279cfc7,search_cost_runs.csv
PP,host,0,blocked_panel_local,64,uniform,1024,20260824,e764297a18909810,1,1.00999999,6,completed,86.548454,86.5477142334,sampled_fp64_32x32,0.036511148588,24.15625,1,0,1012,0,0,0,0,0,0,0,0,0,0,0eb3d79fc279cfc7,search_cost_runs.csv
PP,host,0,blocked_panel_local,64,uniform,1024,20260824,e764297a18909810,2,1.00999999,6,completed,86.595178,86.5946578979,sampled_fp64_32x32,0.036511148588,24.15625,1,0,1012,0,0,0,0,0,0,0,0,0,0,0eb3d79fc279cfc7,search_cost_runs.csv
PP,fused_device,0,blocked_panel_local,64,uniform,1024,20260824,e764297a18909810,0,1.00999999,6,completed,25.122277,25.1217918396,sampled_fp64_32x32,0.036511148588,24.15625,1,0,1012,0,0,0,0,0,0,0,0,0,0,0eb3d79fc279cfc7,search_cost_runs.csv
PP,fused_device,0,blocked_panel_local,64,uniform,1024,20260824,e764297a18909810,1,1.00999999,6,completed,25.105961,25.1064319611,sampled_fp64_32x32,0.036511148588,24.15625,1,0,1012,0,0,0,0,0,0,0,0,0,0,0eb3d79fc279cfc7,search_cost_runs.csv
PP,fused_device,0,blocked_panel_local,64,uniform,1024,20260824,e764297a18909810,2,1.00999999,6,completed,25.125235,25.1258888245,sampled_fp64_32x32,0.036511148588,24.15625,1,0,1012,0,0,0,0,0,0,0,0,0,0,0eb3d79fc279cfc7,search_cost_runs.csv
DP,host,0,blocked_panel_local,64,uniform,1024,20260824,e764297a18909810,0,1.00999999,6,completed,89.530895,89.5304336548,sampled_fp64_32x32,0.0315883230069,22.59375,1,0,1021,88,88,2,0,0,0,0,0,0,0,bf5eae9e60692875,search_cost_runs.csv
DP,host,0,blocked_panel_local,64,uniform,1024,20260824,e764297a18909810,1,1.00999999,6,completed,88.515514,88.5151367188,sampled_fp64_32x32,0.0315883230069,22.59375,1,0,1021,88,88,2,0,0,0,0,0,0,0,bf5eae9e60692875,search_cost_runs.csv
DP,host,0,blocked_panel_local,64,uniform,1024,20260824,e764297a18909810,2,1.00999999,6,completed,88.180242,88.1796188354,sampled_fp64_32x32,0.0315883230069,22.59375,1,0,1021,88,88,2,0,0,0,0,0,0,0,bf5eae9e60692875,search_cost_runs.csv
DP,fused_device,0,blocked_panel_local,64,uniform,1024,20260824,e764297a18909810,0,1.00999999,6,completed,27.292173,27.2926712036,sampled_fp64_32x32,0.0315883230069,22.59375,1,0,1021,88,88,2,0,0,0,0,0,0,0,bf5eae9e60692875,search_cost_runs.csv
DP,fused_device,0,blocked_panel_local,64,uniform,1024,20260824,e764297a18909810,1,1.00999999,6,completed,27.327746,27.3274879456,sampled_fp64_32x32,0.0315883230069,22.59375,1,0,1021,88,88,2,0,0,0,0,0,0,0,bf5eae9e60692875,search_cost_runs.csv
DP,fused_device,0,blocked_panel_local,64,uniform,1024,20260824,e764297a18909810,2,1.00999999,6,completed,27.347165,27.346944809,sampled_fp64_32x32,0.0315883230069,22.59375,1,0,1021,88,88,2,0,0,0,0,0,0,0,bf5eae9e60692875,search_cost_runs.csv
GP,host,0,blocked_panel_local,64,uniform,1024,20260824,e764297a18909810,0,1.00999999,6,completed,88.992068,88.9917449951,sampled_fp64_32x32,0.0322582288354,25.96875,1.009765625,0,1017,0,0,0,101,56,0,0,0,0,0,3a8eb4cae6cacb07,search_cost_runs.csv
GP,host,0,blocked_panel_local,64,uniform,1024,20260824,e764297a18909810,1,1.00999999,6,completed,89.045301,89.0451812744,sampled_fp64_32x32,0.0322582288354,25.96875,1.009765625,0,1017,0,0,0,101,56,0,0,0,0,0,3a8eb4cae6cacb07,search_cost_runs.csv
GP,host,0,blocked_panel_local,64,uniform,1024,20260824,e764297a18909810,2,1.00999999,6,completed,90.063863,90.0642242432,sampled_fp64_32x32,0.0322582288354,25.96875,1.009765625,0,1017,0,0,0,101,56,0,0,0,0,0,3a8eb4cae6cacb07,search_cost_runs.csv
GP,fused_device,0,blocked_panel_local,64,uniform,1024,20260824,e764297a18909810,0,1.00999999,6,completed,27.496353,27.5025920868,sampled_fp64_32x32,0.0322582288354,25.96875,1.009765625,0,1017,0,0,0,101,56,0,0,0,0,0,3a8eb4cae6cacb07,search_cost_runs.csv
GP,fused_device,0,blocked_panel_local,64,uniform,1024,20260824,e764297a18909810,1,1.00999999,6,completed,27.518057,27.5169277191,sampled_fp64_32x32,0.0322582288354,25.96875,1.009765625,0,1017,0,0,0,101,56,0,0,0,0,0,3a8eb4cae6cacb07,search_cost_runs.csv
GP,fused_device,0,blocked_panel_local,64,uniform,1024,20260824,e764297a18909810,2,1.00999999,6,completed,27.506811,27.5066871643,sampled_fp64_32x32,0.0322582288354,25.96875,1.009765625,0,1017,0,0,0,101,56,0,0,0,0,0,3a8eb4cae6cacb07,search_cost_runs.csv
ScaP,host,0,blocked_panel_local,64,uniform,1024,20260824,e764297a18909810,0,1.00999999,6,completed,110.229022,110.229309082,sampled_fp64_32x32,0.0370701509528,20.21875,1,0,1020,538,0,0,0,0,485,422,116,0,0,9b5abe70eaf4da5b,search_cost_runs.csv
ScaP,host,0,blocked_panel_local,64,uniform,1024,20260824,e764297a18909810,1,1.00999999,6,completed,110.235962,110.236099243,sampled_fp64_32x32,0.0370701509528,20.21875,1,0,1020,538,0,0,0,0,485,422,116,0,0,9b5abe70eaf4da5b,search_cost_runs.csv
ScaP,host,0,blocked_panel_local,64,uniform,1024,20260824,e764297a18909810,2,1.00999999,6,completed,110.439949,110.440284729,sampled_fp64_32x32,0.0370701509528,20.21875,1,0,1020,538,0,0,0,0,485,422,116,0,0,9b5abe70eaf4da5b,search_cost_runs.csv
ScaP,fused_device,0,blocked_panel_local,64,uniform,1024,20260824,e764297a18909810,0,1.00999999,6,completed,25.934808,25.9348487854,sampled_fp64_32x32,0.0370701509528,20.21875,1,0,1020,538,0,0,0,0,485,422,116,0,0,9b5abe70eaf4da5b,search_cost_runs.csv
ScaP,fused_device,0,blocked_panel_local,64,uniform,1024,20260824,e764297a18909810,1,1.00999999,6,completed,25.945246,25.9450874329,sampled_fp64_32x32,0.0370701509528,20.21875,1,0,1020,538,0,0,0,0,485,422,116,0,0,9b5abe70eaf4da5b,search_cost_runs.csv
ScaP,fused_device,0,blocked_panel_local,64,uniform,1024,20260824,e764297a18909810,2,1.00999999,6,completed,25.973593,25.9747848511,sampled_fp64_32x32,0.0370701509528,20.21875,1,0,1020,538,0,0,0,0,485,422,116,0,0,9b5abe70eaf4da5b,search_cost_runs.csv
RP,host,0,blocked_panel_local,64,uniform,1024,20260824,e764297a18909810,0,1.00999999,6,completed,103.620851,103.620643616,sampled_fp64_32x32,0.0300423879817,26.21875,1,0,1017,340,0,0,0,0,0,0,0,1409,0,9cd27e44e875d5f4,search_cost_runs.csv
RP,host,0,blocked_panel_local,64,uniform,1024,20260824,e764297a18909810,1,1.00999999,6,completed,103.175544,103.175132751,sampled_fp64_32x32,0.0300423879817,26.21875,1,0,1017,340,0,0,0,0,0,0,0,1409,0,9cd27e44e875d5f4,search_cost_runs.csv
RP,host,0,blocked_panel_local,64,uniform,1024,20260824,e764297a18909810,2,1.00999999,6,completed,102.936502,102.936737061,sampled_fp64_32x32,0.0300423879817,26.21875,1,0,1017,340,0,0,0,0,0,0,0,1409,0,9cd27e44e875d5f4,search_cost_runs.csv
RP,fused_device,0,blocked_panel_local,64,uniform,1024,20260824,e764297a18909810,0,1.00999999,6,completed,27.760161,27.7606391907,sampled_fp64_32x32,0.0300423879817,26.21875,1,0,1017,340,0,0,0,0,0,0,0,1409,0,9cd27e44e875d5f4,search_cost_runs.csv
RP,fused_device,0,blocked_panel_local,64,uniform,1024,20260824,e764297a18909810,1,1.00999999,6,completed,27.806436,27.8067207336,sampled_fp64_32x32,0.0300423879817,26.21875,1,0,1017,340,0,0,0,0,0,0,0,1409,0,9cd27e44e875d5f4,search_cost_runs.csv
RP,fused_device,0,blocked_panel_local,64,uniform,1024,20260824,e764297a18909810,2,1.00999999,6,completed,27.751158,27.7514247894,sampled_fp64_32x32,0.0300423879817,26.21875,1,0,1017,340,0,0,0,0,0,0,0,1409,0,9cd27e44e875d5f4,search_cost_runs.csv
CP,host,0,blocked_panel_local,64,uniform,1024,20260824,e764297a18909810,0,1.00999999,6,completed,1037.924822,1037.92749023,sampled_fp64_32x32,0.0244162762974,17.796875,1,0,1013,962,0,0,0,0,0,0,0,0,0,0f8e2867b89011c7,search_cost_runs.csv
CP,host,0,blocked_panel_local,64,uniform,1024,20260824,e764297a18909810,1,1.00999999,6,completed,901.932222,901.93536377,sampled_fp64_32x32,0.0244162762974,17.796875,1,0,1013,962,0,0,0,0,0,0,0,0,0,0f8e2867b89011c7,search_cost_runs.csv
CP,host,0,blocked_panel_local,64,uniform,1024,20260824,e764297a18909810,2,1.00999999,6,completed,935.0845,935.089050293,sampled_fp64_32x32,0.0244162762974,17.796875,1,0,1013,962,0,0,0,0,0,0,0,0,0,0f8e2867b89011c7,search_cost_runs.csv
CP,fused_device,0,blocked_panel_local,64,uniform,1024,20260824,e764297a18909810,0,1.00999999,6,completed,26.63545,26.635263443,sampled_fp64_32x32,0.0244162762974,17.796875,1,0,1013,962,0,0,0,0,0,0,0,0,0,0f8e2867b89011c7,search_cost_runs.csv
CP,fused_device,0,blocked_panel_local,64,uniform,1024,20260824,e764297a18909810,1,1.00999999,6,completed,26.637319,26.6383361816,sampled_fp64_32x32,0.0244162762974,17.796875,1,0,1013,962,0,0,0,0,0,0,0,0,0,0f8e2867b89011c7,search_cost_runs.csv
CP,fused_device,0,blocked_panel_local,64,uniform,1024,20260824,e764297a18909810,2,1.00999999,6,completed,26.658964,26.6588153839,sampled_fp64_32x32,0.0244162762974,17.796875,1,0,1013,962,0,0,0,0,0,0,0,0,0,0f8e2867b89011c7,search_cost_runs.csv
ScPP,host,0,blocked_panel_local,64,uniform,1024,20260824,e764297a18909810,0,1.00999999,6,completed,86.337945,86.3362579346,sampled_fp64_32x32,0.0266741655068,24.15625,1.0009765625,0,1014,0,0,0,0,0,0,0,0,0,0,fad685d9c07ad9f9,search_cost_runs.csv
ScPP,host,0,blocked_panel_local,64,uniform,1024,20260824,e764297a18909810,1,1.00999999,6,completed,86.169966,86.1697311401,sampled_fp64_32x32,0.0266741655068,24.15625,1.0009765625,0,1014,0,0,0,0,0,0,0,0,0,0,fad685d9c07ad9f9,search_cost_runs.csv
ScPP,host,0,blocked_panel_local,64,uniform,1024,20260824,e764297a18909810,2,1.00999999,6,completed,86.626135,86.6260147095,sampled_fp64_32x32,0.0266741655068,24.15625,1.0009765625,0,1014,0,0,0,0,0,0,0,0,0,0,fad685d9c07ad9f9,search_cost_runs.csv
ScPP,fused_device,0,blocked_panel_local,64,uniform,1024,20260824,e764297a18909810,0,1.00999999,6,completed,27.387284,27.3879032135,sampled_fp64_32x32,0.0266741655068,24.15625,1.0009765625,0,1014,0,0,0,0,0,0,0,0,0,0,fad685d9c07ad9f9,search_cost_runs.csv
ScPP,fused_device,0,blocked_panel_local,64,uniform,1024,20260824,e764297a18909810,1,1.00999999,6,completed,27.395135,27.395072937,sampled_fp64_32x32,0.0266741655068,24.15625,1.0009765625,0,1014,0,0,0,0,0,0,0,0,0,0,fad685d9c07ad9f9,search_cost_runs.csv
ScPP,fused_device,0,blocked_panel_local,64,uniform,1024,20260824,e764297a18909810,2,1.00999999,6,completed,27.417937,27.4176006317,sampled_fp64_32x32,0.0266741655068,24.15625,1.0009765625,0,1014,0,0,0,0,0,0,0,0,0,0,fad685d9c07ad9f9,search_cost_runs.csv
PP,host,0,blocked_panel_local,64,uniform,1024,20260825,d11d32bf5161279e,0,1.00999999,6,completed,86.21578,86.2153625488,sampled_fp64_32x32,0.0370027269087,42.21875,1,0,1021,0,0,0,0,0,0,0,0,0,0,b3b0ffd6537cc8b4,search_cost_runs.csv
PP,host,0,blocked_panel_local,64,uniform,1024,20260825,d11d32bf5161279e,1,1.00999999,6,completed,86.052989,86.0521316528,sampled_fp64_32x32,0.0370027269087,42.21875,1,0,1021,0,0,0,0,0,0,0,0,0,0,b3b0ffd6537cc8b4,search_cost_runs.csv
PP,host,0,blocked_panel_local,64,uniform,1024,20260825,d11d32bf5161279e,2,1.00999999,6,completed,85.719261,85.71849823,sampled_fp64_32x32,0.0370027269087,42.21875,1,0,1021,0,0,0,0,0,0,0,0,0,0,b3b0ffd6537cc8b4,search_cost_runs.csv
PP,fused_device,0,blocked_panel_local,64,uniform,1024,20260825,d11d32bf5161279e,0,1.00999999,6,completed,25.024056,25.0234870911,sampled_fp64_32x32,0.0370027269087,42.21875,1,0,1021,0,0,0,0,0,0,0,0,0,0,b3b0ffd6537cc8b4,search_cost_runs.csv
PP,fused_device,0,blocked_panel_local,64,uniform,1024,20260825,d11d32bf5161279e,1,1.00999999,6,completed,25.020691,25.021440506,sampled_fp64_32x32,0.0370027269087,42.21875,1,0,1021,0,0,0,0,0,0,0,0,0,0,b3b0ffd6537cc8b4,search_cost_runs.csv
PP,fused_device,0,blocked_panel_local,64,uniform,1024,20260825,d11d32bf5161279e,2,1.00999999,6,completed,25.027181,25.0275840759,sampled_fp64_32x32,0.0370027269087,42.21875,1,0,1021,0,0,0,0,0,0,0,0,0,0,b3b0ffd6537cc8b4,search_cost_runs.csv
DP,host,0,blocked_panel_local,64,uniform,1024,20260825,d11d32bf5161279e,0,1.00999999,6,completed,88.960149,88.9603500366,sampled_fp64_32x32,0.0322855541017,28.328125,0.99755859375,0,1013,93,93,2,0,0,0,0,0,0,0,62b1e3d4a6a89b40,search_cost_runs.csv
DP,host,0,blocked_panel_local,64,uniform,1024,20260825,d11d32bf5161279e,1,1.00999999,6,completed,89.129719,89.1297912598,sampled_fp64_32x32,0.0322855541017,28.328125,0.99755859375,0,1013,93,93,2,0,0,0,0,0,0,0,62b1e3d4a6a89b40,search_cost_runs.csv
DP,host,0,blocked_panel_local,64,uniform,1024,20260825,d11d32bf5161279e,2,1.00999999,6,completed,89.034115,89.0339813232,sampled_fp64_32x32,0.0322855541017,28.328125,0.99755859375,0,1013,93,93,2,0,0,0,0,0,0,0,62b1e3d4a6a89b40,search_cost_runs.csv
DP,fused_device,0,blocked_panel_local,64,uniform,1024,20260825,d11d32bf5161279e,0,1.00999999,6,completed,27.287976,27.2885761261,sampled_fp64_32x32,0.0322855541017,28.328125,0.99755859375,0,1013,93,93,2,0,0,0,0,0,0,0,62b1e3d4a6a89b40,search_cost_runs.csv
DP,fused_device,0,blocked_panel_local,64,uniform,1024,20260825,d11d32bf5161279e,1,1.00999999,6,completed,27.336913,27.3367366791,sampled_fp64_32x32,0.0322855541017,28.328125,0.99755859375,0,1013,93,93,2,0,0,0,0,0,0,0,62b1e3d4a6a89b40,search_cost_runs.csv
DP,fused_device,0,blocked_panel_local,64,uniform,1024,20260825,d11d32bf5161279e,2,1.00999999,6,completed,27.422642,27.4227199554,sampled_fp64_32x32,0.0322855541017,28.328125,0.99755859375,0,1013,93,93,2,0,0,0,0,0,0,0,62b1e3d4a6a89b40,search_cost_runs.csv
GP,host,0,blocked_panel_local,64,uniform,1024,20260825,d11d32bf5161279e,0,1.00999999,6,completed,88.632061,88.6322555542,sampled_fp64_32x32,0.0326073366739,32.3125,1.009765625,0,1016,0,0,0,89,47,0,0,0,0,0,4c48e586b3651af7,search_cost_runs.csv
GP,host,0,blocked_panel_local,64,uniform,1024,20260825,d11d32bf5161279e,1,1.00999999,6,completed,88.756247,88.7557754517,sampled_fp64_32x32,0.0326073366739,32.3125,1.009765625,0,1016,0,0,0,89,47,0,0,0,0,0,4c48e586b3651af7,search_cost_runs.csv
GP,host,0,blocked_panel_local,64,uniform,1024,20260825,d11d32bf5161279e,2,1.00999999,6,completed,88.388438,88.3880996704,sampled_fp64_32x32,0.0326073366739,32.3125,1.009765625,0,1016,0,0,0,89,47,0,0,0,0,0,4c48e586b3651af7,search_cost_runs.csv
GP,fused_device,0,blocked_panel_local,64,uniform,1024,20260825,d11d32bf5161279e,0,1.00999999,6,completed,27.522795,27.5230712891,sampled_fp64_32x32,0.0326073366739,32.3125,1.009765625,0,1016,0,0,0,89,47,0,0,0,0,0,4c48e586b3651af7,search_cost_runs.csv
GP,fused_device,0,blocked_panel_local,64,uniform,1024,20260825,d11d32bf5161279e,1,1.00999999,6,completed,27.480478,27.4800643921,sampled_fp64_32x32,0.0326073366739,32.3125,1.009765625,0,1016,0,0,0,89,47,0,0,0,0,0,4c48e586b3651af7,search_cost_runs.csv
GP,fused_device,0,blocked_panel_local,64,uniform,1024,20260825,d11d32bf5161279e,2,1.00999999,6,completed,27.494535,27.4944000244,sampled_fp64_32x32,0.0326073366739,32.3125,1.009765625,0,1016,0,0,0,89,47,0,0,0,0,0,4c48e586b3651af7,search_cost_runs.csv
ScaP,host,0,blocked_panel_local,64,uniform,1024,20260825,d11d32bf5161279e,0,1.00999999,6,completed,110.080198,110.079933167,sampled_fp64_32x32,0.0275251531275,20.390625,1,0,1018,523,0,0,0,0,500,400,123,0,0,43ba6a629fe8f712,search_cost_runs.csv
ScaP,host,0,blocked_panel_local,64,uniform,1024,20260825,d11d32bf5161279e,1,1.00999999,6,completed,110.066213,110.065887451,sampled_fp64_32x32,0.0275251531275,20.390625,1,0,1018,523,0,0,0,0,500,400,123,0,0,43ba6a629fe8f712,search_cost_runs.csv
ScaP,host,0,blocked_panel_local,64,uniform,1024,20260825,d11d32bf5161279e,2,1.00999999,6,completed,110.11445,110.114402771,sampled_fp64_32x32,0.0275251531275,20.390625,1,0,1018,523,0,0,0,0,500,400,123,0,0,43ba6a629fe8f712,search_cost_runs.csv
ScaP,fused_device,0,blocked_panel_local,64,uniform,1024,20260825,d11d32bf5161279e,0,1.00999999,6,completed,25.926038,25.926656723,sampled_fp64_32x32,0.0275251531275,20.390625,1,0,1018,523,0,0,0,0,500,400,123,0,0,43ba6a629fe8f712,search_cost_runs.csv
ScaP,fused_device,0,blocked_panel_local,64,uniform,1024,20260825,d11d32bf5161279e,1,1.00999999,6,completed,25.959849,25.9604473114,sampled_fp64_32x32,0.0275251531275,20.390625,1,0,1018,523,0,0,0,0,500,400,123,0,0,43ba6a629fe8f712,search_cost_runs.csv
ScaP,fused_device,0,blocked_panel_local,64,uniform,1024,20260825,d11d32bf5161279e,2,1.00999999,6,completed,25.916603,25.9174079895,sampled_fp64_32x32,0.0275251531275,20.390625,1,0,1018,523,0,0,0,0,500,400,123,0,0,43ba6a629fe8f712,search_cost_runs.csv
RP,host,0,blocked_panel_local,64,uniform,1024,20260825,d11d32bf5161279e,0,1.00999999,6,completed,104.906019,104.90662384,sampled_fp64_32x32,0.0306366292162,20.9375,1,0,1013,352,0,0,0,0,0,0,0,1419,0,c2451f2a2496b56c,search_cost_runs.csv
RP,host,0,blocked_panel_local,64,uniform,1024,20260825,d11d32bf5161279e,1,1.00999999,6,completed,104.49361,104.493438721,sampled_fp64_32x32,0.0306366292162,20.9375,1,0,1013,352,0,0,0,0,0,0,0,1419,0,c2451f2a2496b56c,search_cost_runs.csv
RP,host,0,blocked_panel_local,64,uniform,1024,20260825,d11d32bf5161279e,2,1.00999999,6,completed,104.435428,104.43510437,sampled_fp64_32x32,0.0306366292162,20.9375,1,0,1013,352,0,0,0,0,0,0,0,1419,0,c2451f2a2496b56c,search_cost_runs.csv
RP,fused_device,0,blocked_panel_local,64,uniform,1024,20260825,d11d32bf5161279e,0,1.00999999,6,completed,27.694665,27.695104599,sampled_fp64_32x32,0.0306366292162,20.9375,1,0,1013,352,0,0,0,0,0,0,0,1419,0,c2451f2a2496b56c,search_cost_runs.csv
RP,fused_device,0,blocked_panel_local,64,uniform,1024,20260825,d11d32bf5161279e,1,1.00999999,6,completed,27.704402,27.7053127289,sampled_fp64_32x32,0.0306366292162,20.9375,1,0,1013,352,0,0,0,0,0,0,0,1419,0,c2451f2a2496b56c,search_cost_runs.csv
RP,fused_device,0,blocked_panel_local,64,uniform,1024,20260825,d11d32bf5161279e,2,1.00999999,6,completed,27.701822,27.7022724152,sampled_fp64_32x32,0.0306366292162,20.9375,1,0,1013,352,0,0,0,0,0,0,0,1419,0,c2451f2a2496b56c,search_cost_runs.csv
CP,host,0,blocked_panel_local,64,uniform,1024,20260825,d11d32bf5161279e,0,1.00999999,6,completed,1076.787532,1076.79101562,sampled_fp64_32x32,0.0351557714166,17,0.99951171875,0,1012,949,0,0,0,0,0,0,0,0,0,346987c70b703317,search_cost_runs.csv
CP,host,0,blocked_panel_local,64,uniform,1024,20260825,d11d32bf5161279e,1,1.00999999,6,completed,899.572067,899.575927734,sampled_fp64_32x32,0.0351557714166,17,0.99951171875,0,1012,949,0,0,0,0,0,0,0,0,0,346987c70b703317,search_cost_runs.csv
CP,host,0,blocked_panel_local,64,uniform,1024,20260825,d11d32bf5161279e,2,1.00999999,6,completed,918.738138,918.741394043,sampled_fp64_32x32,0.0351557714166,17,0.99951171875,0,1012,949,0,0,0,0,0,0,0,0,0,346987c70b703317,search_cost_runs.csv
CP,fused_device,0,blocked_panel_local,64,uniform,1024,20260825,d11d32bf5161279e,0,1.00999999,6,completed,29.343459,29.343744278,sampled_fp64_32x32,0.0351557714166,17,0.99951171875,0,1012,949,0,0,0,0,0,0,0,0,0,346987c70b703317,search_cost_runs.csv
CP,fused_device,0,blocked_panel_local,64,uniform,1024,20260825,d11d32bf5161279e,1,1.00999999,6,completed,29.345168,29.3457603455,sampled_fp64_32x32,0.0351557714166,17,0.99951171875,0,1012,949,0,0,0,0,0,0,0,0,0,346987c70b703317,search_cost_runs.csv
CP,fused_device,0,blocked_panel_local,64,uniform,1024,20260825,d11d32bf5161279e,2,1.00999999,6,completed,29.246545,29.2464313507,sampled_fp64_32x32,0.0351557714166,17,0.99951171875,0,1012,949,0,0,0,0,0,0,0,0,0,346987c70b703317,search_cost_runs.csv
ScPP,host,0,blocked_panel_local,64,uniform,1024,20260825,d11d32bf5161279e,0,1.00999999,6,completed,86.112641,86.1119995117,sampled_fp64_32x32,0.0368556590693,28.796875,1.0009765625,0,1016,0,0,0,0,0,0,0,0,0,0,7f60b88ad7148e63,search_cost_runs.csv
ScPP,host,0,blocked_panel_local,64,uniform,1024,20260825,d11d32bf5161279e,1,1.00999999,6,completed,86.144508,86.1443862915,sampled_fp64_32x32,0.0368556590693,28.796875,1.0009765625,0,1016,0,0,0,0,0,0,0,0,0,0,7f60b88ad7148e63,search_cost_runs.csv
ScPP,host,0,blocked_panel_local,64,uniform,1024,20260825,d11d32bf5161279e,2,1.00999999,6,completed,86.035116,86.03465271,sampled_fp64_32x32,0.0368556590693,28.796875,1.0009765625,0,1016,0,0,0,0,0,0,0,0,0,0,7f60b88ad7148e63,search_cost_runs.csv
ScPP,fused_device,0,blocked_panel_local,64,uniform,1024,20260825,d11d32bf5161279e,0,1.00999999,6,completed,28.144719,28.1446399689,sampled_fp64_32x32,0.0368556590693,28.796875,1.0009765625,0,1016,0,0,0,0,0,0,0,0,0,0,7f60b88ad7148e63,search_cost_runs.csv
ScPP,fused_device,0,blocked_panel_local,64,uniform,1024,20260825,d11d32bf5161279e,1,1.00999999,6,completed,28.197476,28.1978874207,sampled_fp64_32x32,0.0368556590693,28.796875,1.0009765625,0,1016,0,0,0,0,0,0,0,0,0,0,7f60b88ad7148e63,search_cost_runs.csv
ScPP,fused_device,0,blocked_panel_local,64,uniform,1024,20260825,d11d32bf5161279e,2,1.00999999,6,completed,28.171762,28.1712646484,sampled_fp64_32x32,0.0368556590693,28.796875,1.0009765625,0,1016,0,0,0,0,0,0,0,0,0,0,7f60b88ad7148e63,search_cost_runs.csv
PP,host,0,blocked_panel_local,64,uniform,2048,20260823,ff1e8cd9799ee972,0,1.00999999,6,completed,196.363668,196.363647461,sampled_fp64_32x32,0.0799285354369,43.25,1,0,2038,0,0,0,0,0,0,0,0,0,0,cd57a88812409dfb,search_cost_runs.csv
PP,host,0,blocked_panel_local,64,uniform,2048,20260823,ff1e8cd9799ee972,1,1.00999999,6,completed,196.998569,196.999130249,sampled_fp64_32x32,0.0799285354369,43.25,1,0,2038,0,0,0,0,0,0,0,0,0,0,cd57a88812409dfb,search_cost_runs.csv
PP,host,0,blocked_panel_local,64,uniform,2048,20260823,ff1e8cd9799ee972,2,1.00999999,6,completed,197.113188,197.11315918,sampled_fp64_32x32,0.0799285354369,43.25,1,0,2038,0,0,0,0,0,0,0,0,0,0,cd57a88812409dfb,search_cost_runs.csv
PP,fused_device,0,blocked_panel_local,64,uniform,2048,20260823,ff1e8cd9799ee972,0,1.00999999,6,completed,73.073386,73.0746536255,sampled_fp64_32x32,0.0799285354369,43.25,1,0,2038,0,0,0,0,0,0,0,0,0,0,cd57a88812409dfb,search_cost_runs.csv
PP,fused_device,0,blocked_panel_local,64,uniform,2048,20260823,ff1e8cd9799ee972,1,1.00999999,6,completed,73.360123,73.3603820801,sampled_fp64_32x32,0.0799285354369,43.25,1,0,2038,0,0,0,0,0,0,0,0,0,0,cd57a88812409dfb,search_cost_runs.csv
PP,fused_device,0,blocked_panel_local,64,uniform,2048,20260823,ff1e8cd9799ee972,2,1.00999999,6,completed,73.143055,73.1432952881,sampled_fp64_32x32,0.0799285354369,43.25,1,0,2038,0,0,0,0,0,0,0,0,0,0,cd57a88812409dfb,search_cost_runs.csv
DP,host,0,blocked_panel_local,64,uniform,2048,20260823,ff1e8cd9799ee972,0,1.00999999,6,completed,203.631552,203.631484985,sampled_fp64_32x32,0.0639368617558,50.4375,0.99951171875,0,2037,214,214,5,0,0,0,0,0,0,0,98731f68e3248861,search_cost_runs.csv
DP,host,0,blocked_panel_local,64,uniform,2048,20260823,ff1e8cd9799ee972,1,1.00999999,6,completed,203.412117,203.41229248,sampled_fp64_32x32,0.0639368617558,50.4375,0.99951171875,0,2037,214,214,5,0,0,0,0,0,0,0,98731f68e3248861,search_cost_runs.csv
DP,host,0,blocked_panel_local,64,uniform,2048,20260823,ff1e8cd9799ee972,2,1.00999999,6,completed,203.715232,203.715774536,sampled_fp64_32x32,0.0639368617558,50.4375,0.99951171875,0,2037,214,214,5,0,0,0,0,0,0,0,98731f68e3248861,search_cost_runs.csv
DP,fused_device,0,blocked_panel_local,64,uniform,2048,20260823,ff1e8cd9799ee972,0,1.00999999,6,completed,77.933836,77.9345932007,sampled_fp64_32x32,0.0639368617558,50.4375,0.99951171875,0,2037,214,214,5,0,0,0,0,0,0,0,98731f68e3248861,search_cost_runs.csv
DP,fused_device,0,blocked_panel_local,64,uniform,2048,20260823,ff1e8cd9799ee972,1,1.00999999,6,completed,78.15869,78.1588821411,sampled_fp64_32x32,0.0639368617558,50.4375,0.99951171875,0,2037,214,214,5,0,0,0,0,0,0,0,98731f68e3248861,search_cost_runs.csv
DP,fused_device,0,blocked_panel_local,64,uniform,2048,20260823,ff1e8cd9799ee972,2,1.00999999,6,completed,78.118987,78.1189117432,sampled_fp64_32x32,0.0639368617558,50.4375,0.99951171875,0,2037,214,214,5,0,0,0,0,0,0,0,98731f68e3248861,search_cost_runs.csv
GP,host,0,blocked_panel_local,64,uniform,2048,20260823,ff1e8cd9799ee972,0,1.00999999,6,completed,203.636574,203.637176514,sampled_fp64_32x32,0.0669197092769,36.59375,1.009765625,0,2040,0,0,0,200,105,0,0,0,0,0,d5b777f08040136a,search_cost_runs.csv
GP,host,0,blocked_panel_local,64,uniform,2048,20260823,ff1e8cd9799ee972,1,1.00999999,6,completed,203.050085,203.051010132,sampled_fp64_32x32,0.0669197092769,36.59375,1.009765625,0,2040,0,0,0,200,105,0,0,0,0,0,d5b777f08040136a,search_cost_runs.csv
GP,host,0,blocked_panel_local,64,uniform,2048,20260823,ff1e8cd9799ee972,2,1.00999999,6,completed,203.238318,203.23840332,sampled_fp64_32x32,0.0669197092769,36.59375,1.009765625,0,2040,0,0,0,200,105,0,0,0,0,0,d5b777f08040136a,search_cost_runs.csv
GP,fused_device,0,blocked_panel_local,64,uniform,2048,20260823,ff1e8cd9799ee972,0,1.00999999,6,completed,78.033287,78.0339202881,sampled_fp64_32x32,0.0669197092769,36.59375,1.009765625,0,2040,0,0,0,200,105,0,0,0,0,0,d5b777f08040136a,search_cost_runs.csv
GP,fused_device,0,blocked_panel_local,64,uniform,2048,20260823,ff1e8cd9799ee972,1,1.00999999,6,completed,78.258844,78.2592010498,sampled_fp64_32x32,0.0669197092769,36.59375,1.009765625,0,2040,0,0,0,200,105,0,0,0,0,0,d5b777f08040136a,search_cost_runs.csv
GP,fused_device,0,blocked_panel_local,64,uniform,2048,20260823,ff1e8cd9799ee972,2,1.00999999,6,completed,77.983593,77.9857940674,sampled_fp64_32x32,0.0669197092769,36.59375,1.009765625,0,2040,0,0,0,200,105,0,0,0,0,0,d5b777f08040136a,search_cost_runs.csv
ScaP,host,0,blocked_panel_local,64,uniform,2048,20260823,ff1e8cd9799ee972,0,1.00999999,6,completed,250.403158,250.403427124,sampled_fp64_32x32,0.0616398945858,35.25,1,0,2040,1103,0,0,0,0,944,829,274,0,0,3b1f7d203550a42e,search_cost_runs.csv
ScaP,host,0,blocked_panel_local,64,uniform,2048,20260823,ff1e8cd9799ee972,1,1.00999999,6,completed,250.261352,250.261886597,sampled_fp64_32x32,0.0616398945858,35.25,1,0,2040,1103,0,0,0,0,944,829,274,0,0,3b1f7d203550a42e,search_cost_runs.csv
ScaP,host,0,blocked_panel_local,64,uniform,2048,20260823,ff1e8cd9799ee972,2,1.00999999,6,completed,250.108927,250.109634399,sampled_fp64_32x32,0.0616398945858,35.25,1,0,2040,1103,0,0,0,0,944,829,274,0,0,3b1f7d203550a42e,search_cost_runs.csv
ScaP,fused_device,0,blocked_panel_local,64,uniform,2048,20260823,ff1e8cd9799ee972,0,1.00999999,6,completed,74.89452,74.895362854,sampled_fp64_32x32,0.0616398945858,35.25,1,0,2040,1103,0,0,0,0,944,829,274,0,0,3b1f7d203550a42e,search_cost_runs.csv
ScaP,fused_device,0,blocked_panel_local,64,uniform,2048,20260823,ff1e8cd9799ee972,1,1.00999999,6,completed,75.336809,75.3377304077,sampled_fp64_32x32,0.0616398945858,35.25,1,0,2040,1103,0,0,0,0,944,829,274,0,0,3b1f7d203550a42e,search_cost_runs.csv
ScaP,fused_device,0,blocked_panel_local,64,uniform,2048,20260823,ff1e8cd9799ee972,2,1.00999999,6,completed,74.922198,74.9219818115,sampled_fp64_32x32,0.0616398945858,35.25,1,0,2040,1103,0,0,0,0,944,829,274,0,0,3b1f7d203550a42e,search_cost_runs.csv
RP,host,0,blocked_panel_local,64,uniform,2048,20260823,ff1e8cd9799ee972,0,1.00999999,6,completed,230.748924,230.750137329,sampled_fp64_32x32,0.0494501439098,42.65625,1,0,2039,581,0,0,0,0,0,0,0,2686,0,cfc0f49353a54bfa,search_cost_runs.csv
RP,host,0,blocked_panel_local,64,uniform,2048,20260823,ff1e8cd9799ee972,1,1.00999999,6,completed,230.767933,230.76902771,sampled_fp64_32x32,0.0494501439098,42.65625,1,0,2039,581,0,0,0,0,0,0,0,2686,0,cfc0f49353a54bfa,search_cost_runs.csv
RP,host,0,blocked_panel_local,64,uniform,2048,20260823,ff1e8cd9799ee972,2,1.00999999,6,completed,230.669873,230.67149353,sampled_fp64_32x32,0.0494501439098,42.65625,1,0,2039,581,0,0,0,0,0,0,0,2686,0,cfc0f49353a54bfa,search_cost_runs.csv
RP,fused_device,0,blocked_panel_local,64,uniform,2048,20260823,ff1e8cd9799ee972,0,1.00999999,6,completed,78.806879,78.8070373535,sampled_fp64_32x32,0.0494501439098,42.65625,1,0,2039,581,0,0,0,0,0,0,0,2686,0,cfc0f49353a54bfa,search_cost_runs.csv
RP,fused_device,0,blocked_panel_local,64,uniform,2048,20260823,ff1e8cd9799ee972,1,1.00999999,6,completed,79.110049,79.1111679077,sampled_fp64_32x32,0.0494501439098,42.65625,1,0,2039,581,0,0,0,0,0,0,0,2686,0,cfc0f49353a54bfa,search_cost_runs.csv
RP,fused_device,0,blocked_panel_local,64,uniform,2048,20260823,ff1e8cd9799ee972,2,1.00999999,6,completed,78.826811,78.8264923096,sampled_fp64_32x32,0.0494501439098,42.65625,1,0,2039,581,0,0,0,0,0,0,0,2686,0,cfc0f49353a54bfa,search_cost_runs.csv
CP,host,0,blocked_panel_local,64,uniform,2048,20260823,ff1e8cd9799ee972,0,1.00999999,6,completed,5995.900386,5995.93115234,sampled_fp64_32x32,0.05491632548,33.875,1,0,2040,1891,0,0,0,0,0,0,0,0,0,38828238bdf6886f,search_cost_runs.csv
CP,host,0,blocked_panel_local,64,uniform,2048,20260823,ff1e8cd9799ee972,1,1.00999999,6,completed,6179.795607,6179.82666016,sampled_fp64_32x32,0.05491632548,33.875,1,0,2040,1891,0,0,0,0,0,0,0,0,0,38828238bdf6886f,search_cost_runs.csv
CP,host,0,blocked_panel_local,64,uniform,2048,20260823,ff1e8cd9799ee972,2,1.00999999,6,completed,6178.143495,6178.171875,sampled_fp64_32x32,0.05491632548,33.875,1,0,2040,1891,0,0,0,0,0,0,0,0,0,38828238bdf6886f,search_cost_runs.csv
CP,fused_device,0,blocked_panel_local,64,uniform,2048,20260823,ff1e8cd9799ee972,0,1.00999999,6,completed,76.16331,76.1640930176,sampled_fp64_32x32,0.05491632548,33.875,1,0,2040,1891,0,0,0,0,0,0,0,0,0,38828238bdf6886f,search_cost_runs.csv
CP,fused_device,0,blocked_panel_local,64,uniform,2048,20260823,ff1e8cd9799ee972,1,1.00999999,6,completed,76.404298,76.4047393799,sampled_fp64_32x32,0.05491632548,33.875,1,0,2040,1891,0,0,0,0,0,0,0,0,0,38828238bdf6886f,search_cost_runs.csv
CP,fused_device,0,blocked_panel_local,64,uniform,2048,20260823,ff1e8cd9799ee972,2,1.00999999,6,completed,76.134105,76.1343994141,sampled_fp64_32x32,0.05491632548,33.875,1,0,2040,1891,0,0,0,0,0,0,0,0,0,38828238bdf6886f,search_cost_runs.csv
ScPP,host,0,blocked_panel_local,64,uniform,2048,20260823,ff1e8cd9799ee972,0,1.00999999,6,completed,197.582212,197.582305908,sampled_fp64_32x32,0.0613236957579,40.75,1.001953125,0,2039,0,0,0,0,0,0,0,0,0,0,2c3b16b1b508b733,search_cost_runs.csv
ScPP,host,0,blocked_panel_local,64,uniform,2048,20260823,ff1e8cd9799ee972,1,1.00999999,6,completed,196.912267,196.912445068,sampled_fp64_32x32,0.0613236957579,40.75,1.001953125,0,2039,0,0,0,0,0,0,0,0,0,0,2c3b16b1b508b733,search_cost_runs.csv
ScPP,host,0,blocked_panel_local,64,uniform,2048,20260823,ff1e8cd9799ee972,2,1.00999999,6,completed,196.988269,196.989273071,sampled_fp64_32x32,0.0613236957579,40.75,1.001953125,0,2039,0,0,0,0,0,0,0,0,0,0,2c3b16b1b508b733,search_cost_runs.csv
ScPP,fused_device,0,blocked_panel_local,64,uniform,2048,20260823,ff1e8cd9799ee972,0,1.00999999,6,completed,79.053096,79.0538253784,sampled_fp64_32x32,0.0613236957579,40.75,1.001953125,0,2039,0,0,0,0,0,0,0,0,0,0,2c3b16b1b508b733,search_cost_runs.csv
ScPP,fused_device,0,blocked_panel_local,64,uniform,2048,20260823,ff1e8cd9799ee972,1,1.00999999,6,completed,79.005959,79.0056991577,sampled_fp64_32x32,0.0613236957579,40.75,1.001953125,0,2039,0,0,0,0,0,0,0,0,0,0,2c3b16b1b508b733,search_cost_runs.csv
ScPP,fused_device,0,blocked_panel_local,64,uniform,2048,20260823,ff1e8cd9799ee972,2,1.00999999,6,completed,78.866603,78.8674545288,sampled_fp64_32x32,0.0613236957579,40.75,1.001953125,0,2039,0,0,0,0,0,0,0,0,0,0,2c3b16b1b508b733,search_cost_runs.csv
PP,host,0,blocked_panel_local,64,uniform,2048,20260824,97b90d1c9d20c51e,0,1.00999999,6,completed,197.016561,197.016540527,sampled_fp64_32x32,0.0668029537469,36.6875,1,0,2040,0,0,0,0,0,0,0,0,0,0,4c6e644b1505f1a0,search_cost_runs.csv
PP,host,0,blocked_panel_local,64,uniform,2048,20260824,97b90d1c9d20c51e,1,1.00999999,6,completed,196.595699,196.595809937,sampled_fp64_32x32,0.0668029537469,36.6875,1,0,2040,0,0,0,0,0,0,0,0,0,0,4c6e644b1505f1a0,search_cost_runs.csv
PP,host,0,blocked_panel_local,64,uniform,2048,20260824,97b90d1c9d20c51e,2,1.00999999,6,completed,197.245161,197.246139526,sampled_fp64_32x32,0.0668029537469,36.6875,1,0,2040,0,0,0,0,0,0,0,0,0,0,4c6e644b1505f1a0,search_cost_runs.csv
PP,fused_device,0,blocked_panel_local,64,uniform,2048,20260824,97b90d1c9d20c51e,0,1.00999999,6,completed,73.221531,73.2221450806,sampled_fp64_32x32,0.0668029537469,36.6875,1,0,2040,0,0,0,0,0,0,0,0,0,0,4c6e644b1505f1a0,search_cost_runs.csv
PP,fused_device,0,blocked_panel_local,64,uniform,2048,20260824,97b90d1c9d20c51e,1,1.00999999,6,completed,73.600709,73.601020813,sampled_fp64_32x32,0.0668029537469,36.6875,1,0,2040,0,0,0,0,0,0,0,0,0,0,4c6e644b1505f1a0,search_cost_runs.csv
PP,fused_device,0,blocked_panel_local,64,uniform,2048,20260824,97b90d1c9d20c51e,2,1.00999999,6,completed,73.161203,73.1617279053,sampled_fp64_32x32,0.0668029537469,36.6875,1,0,2040,0,0,0,0,0,0,0,0,0,0,4c6e644b1505f1a0,search_cost_runs.csv
DP,host,0,blocked_panel_local,64,uniform,2048,20260824,97b90d1c9d20c51e,0,1.00999999,6,completed,204.706127,204.707138062,sampled_fp64_32x32,0.0557089227805,40,1,0,2041,209,209,7,0,0,0,0,0,0,0,f17b3fc0136c1c79,search_cost_runs.csv
DP,host,0,blocked_panel_local,64,uniform,2048,20260824,97b90d1c9d20c51e,1,1.00999999,6,completed,203.626789,203.627258301,sampled_fp64_32x32,0.0557089227805,40,1,0,2041,209,209,7,0,0,0,0,0,0,0,f17b3fc0136c1c79,search_cost_runs.csv
DP,host,0,blocked_panel_local,64,uniform,2048,20260824,97b90d1c9d20c51e,2,1.00999999,6,completed,203.420582,203.421020508,sampled_fp64_32x32,0.0557089227805,40,1,0,2041,209,209,7,0,0,0,0,0,0,0,f17b3fc0136c1c79,search_cost_runs.csv
DP,fused_device,0,blocked_panel_local,64,uniform,2048,20260824,97b90d1c9d20c51e,0,1.00999999,6,completed,77.823902,77.8250274658,sampled_fp64_32x32,0.0557089227805,40,1,0,2041,209,209,7,0,0,0,0,0,0,0,f17b3fc0136c1c79,search_cost_runs.csv
DP,fused_device,0,blocked_panel_local,64,uniform,2048,20260824,97b90d1c9d20c51e,1,1.00999999,6,completed,78.022719,78.0226898193,sampled_fp64_32x32,0.0557089227805,40,1,0,2041,209,209,7,0,0,0,0,0,0,0,f17b3fc0136c1c79,search_cost_runs.csv
DP,fused_device,0,blocked_panel_local,64,uniform,2048,20260824,97b90d1c9d20c51e,2,1.00999999,6,completed,77.802128,77.8024978638,sampled_fp64_32x32,0.0557089227805,40,1,0,2041,209,209,7,0,0,0,0,0,0,0,f17b3fc0136c1c79,search_cost_runs.csv
GP,host,0,blocked_panel_local,64,uniform,2048,20260824,97b90d1c9d20c51e,0,1.00999999,6,completed,203.321369,203.322052002,sampled_fp64_32x32,0.0584934699582,40.40625,1.009765625,0,2041,0,0,0,199,98,0,0,0,0,0,a7cbe3fddad9dd6c,search_cost_runs.csv
GP,host,0,blocked_panel_local,64,uniform,2048,20260824,97b90d1c9d20c51e,1,1.00999999,6,completed,201.948471,201.948867798,sampled_fp64_32x32,0.0584934699582,40.40625,1.009765625,0,2041,0,0,0,199,98,0,0,0,0,0,a7cbe3fddad9dd6c,search_cost_runs.csv
GP,host,0,blocked_panel_local,64,uniform,2048,20260824,97b90d1c9d20c51e,2,1.00999999,6,completed,200.959265,200.960037231,sampled_fp64_32x32,0.0584934699582,40.40625,1.009765625,0,2041,0,0,0,199,98,0,0,0,0,0,a7cbe3fddad9dd6c,search_cost_runs.csv
GP,fused_device,0,blocked_panel_local,64,uniform,2048,20260824,97b90d1c9d20c51e,0,1.00999999,6,completed,77.756459,77.7574386597,sampled_fp64_32x32,0.0584934699582,40.40625,1.009765625,0,2041,0,0,0,199,98,0,0,0,0,0,a7cbe3fddad9dd6c,search_cost_runs.csv
GP,fused_device,0,blocked_panel_local,64,uniform,2048,20260824,97b90d1c9d20c51e,1,1.00999999,6,completed,78.126758,78.1281280518,sampled_fp64_32x32,0.0584934699582,40.40625,1.009765625,0,2041,0,0,0,199,98,0,0,0,0,0,a7cbe3fddad9dd6c,search_cost_runs.csv
GP,fused_device,0,blocked_panel_local,64,uniform,2048,20260824,97b90d1c9d20c51e,2,1.00999999,6,completed,78.161852,78.1619186401,sampled_fp64_32x32,0.0584934699582,40.40625,1.009765625,0,2041,0,0,0,199,98,0,0,0,0,0,a7cbe3fddad9dd6c,search_cost_runs.csv
ScaP,host,0,blocked_panel_local,64,uniform,2048,20260824,97b90d1c9d20c51e,0,1.00999999,6,completed,251.230598,251.231704712,sampled_fp64_32x32,0.0457014372805,33.4375,1,0,2043,1105,0,0,0,0,942,813,292,0,0,cc171a27d68c81a8,search_cost_runs.csv
ScaP,host,0,blocked_panel_local,64,uniform,2048,20260824,97b90d1c9d20c51e,1,1.00999999,6,completed,250.782196,250.782623291,sampled_fp64_32x32,0.0457014372805,33.4375,1,0,2043,1105,0,0,0,0,942,813,292,0,0,cc171a27d68c81a8,search_cost_runs.csv
ScaP,host,0,blocked_panel_local,64,uniform,2048,20260824,97b90d1c9d20c51e,2,1.00999999,6,completed,249.170261,249.170562744,sampled_fp64_32x32,0.0457014372805,33.4375,1,0,2043,1105,0,0,0,0,942,813,292,0,0,cc171a27d68c81a8,search_cost_runs.csv
ScaP,fused_device,0,blocked_panel_local,64,uniform,2048,20260824,97b90d1c9d20c51e,0,1.00999999,6,completed,74.967905,74.9691162109,sampled_fp64_32x32,0.0457014372805,33.4375,1,0,2043,1105,0,0,0,0,942,813,292,0,0,cc171a27d68c81a8,search_cost_runs.csv
ScaP,fused_device,0,blocked_panel_local,64,uniform,2048,20260824,97b90d1c9d20c51e,1,1.00999999,6,completed,75.309928,75.3100814819,sampled_fp64_32x32,0.0457014372805,33.4375,1,0,2043,1105,0,0,0,0,942,813,292,0,0,cc171a27d68c81a8,search_cost_runs.csv
ScaP,fused_device,0,blocked_panel_local,64,uniform,2048,20260824,97b90d1c9d20c51e,2,1.00999999,6,completed,74.961917,74.9619216919,sampled_fp64_32x32,0.0457014372805,33.4375,1,0,2043,1105,0,0,0,0,942,813,292,0,0,cc171a27d68c81a8,search_cost_runs.csv
RP,host,0,blocked_panel_local,64,uniform,2048,20260824,97b90d1c9d20c51e,0,1.00999999,6,completed,228.323848,228.324798584,sampled_fp64_32x32,0.0538709217799,29.53125,1,0,2043,540,0,0,0,0,0,0,0,2645,0,adb14e0376c7e0f6,search_cost_runs.csv
RP,host,0,blocked_panel_local,64,uniform,2048,20260824,97b90d1c9d20c51e,1,1.00999999,6,completed,228.519227,228.520645142,sampled_fp64_32x32,0.0538709217799,29.53125,1,0,2043,540,0,0,0,0,0,0,0,2645,0,adb14e0376c7e0f6,search_cost_runs.csv
RP,host,0,blocked_panel_local,64,uniform,2048,20260824,97b90d1c9d20c51e,2,1.00999999,6,completed,228.748038,228.748550415,sampled_fp64_32x32,0.0538709217799,29.53125,1,0,2043,540,0,0,0,0,0,0,0,2645,0,adb14e0376c7e0f6,search_cost_runs.csv
RP,fused_device,0,blocked_panel_local,64,uniform,2048,20260824,97b90d1c9d20c51e,0,1.00999999,6,completed,78.01774,78.0185623169,sampled_fp64_32x32,0.0538709217799,29.53125,1,0,2043,540,0,0,0,0,0,0,0,2645,0,adb14e0376c7e0f6,search_cost_runs.csv
RP,fused_device,0,blocked_panel_local,64,uniform,2048,20260824,97b90d1c9d20c51e,1,1.00999999,6,completed,78.306832,78.3073272705,sampled_fp64_32x32,0.0538709217799,29.53125,1,0,2043,540,0,0,0,0,0,0,0,2645,0,adb14e0376c7e0f6,search_cost_runs.csv
RP,fused_device,0,blocked_panel_local,64,uniform,2048,20260824,97b90d1c9d20c51e,2,1.00999999,6,completed,78.220465,78.2202911377,sampled_fp64_32x32,0.0538709217799,29.53125,1,0,2043,540,0,0,0,0,0,0,0,2645,0,adb14e0376c7e0f6,search_cost_runs.csv
CP,host,0,blocked_panel_local,64,uniform,2048,20260824,97b90d1c9d20c51e,0,1.00999999,6,completed,6075.088506,6075.11914062,sampled_fp64_32x32,0.0464261166053,29.640625,1,0,2038,1900,0,0,0,0,0,0,0,0,0,747c726b4f37db74,search_cost_runs.csv
CP,host,0,blocked_panel_local,64,uniform,2048,20260824,97b90d1c9d20c51e,1,1.00999999,6,completed,6263.163059,6263.19482422,sampled_fp64_32x32,0.0464261166053,29.640625,1,0,2038,1900,0,0,0,0,0,0,0,0,0,747c726b4f37db74,search_cost_runs.csv
CP,host,0,blocked_panel_local,64,uniform,2048,20260824,97b90d1c9d20c51e,2,1.00999999,6,completed,6263.015277,6263.04492188,sampled_fp64_32x32,0.0464261166053,29.640625,1,0,2038,1900,0,0,0,0,0,0,0,0,0,747c726b4f37db74,search_cost_runs.csv
CP,fused_device,0,blocked_panel_local,64,uniform,2048,20260824,97b90d1c9d20c51e,0,1.00999999,6,completed,84.056861,84.0570907593,sampled_fp64_32x32,0.0464261166053,29.640625,1,0,2038,1900,0,0,0,0,0,0,0,0,0,747c726b4f37db74,search_cost_runs.csv
CP,fused_device,0,blocked_panel_local,64,uniform,2048,20260824,97b90d1c9d20c51e,1,1.00999999,6,completed,76.754363,76.7549438477,sampled_fp64_32x32,0.0464261166053,29.640625,1,0,2038,1900,0,0,0,0,0,0,0,0,0,747c726b4f37db74,search_cost_runs.csv
CP,fused_device,0,blocked_panel_local,64,uniform,2048,20260824,97b90d1c9d20c51e,2,1.00999999,6,completed,76.417384,76.4180450439,sampled_fp64_32x32,0.0464261166053,29.640625,1,0,2038,1900,0,0,0,0,0,0,0,0,0,747c726b4f37db74,search_cost_runs.csv
ScPP,host,0,blocked_panel_local,64,uniform,2048,20260824,97b90d1c9d20c51e,0,1.00999999,6,completed,198.643691,198.645248413,sampled_fp64_32x32,0.0665096691228,40.53125,1.00390625,0,2037,0,0,0,0,0,0,0,0,0,0,1abb6281732a20e5,search_cost_runs.csv
ScPP,host,0,blocked_panel_local,64,uniform,2048,20260824,97b90d1c9d20c51e,1,1.00999999,6,completed,198.129998,198.130905151,sampled_fp64_32x32,0.0665096691228,40.53125,1.00390625,0,2037,0,0,0,0,0,0,0,0,0,0,1abb6281732a20e5,search_cost_runs.csv
ScPP,host,0,blocked_panel_local,64,uniform,2048,20260824,97b90d1c9d20c51e,2,1.00999999,6,completed,198.226161,198.226333618,sampled_fp64_32x32,0.0665096691228,40.53125,1.00390625,0,2037,0,0,0,0,0,0,0,0,0,0,1abb6281732a20e5,search_cost_runs.csv
ScPP,fused_device,0,blocked_panel_local,64,uniform,2048,20260824,97b90d1c9d20c51e,0,1.00999999,6,completed,79.4076,79.4091186523,sampled_fp64_32x32,0.0665096691228,40.53125,1.00390625,0,2037,0,0,0,0,0,0,0,0,0,0,1abb6281732a20e5,search_cost_runs.csv
ScPP,fused_device,0,blocked_panel_local,64,uniform,2048,20260824,97b90d1c9d20c51e,1,1.00999999,6,completed,79.598526,79.5985946655,sampled_fp64_32x32,0.0665096691228,40.53125,1.00390625,0,2037,0,0,0,0,0,0,0,0,0,0,1abb6281732a20e5,search_cost_runs.csv
ScPP,fused_device,0,blocked_panel_local,64,uniform,2048,20260824,97b90d1c9d20c51e,2,1.00999999,6,completed,79.457137,79.45728302,sampled_fp64_32x32,0.0665096691228,40.53125,1.00390625,0,2037,0,0,0,0,0,0,0,0,0,0,1abb6281732a20e5,search_cost_runs.csv
PP,host,0,blocked_panel_local,64,uniform,2048,20260825,db0e80a4b6e8e201,0,1.00999999,6,completed,196.326064,196.326782227,sampled_fp64_32x32,0.0561189415979,37.03125,1,0,2038,0,0,0,0,0,0,0,0,0,0,9318f94d268df2df,search_cost_runs.csv
PP,host,0,blocked_panel_local,64,uniform,2048,20260825,db0e80a4b6e8e201,1,1.00999999,6,completed,195.945031,195.944580078,sampled_fp64_32x32,0.0561189415979,37.03125,1,0,2038,0,0,0,0,0,0,0,0,0,0,9318f94d268df2df,search_cost_runs.csv
PP,host,0,blocked_panel_local,64,uniform,2048,20260825,db0e80a4b6e8e201,2,1.00999999,6,completed,196.456058,196.456420898,sampled_fp64_32x32,0.0561189415979,37.03125,1,0,2038,0,0,0,0,0,0,0,0,0,0,9318f94d268df2df,search_cost_runs.csv
PP,fused_device,0,blocked_panel_local,64,uniform,2048,20260825,db0e80a4b6e8e201,0,1.00999999,6,completed,72.719036,72.7193603516,sampled_fp64_32x32,0.0561189415979,37.03125,1,0,2038,0,0,0,0,0,0,0,0,0,0,9318f94d268df2df,search_cost_runs.csv
PP,fused_device,0,blocked_panel_local,64,uniform,2048,20260825,db0e80a4b6e8e201,1,1.00999999,6,completed,72.885008,72.8852462769,sampled_fp64_32x32,0.0561189415979,37.03125,1,0,2038,0,0,0,0,0,0,0,0,0,0,9318f94d268df2df,search_cost_runs.csv
PP,fused_device,0,blocked_panel_local,64,uniform,2048,20260825,db0e80a4b6e8e201,2,1.00999999,6,completed,72.721964,72.7224349976,sampled_fp64_32x32,0.0561189415979,37.03125,1,0,2038,0,0,0,0,0,0,0,0,0,0,9318f94d268df2df,search_cost_runs.csv
DP,host,0,blocked_panel_local,64,uniform,2048,20260825,db0e80a4b6e8e201,0,1.00999999,6,completed,206.600392,206.600448608,sampled_fp64_32x32,0.0626988638764,38.09375,0.99951171875,0,2038,214,214,3,0,0,0,0,0,0,0,a1ce07eba70ff15e,search_cost_runs.csv
DP,host,0,blocked_panel_local,64,uniform,2048,20260825,db0e80a4b6e8e201,1,1.00999999,6,completed,205.998669,205.999557495,sampled_fp64_32x32,0.0626988638764,38.09375,0.99951171875,0,2038,214,214,3,0,0,0,0,0,0,0,a1ce07eba70ff15e,search_cost_runs.csv
DP,host,0,blocked_panel_local,64,uniform,2048,20260825,db0e80a4b6e8e201,2,1.00999999,6,completed,206.341411,206.341766357,sampled_fp64_32x32,0.0626988638764,38.09375,0.99951171875,0,2038,214,214,3,0,0,0,0,0,0,0,a1ce07eba70ff15e,search_cost_runs.csv
DP,fused_device,0,blocked_panel_local,64,uniform,2048,20260825,db0e80a4b6e8e201,0,1.00999999,6,completed,78.27705,78.277633667,sampled_fp64_32x32,0.0626988638764,38.09375,0.99951171875,0,2038,214,214,3,0,0,0,0,0,0,0,a1ce07eba70ff15e,search_cost_runs.csv
DP,fused_device,0,blocked_panel_local,64,uniform,2048,20260825,db0e80a4b6e8e201,1,1.00999999,6,completed,78.510251,78.511100769,sampled_fp64_32x32,0.0626988638764,38.09375,0.99951171875,0,2038,214,214,3,0,0,0,0,0,0,0,a1ce07eba70ff15e,search_cost_runs.csv
DP,fused_device,0,blocked_panel_local,64,uniform,2048,20260825,db0e80a4b6e8e201,2,1.00999999,6,completed,78.33396,78.3339538574,sampled_fp64_32x32,0.0626988638764,38.09375,0.99951171875,0,2038,214,214,3,0,0,0,0,0,0,0,a1ce07eba70ff15e,search_cost_runs.csv
GP,host,0,blocked_panel_local,64,uniform,2048,20260825,db0e80a4b6e8e201,0,1.00999999,6,completed,202.759552,202.759780884,sampled_fp64_32x32,0.050360011257,46.6875,1.009765625,0,2043,0,0,0,213,105,0,0,0,0,0,62ad71e854f19035,search_cost_runs.csv
GP,host,0,blocked_panel_local,64,uniform,2048,20260825,db0e80a4b6e8e201,1,1.00999999,6,completed,202.224943,202.225723267,sampled_fp64_32x32,0.050360011257,46.6875,1.009765625,0,2043,0,0,0,213,105,0,0,0,0,0,62ad71e854f19035,search_cost_runs.csv
GP,host,0,blocked_panel_local,64,uniform,2048,20260825,db0e80a4b6e8e201,2,1.00999999,6,completed,202.486681,202.487045288,sampled_fp64_32x32,0.050360011257,46.6875,1.009765625,0,2043,0,0,0,213,105,0,0,0,0,0,62ad71e854f19035,search_cost_runs.csv
GP,fused_device,0,blocked_panel_local,64,uniform,2048,20260825,db0e80a4b6e8e201,0,1.00999999,6,completed,77.502303,77.5034866333,sampled_fp64_32x32,0.050360011257,46.6875,1.009765625,0,2043,0,0,0,213,105,0,0,0,0,0,62ad71e854f19035,search_cost_runs.csv
GP,fused_device,0,blocked_panel_local,64,uniform,2048,20260825,db0e80a4b6e8e201,1,1.00999999,6,completed,77.734125,77.7349090576,sampled_fp64_32x32,0.050360011257,46.6875,1.009765625,0,2043,0,0,0,213,105,0,0,0,0,0,62ad71e854f19035,search_cost_runs.csv
GP,fused_device,0,blocked_panel_local,64,uniform,2048,20260825,db0e80a4b6e8e201,2,1.00999999,6,completed,77.616163,77.6161270142,sampled_fp64_32x32,0.050360011257,46.6875,1.009765625,0,2043,0,0,0,213,105,0,0,0,0,0,62ad71e854f19035,search_cost_runs.csv
ScaP,host,0,blocked_panel_local,64,uniform,2048,20260825,db0e80a4b6e8e201,0,1.00999999,6,completed,250.619404,250.619903564,sampled_fp64_32x32,0.0523593419348,36.53125,1,0,2043,1101,0,0,0,0,946,843,258,0,0,c79413efc59f8745,search_cost_runs.csv
ScaP,host,0,blocked_panel_local,64,uniform,2048,20260825,db0e80a4b6e8e201,1,1.00999999,6,completed,250.542111,250.543045044,sampled_fp64_32x32,0.0523593419348,36.53125,1,0,2043,1101,0,0,0,0,946,843,258,0,0,c79413efc59f8745,search_cost_runs.csv
ScaP,host,0,blocked_panel_local,64,uniform,2048,20260825,db0e80a4b6e8e201,2,1.00999999,6,completed,250.42449,250.425415039,sampled_fp64_32x32,0.0523593419348,36.53125,1,0,2043,1101,0,0,0,0,946,843,258,0,0,c79413efc59f8745,search_cost_runs.csv
ScaP,fused_device,0,blocked_panel_local,64,uniform,2048,20260825,db0e80a4b6e8e201,0,1.00999999,6,completed,74.940624,74.9414367676,sampled_fp64_32x32,0.0523593419348,36.53125,1,0,2043,1101,0,0,0,0,946,843,258,0,0,c79413efc59f8745,search_cost_runs.csv
ScaP,fused_device,0,blocked_panel_local,64,uniform,2048,20260825,db0e80a4b6e8e201,1,1.00999999,6,completed,75.235882,75.2353286743,sampled_fp64_32x32,0.0523593419348,36.53125,1,0,2043,1101,0,0,0,0,946,843,258,0,0,c79413efc59f8745,search_cost_runs.csv
ScaP,fused_device,0,blocked_panel_local,64,uniform,2048,20260825,db0e80a4b6e8e201,2,1.00999999,6,completed,75.027757,75.0274581909,sampled_fp64_32x32,0.0523593419348,36.53125,1,0,2043,1101,0,0,0,0,946,843,258,0,0,c79413efc59f8745,search_cost_runs.csv
RP,host,0,blocked_panel_local,64,uniform,2048,20260825,db0e80a4b6e8e201,0,1.00999999,6,completed,230.661069,230.661529541,sampled_fp64_32x32,0.0685914100585,32.3125,1,0,2036,552,0,0,0,0,0,0,0,2649,0,448f8c53a662bc5e,search_cost_runs.csv
RP,host,0,blocked_panel_local,64,uniform,2048,20260825,db0e80a4b6e8e201,1,1.00999999,6,completed,230.110159,230.110305786,sampled_fp64_32x32,0.0685914100585,32.3125,1,0,2036,552,0,0,0,0,0,0,0,2649,0,448f8c53a662bc5e,search_cost_runs.csv
RP,host,0,blocked_panel_local,64,uniform,2048,20260825,db0e80a4b6e8e201,2,1.00999999,6,completed,230.203501,230.204315186,sampled_fp64_32x32,0.0685914100585,32.3125,1,0,2036,552,0,0,0,0,0,0,0,2649,0,448f8c53a662bc5e,search_cost_runs.csv
RP,fused_device,0,blocked_panel_local,64,uniform,2048,20260825,db0e80a4b6e8e201,0,1.00999999,6,completed,78.021909,78.0226593018,sampled_fp64_32x32,0.0685914100585,32.3125,1,0,2036,552,0,0,0,0,0,0,0,2649,0,448f8c53a662bc5e,search_cost_runs.csv
RP,fused_device,0,blocked_panel_local,64,uniform,2048,20260825,db0e80a4b6e8e201,1,1.00999999,6,completed,78.354357,78.3544311523,sampled_fp64_32x32,0.0685914100585,32.3125,1,0,2036,552,0,0,0,0,0,0,0,2649,0,448f8c53a662bc5e,search_cost_runs.csv
RP,fused_device,0,blocked_panel_local,64,uniform,2048,20260825,db0e80a4b6e8e201,2,1.00999999,6,completed,78.081901,78.0820465088,sampled_fp64_32x32,0.0685914100585,32.3125,1,0,2036,552,0,0,0,0,0,0,0,2649,0,448f8c53a662bc5e,search_cost_runs.csv
CP,host,0,blocked_panel_local,64,uniform,2048,20260825,db0e80a4b6e8e201,0,1.00999999,6,completed,6196.088238,6196.12060547,sampled_fp64_32x32,0.0407754515763,28.828125,1,0,2041,1891,0,0,0,0,0,0,0,0,0,140e322395d44c94,search_cost_runs.csv
CP,host,0,blocked_panel_local,64,uniform,2048,20260825,db0e80a4b6e8e201,1,1.00999999,6,completed,6142.462322,6142.49267578,sampled_fp64_32x32,0.0407754515763,28.828125,1,0,2041,1891,0,0,0,0,0,0,0,0,0,140e322395d44c94,search_cost_runs.csv
CP,host,0,blocked_panel_local,64,uniform,2048,20260825,db0e80a4b6e8e201,2,1.00999999,6,completed,6162.211212,6162.24072266,sampled_fp64_32x32,0.0407754515763,28.828125,1,0,2041,1891,0,0,0,0,0,0,0,0,0,140e322395d44c94,search_cost_runs.csv
CP,fused_device,0,blocked_panel_local,64,uniform,2048,20260825,db0e80a4b6e8e201,0,1.00999999,6,completed,84.315014,84.3151702881,sampled_fp64_32x32,0.0407754515763,28.828125,1,0,2041,1891,0,0,0,0,0,0,0,0,0,140e322395d44c94,search_cost_runs.csv
CP,fused_device,0,blocked_panel_local,64,uniform,2048,20260825,db0e80a4b6e8e201,1,1.00999999,6,completed,77.094637,77.0959396362,sampled_fp64_32x32,0.0407754515763,28.828125,1,0,2041,1891,0,0,0,0,0,0,0,0,0,140e322395d44c94,search_cost_runs.csv
CP,fused_device,0,blocked_panel_local,64,uniform,2048,20260825,db0e80a4b6e8e201,2,1.00999999,6,completed,76.423436,76.4241943359,sampled_fp64_32x32,0.0407754515763,28.828125,1,0,2041,1891,0,0,0,0,0,0,0,0,0,140e322395d44c94,search_cost_runs.csv
ScPP,host,0,blocked_panel_local,64,uniform,2048,20260825,db0e80a4b6e8e201,0,1.00999999,6,completed,213.644468,213.644485474,sampled_fp64_32x32,0.0744950968074,45.84375,1.0009765625,0,2034,0,0,0,0,0,0,0,0,0,0,c82f8684b24024fd,search_cost_runs.csv
ScPP,host,0,blocked_panel_local,64,uniform,2048,20260825,db0e80a4b6e8e201,1,1.00999999,6,completed,189.215653,189.21661377,sampled_fp64_32x32,0.0744950968074,45.84375,1.0009765625,0,2034,0,0,0,0,0,0,0,0,0,0,c82f8684b24024fd,search_cost_runs.csv
ScPP,host,0,blocked_panel_local,64,uniform,2048,20260825,db0e80a4b6e8e201,2,1.00999999,6,completed,189.420479,189.420089722,sampled_fp64_32x32,0.0744950968074,45.84375,1.0009765625,0,2034,0,0,0,0,0,0,0,0,0,0,c82f8684b24024fd,search_cost_runs.csv
ScPP,fused_device,0,blocked_panel_local,64,uniform,2048,20260825,db0e80a4b6e8e201,0,1.00999999,6,completed,78.676623,78.6780166626,sampled_fp64_32x32,0.0744950968074,45.84375,1.0009765625,0,2034,0,0,0,0,0,0,0,0,0,0,c82f8684b24024fd,search_cost_runs.csv
ScPP,fused_device,0,blocked_panel_local,64,uniform,2048,20260825,db0e80a4b6e8e201,1,1.00999999,6,completed,78.814779,78.8152313232,sampled_fp64_32x32,0.0744950968074,45.84375,1.0009765625,0,2034,0,0,0,0,0,0,0,0,0,0,c82f8684b24024fd,search_cost_runs.csv
ScPP,fused_device,0,blocked_panel_local,64,uniform,2048,20260825,db0e80a4b6e8e201,2,1.00999999,6,completed,78.665919,78.6667556763,sampled_fp64_32x32,0.0744950968074,45.84375,1.0009765625,0,2034,0,0,0,0,0,0,0,0,0,0,c82f8684b24024fd,search_cost_runs.csv
PP,host,0,blocked_panel_local,64,uniform,4096,20260823,3c57caaaf08f07a2,0,1.00999999,6,completed,496.005897,496.007751465,sampled_fp64_32x32,0.119892419316,57.3125,1,0,4090,0,0,0,0,0,0,0,0,0,0,0ccf600538ef5f63,search_cost_runs.csv
PP,host,0,blocked_panel_local,64,uniform,4096,20260823,3c57caaaf08f07a2,1,1.00999999,6,completed,497.037525,497.039154053,sampled_fp64_32x32,0.119892419316,57.3125,1,0,4090,0,0,0,0,0,0,0,0,0,0,0ccf600538ef5f63,search_cost_runs.csv
PP,host,0,blocked_panel_local,64,uniform,4096,20260823,3c57caaaf08f07a2,2,1.00999999,6,completed,496.678897,496.680633545,sampled_fp64_32x32,0.119892419316,57.3125,1,0,4090,0,0,0,0,0,0,0,0,0,0,0ccf600538ef5f63,search_cost_runs.csv
PP,fused_device,0,blocked_panel_local,64,uniform,4096,20260823,3c57caaaf08f07a2,0,1.00999999,6,completed,284.117314,284.119049072,sampled_fp64_32x32,0.119892419316,57.3125,1,0,4090,0,0,0,0,0,0,0,0,0,0,0ccf600538ef5f63,search_cost_runs.csv
PP,fused_device,0,blocked_panel_local,64,uniform,4096,20260823,3c57caaaf08f07a2,1,1.00999999,6,completed,283.834087,283.835388184,sampled_fp64_32x32,0.119892419316,57.3125,1,0,4090,0,0,0,0,0,0,0,0,0,0,0ccf600538ef5f63,search_cost_runs.csv
PP,fused_device,0,blocked_panel_local,64,uniform,4096,20260823,3c57caaaf08f07a2,2,1.00999999,6,completed,283.64697,283.648010254,sampled_fp64_32x32,0.119892419316,57.3125,1,0,4090,0,0,0,0,0,0,0,0,0,0,0ccf600538ef5f63,search_cost_runs.csv
DP,host,0,blocked_panel_local,64,uniform,4096,20260823,3c57caaaf08f07a2,0,1.00999999,6,completed,517.137374,517.139587402,sampled_fp64_32x32,0.121901884966,57.03125,0.99951171875,0,4088,524,524,10,0,0,0,0,0,0,0,962a8f18b6e9b427,search_cost_runs.csv
DP,host,0,blocked_panel_local,64,uniform,4096,20260823,3c57caaaf08f07a2,1,1.00999999,6,completed,518.647223,518.648986816,sampled_fp64_32x32,0.121901884966,57.03125,0.99951171875,0,4088,524,524,10,0,0,0,0,0,0,0,962a8f18b6e9b427,search_cost_runs.csv
DP,host,0,blocked_panel_local,64,uniform,4096,20260823,3c57caaaf08f07a2,2,1.00999999,6,completed,518.205414,518.207336426,sampled_fp64_32x32,0.121901884966,57.03125,0.99951171875,0,4088,524,524,10,0,0,0,0,0,0,0,962a8f18b6e9b427,search_cost_runs.csv
DP,fused_device,0,blocked_panel_local,64,uniform,4096,20260823,3c57caaaf08f07a2,0,1.00999999,6,completed,297.831033,297.833465576,sampled_fp64_32x32,0.121901884966,57.03125,0.99951171875,0,4088,524,524,10,0,0,0,0,0,0,0,962a8f18b6e9b427,search_cost_runs.csv
DP,fused_device,0,blocked_panel_local,64,uniform,4096,20260823,3c57caaaf08f07a2,1,1.00999999,6,completed,298.153265,298.154998779,sampled_fp64_32x32,0.121901884966,57.03125,0.99951171875,0,4088,524,524,10,0,0,0,0,0,0,0,962a8f18b6e9b427,search_cost_runs.csv
DP,fused_device,0,blocked_panel_local,64,uniform,4096,20260823,3c57caaaf08f07a2,2,1.00999999,6,completed,297.776442,297.776123047,sampled_fp64_32x32,0.121901884966,57.03125,0.99951171875,0,4088,524,524,10,0,0,0,0,0,0,0,962a8f18b6e9b427,search_cost_runs.csv
GP,host,0,blocked_panel_local,64,uniform,4096,20260823,3c57caaaf08f07a2,0,1.00999999,6,completed,515.206479,515.209350586,sampled_fp64_32x32,0.112500984719,55.84375,1.009765625,0,4090,0,0,0,474,221,0,0,0,0,0,9daaf914499c42ce,search_cost_runs.csv
GP,host,0,blocked_panel_local,64,uniform,4096,20260823,3c57caaaf08f07a2,1,1.00999999,6,completed,516.88881,516.890563965,sampled_fp64_32x32,0.112500984719,55.84375,1.009765625,0,4090,0,0,0,474,221,0,0,0,0,0,9daaf914499c42ce,search_cost_runs.csv
GP,host,0,blocked_panel_local,64,uniform,4096,20260823,3c57caaaf08f07a2,2,1.00999999,6,completed,516.394387,516.396240234,sampled_fp64_32x32,0.112500984719,55.84375,1.009765625,0,4090,0,0,0,474,221,0,0,0,0,0,9daaf914499c42ce,search_cost_runs.csv
GP,fused_device,0,blocked_panel_local,64,uniform,4096,20260823,3c57caaaf08f07a2,0,1.00999999,6,completed,295.050723,295.052276611,sampled_fp64_32x32,0.112500984719,55.84375,1.009765625,0,4090,0,0,0,474,221,0,0,0,0,0,9daaf914499c42ce,search_cost_runs.csv
GP,fused_device,0,blocked_panel_local,64,uniform,4096,20260823,3c57caaaf08f07a2,1,1.00999999,6,completed,295.073295,295.074829102,sampled_fp64_32x32,0.112500984719,55.84375,1.009765625,0,4090,0,0,0,474,221,0,0,0,0,0,9daaf914499c42ce,search_cost_runs.csv
GP,fused_device,0,blocked_panel_local,64,uniform,4096,20260823,3c57caaaf08f07a2,2,1.00999999,6,completed,294.799298,294.799346924,sampled_fp64_32x32,0.112500984719,55.84375,1.009765625,0,4090,0,0,0,474,221,0,0,0,0,0,9daaf914499c42ce,search_cost_runs.csv
ScaP,host,0,blocked_panel_local,64,uniform,4096,20260823,3c57caaaf08f07a2,0,1.00999999,6,completed,611.406062,611.409179688,sampled_fp64_32x32,0.114222709119,71,1,0,4084,2156,0,0,0,0,1939,1653,503,0,0,6f9405e03a5a5edf,search_cost_runs.csv
ScaP,host,0,blocked_panel_local,64,uniform,4096,20260823,3c57caaaf08f07a2,1,1.00999999,6,completed,611.346356,611.348754883,sampled_fp64_32x32,0.114222709119,71,1,0,4084,2156,0,0,0,0,1939,1653,503,0,0,6f9405e03a5a5edf,search_cost_runs.csv
ScaP,host,0,blocked_panel_local,64,uniform,4096,20260823,3c57caaaf08f07a2,2,1.00999999,6,completed,611.300227,611.30267334,sampled_fp64_32x32,0.114222709119,71,1,0,4084,2156,0,0,0,0,1939,1653,503,0,0,6f9405e03a5a5edf,search_cost_runs.csv
ScaP,fused_device,0,blocked_panel_local,64,uniform,4096,20260823,3c57caaaf08f07a2,0,1.00999999,6,completed,288.560702,288.563201904,sampled_fp64_32x32,0.114222709119,71,1,0,4084,2156,0,0,0,0,1939,1653,503,0,0,6f9405e03a5a5edf,search_cost_runs.csv
ScaP,fused_device,0,blocked_panel_local,64,uniform,4096,20260823,3c57caaaf08f07a2,1,1.00999999,6,completed,288.804376,288.805877686,sampled_fp64_32x32,0.114222709119,71,1,0,4084,2156,0,0,0,0,1939,1653,503,0,0,6f9405e03a5a5edf,search_cost_runs.csv
ScaP,fused_device,0,blocked_panel_local,64,uniform,4096,20260823,3c57caaaf08f07a2,2,1.00999999,6,completed,288.515327,288.515075684,sampled_fp64_32x32,0.114222709119,71,1,0,4084,2156,0,0,0,0,1939,1653,503,0,0,6f9405e03a5a5edf,search_cost_runs.csv
RP,host,0,blocked_panel_local,64,uniform,4096,20260823,3c57caaaf08f07a2,0,1.00999999,6,completed,548.601654,548.604309082,sampled_fp64_32x32,0.106429281994,48.375,1,0,4087,976,0,0,0,0,0,0,0,5148,0,25706a973689e155,search_cost_runs.csv
RP,host,0,blocked_panel_local,64,uniform,4096,20260823,3c57caaaf08f07a2,1,1.00999999,6,completed,550.057643,550.059265137,sampled_fp64_32x32,0.106429281994,48.375,1,0,4087,976,0,0,0,0,0,0,0,5148,0,25706a973689e155,search_cost_runs.csv
RP,host,0,blocked_panel_local,64,uniform,4096,20260823,3c57caaaf08f07a2,2,1.00999999,6,completed,548.344413,548.346984863,sampled_fp64_32x32,0.106429281994,48.375,1,0,4087,976,0,0,0,0,0,0,0,5148,0,25706a973689e155,search_cost_runs.csv
RP,fused_device,0,blocked_panel_local,64,uniform,4096,20260823,3c57caaaf08f07a2,0,1.00999999,6,completed,296.485723,296.487915039,sampled_fp64_32x32,0.106429281994,48.375,1,0,4087,976,0,0,0,0,0,0,0,5148,0,25706a973689e155,search_cost_runs.csv
RP,fused_device,0,blocked_panel_local,64,uniform,4096,20260823,3c57caaaf08f07a2,1,1.00999999,6,completed,297.712712,297.714691162,sampled_fp64_32x32,0.106429281994,48.375,1,0,4087,976,0,0,0,0,0,0,0,5148,0,25706a973689e155,search_cost_runs.csv
RP,fused_device,0,blocked_panel_local,64,uniform,4096,20260823,3c57caaaf08f07a2,2,1.00999999,6,completed,296.437518,296.437774658,sampled_fp64_32x32,0.106429281994,48.375,1,0,4087,976,0,0,0,0,0,0,0,5148,0,25706a973689e155,search_cost_runs.csv
CP,fused_device,0,blocked_panel_local,64,uniform,4096,20260823,3c57caaaf08f07a2,0,1.00999999,6,completed,290.871851,290.873352051,sampled_fp64_32x32,0.0939688358631,38.34375,1,0,4084,3782,0,0,0,0,0,0,0,0,0,e723dc7a63a428dd,search_cost_runs.csv
CP,fused_device,0,blocked_panel_local,64,uniform,4096,20260823,3c57caaaf08f07a2,1,1.00999999,6,completed,291.653644,291.656707764,sampled_fp64_32x32,0.0939688358631,38.34375,1,0,4084,3782,0,0,0,0,0,0,0,0,0,e723dc7a63a428dd,search_cost_runs.csv
CP,fused_device,0,blocked_panel_local,64,uniform,4096,20260823,3c57caaaf08f07a2,2,1.00999999,6,completed,290.970713,290.97164917,sampled_fp64_32x32,0.0939688358631,38.34375,1,0,4084,3782,0,0,0,0,0,0,0,0,0,e723dc7a63a428dd,search_cost_runs.csv
ScPP,host,0,blocked_panel_local,64,uniform,4096,20260823,3c57caaaf08f07a2,0,1.00999999,6,completed,496.328075,496.330169678,sampled_fp64_32x32,0.108155423542,66.75,1.0009765625,0,4088,0,0,0,0,0,0,0,0,0,0,39e7bd1d9376eb5e,search_cost_runs.csv
ScPP,host,0,blocked_panel_local,64,uniform,4096,20260823,3c57caaaf08f07a2,1,1.00999999,6,completed,495.27493,495.277648926,sampled_fp64_32x32,0.108155423542,66.75,1.0009765625,0,4088,0,0,0,0,0,0,0,0,0,0,39e7bd1d9376eb5e,search_cost_runs.csv
ScPP,host,0,blocked_panel_local,64,uniform,4096,20260823,3c57caaaf08f07a2,2,1.00999999,6,completed,495.544786,495.547149658,sampled_fp64_32x32,0.108155423542,66.75,1.0009765625,0,4088,0,0,0,0,0,0,0,0,0,0,39e7bd1d9376eb5e,search_cost_runs.csv
ScPP,fused_device,0,blocked_panel_local,64,uniform,4096,20260823,3c57caaaf08f07a2,0,1.00999999,6,completed,301.860138,301.861877441,sampled_fp64_32x32,0.108155423542,66.75,1.0009765625,0,4088,0,0,0,0,0,0,0,0,0,0,39e7bd1d9376eb5e,search_cost_runs.csv
ScPP,fused_device,0,blocked_panel_local,64,uniform,4096,20260823,3c57caaaf08f07a2,1,1.00999999,6,completed,302.166339,302.168060303,sampled_fp64_32x32,0.108155423542,66.75,1.0009765625,0,4088,0,0,0,0,0,0,0,0,0,0,39e7bd1d9376eb5e,search_cost_runs.csv
ScPP,fused_device,0,blocked_panel_local,64,uniform,4096,20260823,3c57caaaf08f07a2,2,1.00999999,6,completed,302.403076,302.402557373,sampled_fp64_32x32,0.108155423542,66.75,1.0009765625,0,4088,0,0,0,0,0,0,0,0,0,0,39e7bd1d9376eb5e,search_cost_runs.csv
PP,host,0,blocked_panel_local,64,uniform,4096,20260824,9c78a0ba33f5e7ba,0,1.00999999,6,completed,497.154026,497.155883789,sampled_fp64_32x32,0.105516885989,65.4375,1,0,4087,0,0,0,0,0,0,0,0,0,0,012ab819ea2c89d5,search_cost_runs.csv
PP,host,0,blocked_panel_local,64,uniform,4096,20260824,9c78a0ba33f5e7ba,1,1.00999999,6,completed,497.85851,497.856811523,sampled_fp64_32x32,0.105516885989,65.4375,1,0,4087,0,0,0,0,0,0,0,0,0,0,012ab819ea2c89d5,search_cost_runs.csv
PP,host,0,blocked_panel_local,64,uniform,4096,20260824,9c78a0ba33f5e7ba,2,1.00999999,6,completed,496.465813,496.467803955,sampled_fp64_32x32,0.105516885989,65.4375,1,0,4087,0,0,0,0,0,0,0,0,0,0,012ab819ea2c89d5,search_cost_runs.csv
PP,fused_device,0,blocked_panel_local,64,uniform,4096,20260824,9c78a0ba33f5e7ba,0,1.00999999,6,completed,284.398212,284.399627686,sampled_fp64_32x32,0.105516885989,65.4375,1,0,4087,0,0,0,0,0,0,0,0,0,0,012ab819ea2c89d5,search_cost_runs.csv
PP,fused_device,0,blocked_panel_local,64,uniform,4096,20260824,9c78a0ba33f5e7ba,1,1.00999999,6,completed,284.791705,284.79385376,sampled_fp64_32x32,0.105516885989,65.4375,1,0,4087,0,0,0,0,0,0,0,0,0,0,012ab819ea2c89d5,search_cost_runs.csv
PP,fused_device,0,blocked_panel_local,64,uniform,4096,20260824,9c78a0ba33f5e7ba,2,1.00999999,6,completed,284.402177,284.401672363,sampled_fp64_32x32,0.105516885989,65.4375,1,0,4087,0,0,0,0,0,0,0,0,0,0,012ab819ea2c89d5,search_cost_runs.csv
DP,host,0,blocked_panel_local,64,uniform,4096,20260824,9c78a0ba33f5e7ba,0,1.00999999,6,completed,519.391725,519.395141602,sampled_fp64_32x32,0.120124180437,55.90625,1,0,4087,518,518,9,0,0,0,0,0,0,0,c939f09056565590,search_cost_runs.csv
DP,host,0,blocked_panel_local,64,uniform,4096,20260824,9c78a0ba33f5e7ba,1,1.00999999,6,completed,520.107397,520.109191895,sampled_fp64_32x32,0.120124180437,55.90625,1,0,4087,518,518,9,0,0,0,0,0,0,0,c939f09056565590,search_cost_runs.csv
DP,host,0,blocked_panel_local,64,uniform,4096,20260824,9c78a0ba33f5e7ba,2,1.00999999,6,completed,518.761299,518.76385498,sampled_fp64_32x32,0.120124180437,55.90625,1,0,4087,518,518,9,0,0,0,0,0,0,0,c939f09056565590,search_cost_runs.csv
DP,fused_device,0,blocked_panel_local,64,uniform,4096,20260824,9c78a0ba33f5e7ba,0,1.00999999,6,completed,298.836617,298.839050293,sampled_fp64_32x32,0.120124180437,55.90625,1,0,4087,518,518,9,0,0,0,0,0,0,0,c939f09056565590,search_cost_runs.csv
DP,fused_device,0,blocked_panel_local,64,uniform,4096,20260824,9c78a0ba33f5e7ba,1,1.00999999,6,completed,299.075267,299.077636719,sampled_fp64_32x32,0.120124180437,55.90625,1,0,4087,518,518,9,0,0,0,0,0,0,0,c939f09056565590,search_cost_runs.csv
DP,fused_device,0,blocked_panel_local,64,uniform,4096,20260824,9c78a0ba33f5e7ba,2,1.00999999,6,completed,298.863659,298.863616943,sampled_fp64_32x32,0.120124180437,55.90625,1,0,4087,518,518,9,0,0,0,0,0,0,0,c939f09056565590,search_cost_runs.csv
GP,host,0,blocked_panel_local,64,uniform,4096,20260824,9c78a0ba33f5e7ba,0,1.00999999,6,completed,509.903131,509.905395508,sampled_fp64_32x32,0.160534203169,62,1.009765625,0,4082,0,0,0,445,211,0,0,0,0,0,eaff36ed15169945,search_cost_runs.csv
GP,host,0,blocked_panel_local,64,uniform,4096,20260824,9c78a0ba33f5e7ba,1,1.00999999,6,completed,510.974759,510.976715088,sampled_fp64_32x32,0.160534203169,62,1.009765625,0,4082,0,0,0,445,211,0,0,0,0,0,eaff36ed15169945,search_cost_runs.csv
GP,host,0,blocked_panel_local,64,uniform,4096,20260824,9c78a0ba33f5e7ba,2,1.00999999,6,completed,510.032255,510.034332275,sampled_fp64_32x32,0.160534203169,62,1.009765625,0,4082,0,0,0,445,211,0,0,0,0,0,eaff36ed15169945,search_cost_runs.csv
GP,fused_device,0,blocked_panel_local,64,uniform,4096,20260824,9c78a0ba33f5e7ba,0,1.00999999,6,completed,294.32449,294.326263428,sampled_fp64_32x32,0.160534203169,62,1.009765625,0,4082,0,0,0,445,211,0,0,0,0,0,eaff36ed15169945,search_cost_runs.csv
GP,fused_device,0,blocked_panel_local,64,uniform,4096,20260824,9c78a0ba33f5e7ba,1,1.00999999,6,completed,294.53586,294.537200928,sampled_fp64_32x32,0.160534203169,62,1.009765625,0,4082,0,0,0,445,211,0,0,0,0,0,eaff36ed15169945,search_cost_runs.csv
GP,fused_device,0,blocked_panel_local,64,uniform,4096,20260824,9c78a0ba33f5e7ba,2,1.00999999,6,completed,294.25329,294.253570557,sampled_fp64_32x32,0.160534203169,62,1.009765625,0,4082,0,0,0,445,211,0,0,0,0,0,eaff36ed15169945,search_cost_runs.csv
ScaP,host,0,blocked_panel_local,64,uniform,4096,20260824,9c78a0ba33f5e7ba,0,1.00999999,6,completed,612.470166,612.472473145,sampled_fp64_32x32,0.117014431919,46.875,1,0,4088,2175,0,0,0,0,1920,1673,502,0,0,d88a479594f3e274,search_cost_runs.csv
ScaP,host,0,blocked_panel_local,64,uniform,4096,20260824,9c78a0ba33f5e7ba,1,1.00999999,6,completed,613.851888,613.854797363,sampled_fp64_32x32,0.117014431919,46.875,1,0,4088,2175,0,0,0,0,1920,1673,502,0,0,d88a479594f3e274,search_cost_runs.csv
ScaP,host,0,blocked_panel_local,64,uniform,4096,20260824,9c78a0ba33f5e7ba,2,1.00999999,6,completed,613.245579,613.247741699,sampled_fp64_32x32,0.117014431919,46.875,1,0,4088,2175,0,0,0,0,1920,1673,502,0,0,d88a479594f3e274,search_cost_runs.csv
ScaP,fused_device,0,blocked_panel_local,64,uniform,4096,20260824,9c78a0ba33f5e7ba,0,1.00999999,6,completed,288.453748,288.455688477,sampled_fp64_32x32,0.117014431919,46.875,1,0,4088,2175,0,0,0,0,1920,1673,502,0,0,d88a479594f3e274,search_cost_runs.csv
ScaP,fused_device,0,blocked_panel_local,64,uniform,4096,20260824,9c78a0ba33f5e7ba,1,1.00999999,6,completed,288.774603,288.776184082,sampled_fp64_32x32,0.117014431919,46.875,1,0,4088,2175,0,0,0,0,1920,1673,502,0,0,d88a479594f3e274,search_cost_runs.csv
ScaP,fused_device,0,blocked_panel_local,64,uniform,4096,20260824,9c78a0ba33f5e7ba,2,1.00999999,6,completed,288.436455,288.436218262,sampled_fp64_32x32,0.117014431919,46.875,1,0,4088,2175,0,0,0,0,1920,1673,502,0,0,d88a479594f3e274,search_cost_runs.csv
RP,host,0,blocked_panel_local,64,uniform,4096,20260824,9c78a0ba33f5e7ba,0,1.00999999,6,completed,552.179228,552.182189941,sampled_fp64_32x32,0.132767545641,50.8125,1,0,4084,949,0,0,0,0,0,0,0,5132,0,df19065e150b84e2,search_cost_runs.csv
RP,host,0,blocked_panel_local,64,uniform,4096,20260824,9c78a0ba33f5e7ba,1,1.00999999,6,completed,551.532838,551.534912109,sampled_fp64_32x32,0.132767545641,50.8125,1,0,4084,949,0,0,0,0,0,0,0,5132,0,df19065e150b84e2,search_cost_runs.csv
RP,host,0,blocked_panel_local,64,uniform,4096,20260824,9c78a0ba33f5e7ba,2,1.00999999,6,completed,551.183295,551.18560791,sampled_fp64_32x32,0.132767545641,50.8125,1,0,4084,949,0,0,0,0,0,0,0,5132,0,df19065e150b84e2,search_cost_runs.csv
RP,fused_device,0,blocked_panel_local,64,uniform,4096,20260824,9c78a0ba33f5e7ba,0,1.00999999,6,completed,296.909203,296.910858154,sampled_fp64_32x32,0.132767545641,50.8125,1,0,4084,949,0,0,0,0,0,0,0,5132,0,df19065e150b84e2,search_cost_runs.csv
RP,fused_device,0,blocked_panel_local,64,uniform,4096,20260824,9c78a0ba33f5e7ba,1,1.00999999,6,completed,296.843877,296.845306396,sampled_fp64_32x32,0.132767545641,50.8125,1,0,4084,949,0,0,0,0,0,0,0,5132,0,df19065e150b84e2,search_cost_runs.csv
RP,fused_device,0,blocked_panel_local,64,uniform,4096,20260824,9c78a0ba33f5e7ba,2,1.00999999,6,completed,296.823441,296.822784424,sampled_fp64_32x32,0.132767545641,50.8125,1,0,4084,949,0,0,0,0,0,0,0,5132,0,df19065e150b84e2,search_cost_runs.csv
CP,fused_device,0,blocked_panel_local,64,uniform,4096,20260824,9c78a0ba33f5e7ba,0,1.00999999,6,completed,290.089566,290.092041016,sampled_fp64_32x32,0.0869145391771,41.375,1,0,4092,3791,0,0,0,0,0,0,0,0,0,f28a75f6636baaa1,search_cost_runs.csv
CP,fused_device,0,blocked_panel_local,64,uniform,4096,20260824,9c78a0ba33f5e7ba,1,1.00999999,6,completed,290.302411,290.302978516,sampled_fp64_32x32,0.0869145391771,41.375,1,0,4092,3791,0,0,0,0,0,0,0,0,0,f28a75f6636baaa1,search_cost_runs.csv
CP,fused_device,0,blocked_panel_local,64,uniform,4096,20260824,9c78a0ba33f5e7ba,2,1.00999999,6,completed,289.987086,289.986541748,sampled_fp64_32x32,0.0869145391771,41.375,1,0,4092,3791,0,0,0,0,0,0,0,0,0,f28a75f6636baaa1,search_cost_runs.csv
ScPP,host,0,blocked_panel_local,64,uniform,4096,20260824,9c78a0ba33f5e7ba,0,1.00999999,6,completed,497.724598,497.727478027,sampled_fp64_32x32,0.107814975956,58.875,1.0009765625,0,4089,0,0,0,0,0,0,0,0,0,0,39ef48fe095d6e06,search_cost_runs.csv
ScPP,host,0,blocked_panel_local,64,uniform,4096,20260824,9c78a0ba33f5e7ba,1,1.00999999,6,completed,498.066297,498.068450928,sampled_fp64_32x32,0.107814975956,58.875,1.0009765625,0,4089,0,0,0,0,0,0,0,0,0,0,39ef48fe095d6e06,search_cost_runs.csv
ScPP,host,0,blocked_panel_local,64,uniform,4096,20260824,9c78a0ba33f5e7ba,2,1.00999999,6,completed,497.454567,497.457672119,sampled_fp64_32x32,0.107814975956,58.875,1.0009765625,0,4089,0,0,0,0,0,0,0,0,0,0,39ef48fe095d6e06,search_cost_runs.csv
ScPP,fused_device,0,blocked_panel_local,64,uniform,4096,20260824,9c78a0ba33f5e7ba,0,1.00999999,6,completed,302.1336,302.135284424,sampled_fp64_32x32,0.107814975956,58.875,1.0009765625,0,4089,0,0,0,0,0,0,0,0,0,0,39ef48fe095d6e06,search_cost_runs.csv
ScPP,fused_device,0,blocked_panel_local,64,uniform,4096,20260824,9c78a0ba33f5e7ba,1,1.00999999,6,completed,302.360311,302.361602783,sampled_fp64_32x32,0.107814975956,58.875,1.0009765625,0,4089,0,0,0,0,0,0,0,0,0,0,39ef48fe095d6e06,search_cost_runs.csv
ScPP,fused_device,0,blocked_panel_local,64,uniform,4096,20260824,9c78a0ba33f5e7ba,2,1.00999999,6,completed,302.166103,302.166015625,sampled_fp64_32x32,0.107814975956,58.875,1.0009765625,0,4089,0,0,0,0,0,0,0,0,0,0,39ef48fe095d6e06,search_cost_runs.csv
PP,host,0,blocked_panel_local,64,uniform,4096,20260825,c1bfd0c4785ab060,0,1.00999999,6,completed,493.919628,493.921966553,sampled_fp64_32x32,0.10771570247,55.84375,1,0,4084,0,0,0,0,0,0,0,0,0,0,fd2b80b70d571fd1,search_cost_runs.csv
PP,host,0,blocked_panel_local,64,uniform,4096,20260825,c1bfd0c4785ab060,1,1.00999999,6,completed,494.549988,494.552124023,sampled_fp64_32x32,0.10771570247,55.84375,1,0,4084,0,0,0,0,0,0,0,0,0,0,fd2b80b70d571fd1,search_cost_runs.csv
PP,host,0,blocked_panel_local,64,uniform,4096,20260825,c1bfd0c4785ab060,2,1.00999999,6,completed,494.335468,494.337677002,sampled_fp64_32x32,0.10771570247,55.84375,1,0,4084,0,0,0,0,0,0,0,0,0,0,fd2b80b70d571fd1,search_cost_runs.csv
PP,fused_device,0,blocked_panel_local,64,uniform,4096,20260825,c1bfd0c4785ab060,0,1.00999999,6,completed,284.953774,284.956665039,sampled_fp64_32x32,0.10771570247,55.84375,1,0,4084,0,0,0,0,0,0,0,0,0,0,fd2b80b70d571fd1,search_cost_runs.csv
PP,fused_device,0,blocked_panel_local,64,uniform,4096,20260825,c1bfd0c4785ab060,1,1.00999999,6,completed,285.191334,285.192199707,sampled_fp64_32x32,0.10771570247,55.84375,1,0,4084,0,0,0,0,0,0,0,0,0,0,fd2b80b70d571fd1,search_cost_runs.csv
PP,fused_device,0,blocked_panel_local,64,uniform,4096,20260825,c1bfd0c4785ab060,2,1.00999999,6,completed,285.421362,285.421569824,sampled_fp64_32x32,0.10771570247,55.84375,1,0,4084,0,0,0,0,0,0,0,0,0,0,fd2b80b70d571fd1,search_cost_runs.csv
DP,host,0,blocked_panel_local,64,uniform,4096,20260825,c1bfd0c4785ab060,0,1.00999999,6,completed,517.499768,517.502380371,sampled_fp64_32x32,0.116375787008,63.46875,0.99951171875,0,4091,569,569,14,0,0,0,0,0,0,0,47661e8a050638e8,search_cost_runs.csv
DP,host,0,blocked_panel_local,64,uniform,4096,20260825,c1bfd0c4785ab060,1,1.00999999,6,completed,518.671055,518.672851562,sampled_fp64_32x32,0.116375787008,63.46875,0.99951171875,0,4091,569,569,14,0,0,0,0,0,0,0,47661e8a050638e8,search_cost_runs.csv
DP,host,0,blocked_panel_local,64,uniform,4096,20260825,c1bfd0c4785ab060,2,1.00999999,6,completed,517.609385,517.611328125,sampled_fp64_32x32,0.116375787008,63.46875,0.99951171875,0,4091,569,569,14,0,0,0,0,0,0,0,47661e8a050638e8,search_cost_runs.csv
DP,fused_device,0,blocked_panel_local,64,uniform,4096,20260825,c1bfd0c4785ab060,0,1.00999999,6,completed,299.55742,299.558898926,sampled_fp64_32x32,0.116375787008,63.46875,0.99951171875,0,4091,569,569,14,0,0,0,0,0,0,0,47661e8a050638e8,search_cost_runs.csv
DP,fused_device,0,blocked_panel_local,64,uniform,4096,20260825,c1bfd0c4785ab060,1,1.00999999,6,completed,299.829415,299.831298828,sampled_fp64_32x32,0.116375787008,63.46875,0.99951171875,0,4091,569,569,14,0,0,0,0,0,0,0,47661e8a050638e8,search_cost_runs.csv
DP,fused_device,0,blocked_panel_local,64,uniform,4096,20260825,c1bfd0c4785ab060,2,1.00999999,6,completed,299.523359,299.523071289,sampled_fp64_32x32,0.116375787008,63.46875,0.99951171875,0,4091,569,569,14,0,0,0,0,0,0,0,47661e8a050638e8,search_cost_runs.csv
GP,host,0,blocked_panel_local,64,uniform,4096,20260825,c1bfd0c4785ab060,0,1.00999999,6,completed,509.753522,509.755096436,sampled_fp64_32x32,0.148131671625,57.6875,1.009765625,0,4085,0,0,0,474,223,0,0,0,0,0,3515100d074766be,search_cost_runs.csv
GP,host,0,blocked_panel_local,64,uniform,4096,20260825,c1bfd0c4785ab060,1,1.00999999,6,completed,510.04154,510.04397583,sampled_fp64_32x32,0.148131671625,57.6875,1.009765625,0,4085,0,0,0,474,223,0,0,0,0,0,3515100d074766be,search_cost_runs.csv
GP,host,0,blocked_panel_local,64,uniform,4096,20260825,c1bfd0c4785ab060,2,1.00999999,6,completed,509.943554,509.946014404,sampled_fp64_32x32,0.148131671625,57.6875,1.009765625,0,4085,0,0,0,474,223,0,0,0,0,0,3515100d074766be,search_cost_runs.csv
GP,fused_device,0,blocked_panel_local,64,uniform,4096,20260825,c1bfd0c4785ab060,0,1.00999999,6,completed,296.03216,296.034301758,sampled_fp64_32x32,0.148131671625,57.6875,1.009765625,0,4085,0,0,0,474,223,0,0,0,0,0,3515100d074766be,search_cost_runs.csv
GP,fused_device,0,blocked_panel_local,64,uniform,4096,20260825,c1bfd0c4785ab060,1,1.00999999,6,completed,296.381815,296.383514404,sampled_fp64_32x32,0.148131671625,57.6875,1.009765625,0,4085,0,0,0,474,223,0,0,0,0,0,3515100d074766be,search_cost_runs.csv
GP,fused_device,0,blocked_panel_local,64,uniform,4096,20260825,c1bfd0c4785ab060,2,1.00999999,6,completed,296.134921,296.134643555,sampled_fp64_32x32,0.148131671625,57.6875,1.009765625,0,4085,0,0,0,474,223,0,0,0,0,0,3515100d074766be,search_cost_runs.csv
ScaP,host,0,blocked_panel_local,64,uniform,4096,20260825,c1bfd0c4785ab060,0,1.00999999,6,completed,610.479295,610.482421875,sampled_fp64_32x32,0.0883137143828,48.90625,1,0,4085,2161,0,0,0,0,1934,1681,480,0,0,0fadfa85345b96b1,search_cost_runs.csv
ScaP,host,0,blocked_panel_local,64,uniform,4096,20260825,c1bfd0c4785ab060,1,1.00999999,6,completed,611.228998,611.231445312,sampled_fp64_32x32,0.0883137143828,48.90625,1,0,4085,2161,0,0,0,0,1934,1681,480,0,0,0fadfa85345b96b1,search_cost_runs.csv
ScaP,host,0,blocked_panel_local,64,uniform,4096,20260825,c1bfd0c4785ab060,2,1.00999999,6,completed,611.225123,611.227722168,sampled_fp64_32x32,0.0883137143828,48.90625,1,0,4085,2161,0,0,0,0,1934,1681,480,0,0,0fadfa85345b96b1,search_cost_runs.csv
ScaP,fused_device,0,blocked_panel_local,64,uniform,4096,20260825,c1bfd0c4785ab060,0,1.00999999,6,completed,288.772878,288.775177002,sampled_fp64_32x32,0.0883137143828,48.90625,1,0,4085,2161,0,0,0,0,1934,1681,480,0,0,0fadfa85345b96b1,search_cost_runs.csv
ScaP,fused_device,0,blocked_panel_local,64,uniform,4096,20260825,c1bfd0c4785ab060,1,1.00999999,6,completed,289.028915,289.030151367,sampled_fp64_32x32,0.0883137143828,48.90625,1,0,4085,2161,0,0,0,0,1934,1681,480,0,0,0fadfa85345b96b1,search_cost_runs.csv
ScaP,fused_device,0,blocked_panel_local,64,uniform,4096,20260825,c1bfd0c4785ab060,2,1.00999999,6,completed,288.728103,288.728057861,sampled_fp64_32x32,0.0883137143828,48.90625,1,0,4085,2161,0,0,0,0,1934,1681,480,0,0,0fadfa85345b96b1,search_cost_runs.csv
RP,host,0,blocked_panel_local,64,uniform,4096,20260825,c1bfd0c4785ab060,0,1.00999999,6,completed,550.474508,550.477111816,sampled_fp64_32x32,0.090692668054,48.4375,1,0,4091,991,0,0,0,0,0,0,0,5162,0,ab3e024252b44501,search_cost_runs.csv
RP,host,0,blocked_panel_local,64,uniform,4096,20260825,c1bfd0c4785ab060,1,1.00999999,6,completed,551.50583,551.508422852,sampled_fp64_32x32,0.090692668054,48.4375,1,0,4091,991,0,0,0,0,0,0,0,5162,0,ab3e024252b44501,search_cost_runs.csv
RP,host,0,blocked_panel_local,64,uniform,4096,20260825,c1bfd0c4785ab060,2,1.00999999,6,completed,550.125947,550.127868652,sampled_fp64_32x32,0.090692668054,48.4375,1,0,4091,991,0,0,0,0,0,0,0,5162,0,ab3e024252b44501,search_cost_runs.csv
RP,fused_device,0,blocked_panel_local,64,uniform,4096,20260825,c1bfd0c4785ab060,0,1.00999999,6,completed,296.813522,296.815612793,sampled_fp64_32x32,0.090692668054,48.4375,1,0,4091,991,0,0,0,0,0,0,0,5162,0,ab3e024252b44501,search_cost_runs.csv
RP,fused_device,0,blocked_panel_local,64,uniform,4096,20260825,c1bfd0c4785ab060,1,1.00999999,6,completed,297.131298,297.134094238,sampled_fp64_32x32,0.090692668054,48.4375,1,0,4091,991,0,0,0,0,0,0,0,5162,0,ab3e024252b44501,search_cost_runs.csv
RP,fused_device,0,blocked_panel_local,64,uniform,4096,20260825,c1bfd0c4785ab060,2,1.00999999,6,completed,296.818959,296.819702148,sampled_fp64_32x32,0.090692668054,48.4375,1,0,4091,991,0,0,0,0,0,0,0,5162,0,ab3e024252b44501,search_cost_runs.csv
CP,fused_device,0,blocked_panel_local,64,uniform,4096,20260825,c1bfd0c4785ab060,0,1.00999999,6,completed,290.844693,290.846710205,sampled_fp64_32x32,0.0803889496165,42.71875,1,0,4088,3795,0,0,0,0,0,0,0,0,0,4835dfeff2a054c2,search_cost_runs.csv
CP,fused_device,0,blocked_panel_local,64,uniform,4096,20260825,c1bfd0c4785ab060,1,1.00999999,6,completed,291.159979,291.162109375,sampled_fp64_32x32,0.0803889496165,42.71875,1,0,4088,3795,0,0,0,0,0,0,0,0,0,4835dfeff2a054c2,search_cost_runs.csv
CP,fused_device,0,blocked_panel_local,64,uniform,4096,20260825,c1bfd0c4785ab060,2,1.00999999,6,completed,290.775822,290.776062012,sampled_fp64_32x32,0.0803889496165,42.71875,1,0,4088,3795,0,0,0,0,0,0,0,0,0,4835dfeff2a054c2,search_cost_runs.csv
ScPP,host,0,blocked_panel_local,64,uniform,4096,20260825,c1bfd0c4785ab060,0,1.00999999,6,completed,497.916068,497.919555664,sampled_fp64_32x32,0.12917259271,53.53125,1.0009765625,0,4085,0,0,0,0,0,0,0,0,0,0,946d244432f1499b,search_cost_runs.csv
ScPP,host,0,blocked_panel_local,64,uniform,4096,20260825,c1bfd0c4785ab060,1,1.00999999,6,completed,498.205787,498.208465576,sampled_fp64_32x32,0.12917259271,53.53125,1.0009765625,0,4085,0,0,0,0,0,0,0,0,0,0,946d244432f1499b,search_cost_runs.csv
ScPP,host,0,blocked_panel_local,64,uniform,4096,20260825,c1bfd0c4785ab060,2,1.00999999,6,completed,497.607252,497.610046387,sampled_fp64_32x32,0.12917259271,53.53125,1.0009765625,0,4085,0,0,0,0,0,0,0,0,0,0,946d244432f1499b,search_cost_runs.csv
ScPP,fused_device,0,blocked_panel_local,64,uniform,4096,20260825,c1bfd0c4785ab060,0,1.00999999,6,completed,301.291932,301.293579102,sampled_fp64_32x32,0.12917259271,53.53125,1.0009765625,0,4085,0,0,0,0,0,0,0,0,0,0,946d244432f1499b,search_cost_runs.csv
ScPP,fused_device,0,blocked_panel_local,64,uniform,4096,20260825,c1bfd0c4785ab060,1,1.00999999,6,completed,301.590528,301.592590332,sampled_fp64_32x32,0.12917259271,53.53125,1.0009765625,0,4085,0,0,0,0,0,0,0,0,0,0,946d244432f1499b,search_cost_runs.csv
ScPP,fused_device,0,blocked_panel_local,64,uniform,4096,20260825,c1bfd0c4785ab060,2,1.00999999,6,completed,301.258049,301.258758545,sampled_fp64_32x32,0.12917259271,53.53125,1.0009765625,0,4085,0,0,0,0,0,0,0,0,0,0,946d244432f1499b,search_cost_runs.csv
PP,host,0,blocked_panel_local,128,uniform,8192,20260823,7e26db0f5eeca17d,0,1.00999999,6,completed,1940.293611,1940.30371094,sampled_fp64_32x32,0.248116386756,78.8125,1,0,8184,0,0,0,0,0,0,0,0,0,0,7c382b2daa22d91f,search_cost_runs.csv
PP,host,0,blocked_panel_local,128,uniform,8192,20260823,7e26db0f5eeca17d,1,1.00999999,6,completed,1937.745399,1937.75610352,sampled_fp64_32x32,0.248116386756,78.8125,1,0,8184,0,0,0,0,0,0,0,0,0,0,7c382b2daa22d91f,search_cost_runs.csv
PP,host,0,blocked_panel_local,128,uniform,8192,20260823,7e26db0f5eeca17d,2,1.00999999,6,completed,1941.163844,1941.17431641,sampled_fp64_32x32,0.248116386756,78.8125,1,0,8184,0,0,0,0,0,0,0,0,0,0,7c382b2daa22d91f,search_cost_runs.csv
PP,fused_device,0,blocked_panel_local,128,uniform,8192,20260823,7e26db0f5eeca17d,0,1.00999999,6,completed,1523.756925,1523.76525879,sampled_fp64_32x32,0.248116386756,78.8125,1,0,8184,0,0,0,0,0,0,0,0,0,0,7c382b2daa22d91f,search_cost_runs.csv
PP,fused_device,0,blocked_panel_local,128,uniform,8192,20260823,7e26db0f5eeca17d,1,1.00999999,6,completed,1520.874337,1520.8815918,sampled_fp64_32x32,0.248116386756,78.8125,1,0,8184,0,0,0,0,0,0,0,0,0,0,7c382b2daa22d91f,search_cost_runs.csv
PP,fused_device,0,blocked_panel_local,128,uniform,8192,20260823,7e26db0f5eeca17d,2,1.00999999,6,completed,1523.478084,1523.48461914,sampled_fp64_32x32,0.248116386756,78.8125,1,0,8184,0,0,0,0,0,0,0,0,0,0,7c382b2daa22d91f,search_cost_runs.csv
DP,host,0,blocked_panel_local,128,uniform,8192,20260823,7e26db0f5eeca17d,0,1.00999999,6,completed,2025.443741,2025.45385742,sampled_fp64_32x32,0.197908326489,85.1875,1,0,8184,1124,1124,10,0,0,0,0,0,0,0,39670c354044b0e2,search_cost_runs.csv
DP,host,0,blocked_panel_local,128,uniform,8192,20260823,7e26db0f5eeca17d,1,1.00999999,6,completed,2024.283598,2024.29382324,sampled_fp64_32x32,0.197908326489,85.1875,1,0,8184,1124,1124,10,0,0,0,0,0,0,0,39670c354044b0e2,search_cost_runs.csv
DP,host,0,blocked_panel_local,128,uniform,8192,20260823,7e26db0f5eeca17d,2,1.00999999,6,completed,2026.35702,2026.36804199,sampled_fp64_32x32,0.197908326489,85.1875,1,0,8184,1124,1124,10,0,0,0,0,0,0,0,39670c354044b0e2,search_cost_runs.csv
DP,fused_device,0,blocked_panel_local,128,uniform,8192,20260823,7e26db0f5eeca17d,0,1.00999999,6,completed,1564.250727,1564.26037598,sampled_fp64_32x32,0.197908326489,85.1875,1,0,8184,1124,1124,10,0,0,0,0,0,0,0,39670c354044b0e2,search_cost_runs.csv
DP,fused_device,0,blocked_panel_local,128,uniform,8192,20260823,7e26db0f5eeca17d,1,1.00999999,6,completed,1560.849993,1560.85754395,sampled_fp64_32x32,0.197908326489,85.1875,1,0,8184,1124,1124,10,0,0,0,0,0,0,0,39670c354044b0e2,search_cost_runs.csv
DP,fused_device,0,blocked_panel_local,128,uniform,8192,20260823,7e26db0f5eeca17d,2,1.00999999,6,completed,1563.378395,1563.38684082,sampled_fp64_32x32,0.197908326489,85.1875,1,0,8184,1124,1124,10,0,0,0,0,0,0,0,39670c354044b0e2,search_cost_runs.csv
GP,host,0,blocked_panel_local,128,uniform,8192,20260823,7e26db0f5eeca17d,0,1.00999999,6,completed,1997.115126,1997.12597656,sampled_fp64_32x32,0.188210315478,84.125,1.009765625,0,8181,0,0,0,1003,483,0,0,0,0,0,602df27bb9df1d56,search_cost_runs.csv
GP,host,0,blocked_panel_local,128,uniform,8192,20260823,7e26db0f5eeca17d,1,1.00999999,6,completed,1997.966937,1997.97705078,sampled_fp64_32x32,0.188210315478,84.125,1.009765625,0,8181,0,0,0,1003,483,0,0,0,0,0,602df27bb9df1d56,search_cost_runs.csv
GP,host,0,blocked_panel_local,128,uniform,8192,20260823,7e26db0f5eeca17d,2,1.00999999,6,completed,1998.227769,1998.23803711,sampled_fp64_32x32,0.188210315478,84.125,1.009765625,0,8181,0,0,0,1003,483,0,0,0,0,0,602df27bb9df1d56,search_cost_runs.csv
GP,fused_device,0,blocked_panel_local,128,uniform,8192,20260823,7e26db0f5eeca17d,0,1.00999999,6,completed,1553.783984,1553.79199219,sampled_fp64_32x32,0.188210315478,84.125,1.009765625,0,8181,0,0,0,1003,483,0,0,0,0,0,602df27bb9df1d56,search_cost_runs.csv
GP,fused_device,0,blocked_panel_local,128,uniform,8192,20260823,7e26db0f5eeca17d,1,1.00999999,6,completed,1550.791457,1550.79882812,sampled_fp64_32x32,0.188210315478,84.125,1.009765625,0,8181,0,0,0,1003,483,0,0,0,0,0,602df27bb9df1d56,search_cost_runs.csv
GP,fused_device,0,blocked_panel_local,128,uniform,8192,20260823,7e26db0f5eeca17d,2,1.00999999,6,completed,1553.93569,1553.94360352,sampled_fp64_32x32,0.188210315478,84.125,1.009765625,0,8181,0,0,0,1003,483,0,0,0,0,0,602df27bb9df1d56,search_cost_runs.csv
ScaP,host,0,blocked_panel_local,128,uniform,8192,20260823,7e26db0f5eeca17d,0,1.00999999,6,completed,2271.091953,2271.10449219,sampled_fp64_32x32,0.242556686979,81.5,1,0,8183,4190,0,0,0,0,4001,3375,815,0,0,43c7ea3bc59cef3a,search_cost_runs.csv
ScaP,host,0,blocked_panel_local,128,uniform,8192,20260823,7e26db0f5eeca17d,1,1.00999999,6,completed,2270.833379,2270.84570312,sampled_fp64_32x32,0.242556686979,81.5,1,0,8183,4190,0,0,0,0,4001,3375,815,0,0,43c7ea3bc59cef3a,search_cost_runs.csv
ScaP,host,0,blocked_panel_local,128,uniform,8192,20260823,7e26db0f5eeca17d,2,1.00999999,6,completed,2271.76563,2271.77807617,sampled_fp64_32x32,0.242556686979,81.5,1,0,8183,4190,0,0,0,0,4001,3375,815,0,0,43c7ea3bc59cef3a,search_cost_runs.csv
ScaP,fused_device,0,blocked_panel_local,128,uniform,8192,20260823,7e26db0f5eeca17d,0,1.00999999,6,completed,1531.275793,1531.28552246,sampled_fp64_32x32,0.242556686979,81.5,1,0,8183,4190,0,0,0,0,4001,3375,815,0,0,43c7ea3bc59cef3a,search_cost_runs.csv
ScaP,fused_device,0,blocked_panel_local,128,uniform,8192,20260823,7e26db0f5eeca17d,1,1.00999999,6,completed,1528.678521,1528.68664551,sampled_fp64_32x32,0.242556686979,81.5,1,0,8183,4190,0,0,0,0,4001,3375,815,0,0,43c7ea3bc59cef3a,search_cost_runs.csv
ScaP,fused_device,0,blocked_panel_local,128,uniform,8192,20260823,7e26db0f5eeca17d,2,1.00999999,6,completed,1531.747942,1531.7545166,sampled_fp64_32x32,0.242556686979,81.5,1,0,8183,4190,0,0,0,0,4001,3375,815,0,0,43c7ea3bc59cef3a,search_cost_runs.csv
RP,host,0,blocked_panel_local,128,uniform,8192,20260823,7e26db0f5eeca17d,0,1.00999999,6,completed,2081.965548,2081.97680664,sampled_fp64_32x32,0.256592113612,71.5,1,0,8188,2297,0,0,0,0,0,0,0,10705,0,80ab583c78c3ff42,search_cost_runs.csv
RP,host,0,blocked_panel_local,128,uniform,8192,20260823,7e26db0f5eeca17d,1,1.00999999,6,completed,2080.93046,2080.94116211,sampled_fp64_32x32,0.256592113612,71.5,1,0,8188,2297,0,0,0,0,0,0,0,10705,0,80ab583c78c3ff42,search_cost_runs.csv
RP,host,0,blocked_panel_local,128,uniform,8192,20260823,7e26db0f5eeca17d,2,1.00999999,6,completed,2081.494887,2081.50634766,sampled_fp64_32x32,0.256592113612,71.5,1,0,8188,2297,0,0,0,0,0,0,0,10705,0,80ab583c78c3ff42,search_cost_runs.csv
RP,fused_device,0,blocked_panel_local,128,uniform,8192,20260823,7e26db0f5eeca17d,0,1.00999999,6,completed,1551.882271,1551.89050293,sampled_fp64_32x32,0.256592113612,71.5,1,0,8188,2297,0,0,0,0,0,0,0,10705,0,80ab583c78c3ff42,search_cost_runs.csv
RP,fused_device,0,blocked_panel_local,128,uniform,8192,20260823,7e26db0f5eeca17d,1,1.00999999,6,completed,1548.302356,1548.30126953,sampled_fp64_32x32,0.256592113612,71.5,1,0,8188,2297,0,0,0,0,0,0,0,10705,0,80ab583c78c3ff42,search_cost_runs.csv
RP,fused_device,0,blocked_panel_local,128,uniform,8192,20260823,7e26db0f5eeca17d,2,1.00999999,6,completed,1550.263471,1550.27246094,sampled_fp64_32x32,0.256592113612,71.5,1,0,8188,2297,0,0,0,0,0,0,0,10705,0,80ab583c78c3ff42,search_cost_runs.csv
CP,fused_device,0,blocked_panel_local,128,uniform,8192,20260823,7e26db0f5eeca17d,0,1.00999999,6,completed,1536.343573,1536.35229492,sampled_fp64_32x32,0.18838665988,56.46875,1,0,8180,7868,0,0,0,0,0,0,0,0,0,e10e6d761279cbf9,search_cost_runs.csv
CP,fused_device,0,blocked_panel_local,128,uniform,8192,20260823,7e26db0f5eeca17d,1,1.00999999,6,completed,1533.321248,1533.32836914,sampled_fp64_32x32,0.18838665988,56.46875,1,0,8180,7868,0,0,0,0,0,0,0,0,0,e10e6d761279cbf9,search_cost_runs.csv
CP,fused_device,0,blocked_panel_local,128,uniform,8192,20260823,7e26db0f5eeca17d,2,1.00999999,6,completed,1536.150473,1536.15869141,sampled_fp64_32x32,0.18838665988,56.46875,1,0,8180,7868,0,0,0,0,0,0,0,0,0,e10e6d761279cbf9,search_cost_runs.csv
ScPP,host,0,blocked_panel_local,128,uniform,8192,20260823,7e26db0f5eeca17d,0,1.00999999,6,completed,1952.500336,1952.51208496,sampled_fp64_32x32,0.180006588285,88.4375,1,0,8180,0,0,0,0,0,0,0,0,0,0,d1d548ebf6019f4c,search_cost_runs.csv
ScPP,host,0,blocked_panel_local,128,uniform,8192,20260823,7e26db0f5eeca17d,1,1.00999999,6,completed,1949.205173,1949.21618652,sampled_fp64_32x32,0.180006588285,88.4375,1,0,8180,0,0,0,0,0,0,0,0,0,0,d1d548ebf6019f4c,search_cost_runs.csv
ScPP,host,0,blocked_panel_local,128,uniform,8192,20260823,7e26db0f5eeca17d,2,1.00999999,6,completed,1951.585476,1951.59545898,sampled_fp64_32x32,0.180006588285,88.4375,1,0,8180,0,0,0,0,0,0,0,0,0,0,d1d548ebf6019f4c,search_cost_runs.csv
ScPP,fused_device,0,blocked_panel_local,128,uniform,8192,20260823,7e26db0f5eeca17d,0,1.00999999,6,completed,1573.708267,1573.71801758,sampled_fp64_32x32,0.180006588285,88.4375,1,0,8180,0,0,0,0,0,0,0,0,0,0,d1d548ebf6019f4c,search_cost_runs.csv
ScPP,fused_device,0,blocked_panel_local,128,uniform,8192,20260823,7e26db0f5eeca17d,1,1.00999999,6,completed,1571.56648,1571.57373047,sampled_fp64_32x32,0.180006588285,88.4375,1,0,8180,0,0,0,0,0,0,0,0,0,0,d1d548ebf6019f4c,search_cost_runs.csv
ScPP,fused_device,0,blocked_panel_local,128,uniform,8192,20260823,7e26db0f5eeca17d,2,1.00999999,6,completed,1573.777636,1573.78564453,sampled_fp64_32x32,0.180006588285,88.4375,1,0,8180,0,0,0,0,0,0,0,0,0,0,d1d548ebf6019f4c,search_cost_runs.csv
PP,host,0,blocked_panel_local,128,uniform,8192,20260824,4771c133e3150c9c,0,1.00999999,6,completed,1937.565701,1937.57641602,sampled_fp64_32x32,0.219588531862,91.625,1,0,8182,0,0,0,0,0,0,0,0,0,0,b04d2667242cd3c7,search_cost_runs.csv
PP,host,0,blocked_panel_local,128,uniform,8192,20260824,4771c133e3150c9c,1,1.00999999,6,completed,1937.835193,1937.84643555,sampled_fp64_32x32,0.219588531862,91.625,1,0,8182,0,0,0,0,0,0,0,0,0,0,b04d2667242cd3c7,search_cost_runs.csv
PP,host,0,blocked_panel_local,128,uniform,8192,20260824,4771c133e3150c9c,2,1.00999999,6,completed,1938.058331,1938.0682373,sampled_fp64_32x32,0.219588531862,91.625,1,0,8182,0,0,0,0,0,0,0,0,0,0,b04d2667242cd3c7,search_cost_runs.csv
PP,fused_device,0,blocked_panel_local,128,uniform,8192,20260824,4771c133e3150c9c,0,1.00999999,6,completed,1521.013605,1521.02294922,sampled_fp64_32x32,0.219588531862,91.625,1,0,8182,0,0,0,0,0,0,0,0,0,0,b04d2667242cd3c7,search_cost_runs.csv
PP,fused_device,0,blocked_panel_local,128,uniform,8192,20260824,4771c133e3150c9c,1,1.00999999,6,completed,1518.054299,1518.06152344,sampled_fp64_32x32,0.219588531862,91.625,1,0,8182,0,0,0,0,0,0,0,0,0,0,b04d2667242cd3c7,search_cost_runs.csv
PP,fused_device,0,blocked_panel_local,128,uniform,8192,20260824,4771c133e3150c9c,2,1.00999999,6,completed,1520.786718,1520.79467773,sampled_fp64_32x32,0.219588531862,91.625,1,0,8182,0,0,0,0,0,0,0,0,0,0,b04d2667242cd3c7,search_cost_runs.csv
DP,host,0,blocked_panel_local,128,uniform,8192,20260824,4771c133e3150c9c,0,1.00999999,6,completed,2020.789288,2020.8001709,sampled_fp64_32x32,0.29590860763,93.75,1,0,8180,1201,1201,10,0,0,0,0,0,0,0,aee5242eebfa2445,search_cost_runs.csv
DP,host,0,blocked_panel_local,128,uniform,8192,20260824,4771c133e3150c9c,1,1.00999999,6,completed,2020.350179,2020.36169434,sampled_fp64_32x32,0.29590860763,93.75,1,0,8180,1201,1201,10,0,0,0,0,0,0,0,aee5242eebfa2445,search_cost_runs.csv
DP,host,0,blocked_panel_local,128,uniform,8192,20260824,4771c133e3150c9c,2,1.00999999,6,completed,2018.635865,2018.64782715,sampled_fp64_32x32,0.29590860763,93.75,1,0,8180,1201,1201,10,0,0,0,0,0,0,0,aee5242eebfa2445,search_cost_runs.csv
DP,fused_device,0,blocked_panel_local,128,uniform,8192,20260824,4771c133e3150c9c,0,1.00999999,6,completed,1563.360567,1563.3684082,sampled_fp64_32x32,0.29590860763,93.75,1,0,8180,1201,1201,10,0,0,0,0,0,0,0,aee5242eebfa2445,search_cost_runs.csv
DP,fused_device,0,blocked_panel_local,128,uniform,8192,20260824,4771c133e3150c9c,1,1.00999999,6,completed,1560.86686,1560.875,sampled_fp64_32x32,0.29590860763,93.75,1,0,8180,1201,1201,10,0,0,0,0,0,0,0,aee5242eebfa2445,search_cost_runs.csv
DP,fused_device,0,blocked_panel_local,128,uniform,8192,20260824,4771c133e3150c9c,2,1.00999999,6,completed,1563.843987,1563.85388184,sampled_fp64_32x32,0.29590860763,93.75,1,0,8180,1201,1201,10,0,0,0,0,0,0,0,aee5242eebfa2445,search_cost_runs.csv
GP,host,0,blocked_panel_local,128,uniform,8192,20260824,4771c133e3150c9c,0,1.00999999,6,completed,1999.136289,1999.14672852,sampled_fp64_32x32,0.190869478713,84.25,1.009765625,0,8183,0,0,0,1018,490,0,0,0,0,0,033b2f2adc56718a,search_cost_runs.csv
GP,host,0,blocked_panel_local,128,uniform,8192,20260824,4771c133e3150c9c,1,1.00999999,6,completed,1997.821608,1997.83227539,sampled_fp64_32x32,0.190869478713,84.25,1.009765625,0,8183,0,0,0,1018,490,0,0,0,0,0,033b2f2adc56718a,search_cost_runs.csv
GP,host,0,blocked_panel_local,128,uniform,8192,20260824,4771c133e3150c9c,2,1.00999999,6,completed,1999.442637,1999.45471191,sampled_fp64_32x32,0.190869478713,84.25,1.009765625,0,8183,0,0,0,1018,490,0,0,0,0,0,033b2f2adc56718a,search_cost_runs.csv
GP,fused_device,0,blocked_panel_local,128,uniform,8192,20260824,4771c133e3150c9c,0,1.00999999,6,completed,1555.421201,1555.42834473,sampled_fp64_32x32,0.190869478713,84.25,1.009765625,0,8183,0,0,0,1018,490,0,0,0,0,0,033b2f2adc56718a,search_cost_runs.csv
GP,fused_device,0,blocked_panel_local,128,uniform,8192,20260824,4771c133e3150c9c,1,1.00999999,6,completed,1552.100344,1552.10852051,sampled_fp64_32x32,0.190869478713,84.25,1.009765625,0,8183,0,0,0,1018,490,0,0,0,0,0,033b2f2adc56718a,search_cost_runs.csv
GP,fused_device,0,blocked_panel_local,128,uniform,8192,20260824,4771c133e3150c9c,2,1.00999999,6,completed,1555.799099,1555.80822754,sampled_fp64_32x32,0.190869478713,84.25,1.009765625,0,8183,0,0,0,1018,490,0,0,0,0,0,033b2f2adc56718a,search_cost_runs.csv
ScaP,host,0,blocked_panel_local,128,uniform,8192,20260824,4771c133e3150c9c,0,1.00999999,6,completed,2273.383277,2273.39550781,sampled_fp64_32x32,0.233198987684,66.125,1,0,8186,4245,0,0,0,0,3946,3326,919,0,0,7eb4fee4e8db28ba,search_cost_runs.csv
ScaP,host,0,blocked_panel_local,128,uniform,8192,20260824,4771c133e3150c9c,1,1.00999999,6,completed,2270.834825,2270.84692383,sampled_fp64_32x32,0.233198987684,66.125,1,0,8186,4245,0,0,0,0,3946,3326,919,0,0,7eb4fee4e8db28ba,search_cost_runs.csv
ScaP,host,0,blocked_panel_local,128,uniform,8192,20260824,4771c133e3150c9c,2,1.00999999,6,completed,2273.002799,2273.01489258,sampled_fp64_32x32,0.233198987684,66.125,1,0,8186,4245,0,0,0,0,3946,3326,919,0,0,7eb4fee4e8db28ba,search_cost_runs.csv
ScaP,fused_device,0,blocked_panel_local,128,uniform,8192,20260824,4771c133e3150c9c,0,1.00999999,6,completed,1529.368843,1529.37573242,sampled_fp64_32x32,0.233198987684,66.125,1,0,8186,4245,0,0,0,0,3946,3326,919,0,0,7eb4fee4e8db28ba,search_cost_runs.csv
ScaP,fused_device,0,blocked_panel_local,128,uniform,8192,20260824,4771c133e3150c9c,1,1.00999999,6,completed,1521.28541,1521.29333496,sampled_fp64_32x32,0.233198987684,66.125,1,0,8186,4245,0,0,0,0,3946,3326,919,0,0,7eb4fee4e8db28ba,search_cost_runs.csv
ScaP,fused_device,0,blocked_panel_local,128,uniform,8192,20260824,4771c133e3150c9c,2,1.00999999,6,completed,1523.825822,1523.83483887,sampled_fp64_32x32,0.233198987684,66.125,1,0,8186,4245,0,0,0,0,3946,3326,919,0,0,7eb4fee4e8db28ba,search_cost_runs.csv
RP,host,0,blocked_panel_local,128,uniform,8192,20260824,4771c133e3150c9c,0,1.00999999,6,completed,2072.445567,2072.45654297,sampled_fp64_32x32,0.194589518651,71.9375,1,0,8180,2275,0,0,0,0,0,0,0,10690,0,fba4015088618e9e,search_cost_runs.csv
RP,host,0,blocked_panel_local,128,uniform,8192,20260824,4771c133e3150c9c,1,1.00999999,6,completed,2067.535612,2067.54663086,sampled_fp64_32x32,0.194589518651,71.9375,1,0,8180,2275,0,0,0,0,0,0,0,10690,0,fba4015088618e9e,search_cost_runs.csv
RP,host,0,blocked_panel_local,128,uniform,8192,20260824,4771c133e3150c9c,2,1.00999999,6,completed,2069.312727,2069.32470703,sampled_fp64_32x32,0.194589518651,71.9375,1,0,8180,2275,0,0,0,0,0,0,0,10690,0,fba4015088618e9e,search_cost_runs.csv
RP,fused_device,0,blocked_panel_local,128,uniform,8192,20260824,4771c133e3150c9c,0,1.00999999,6,completed,1543.781359,1543.79064941,sampled_fp64_32x32,0.194589518651,71.9375,1,0,8180,2275,0,0,0,0,0,0,0,10690,0,fba4015088618e9e,search_cost_runs.csv
RP,fused_device,0,blocked_panel_local,128,uniform,8192,20260824,4771c133e3150c9c,1,1.00999999,6,completed,1540.520473,1540.52807617,sampled_fp64_32x32,0.194589518651,71.9375,1,0,8180,2275,0,0,0,0,0,0,0,10690,0,fba4015088618e9e,search_cost_runs.csv
RP,fused_device,0,blocked_panel_local,128,uniform,8192,20260824,4771c133e3150c9c,2,1.00999999,6,completed,1543.302547,1543.31030273,sampled_fp64_32x32,0.194589518651,71.9375,1,0,8180,2275,0,0,0,0,0,0,0,10690,0,fba4015088618e9e,search_cost_runs.csv
CP,fused_device,0,blocked_panel_local,128,uniform,8192,20260824,4771c133e3150c9c,0,1.00999999,6,completed,1530.039987,1530.04956055,sampled_fp64_32x32,0.243192613876,59.28125,1,0,8179,7844,0,0,0,0,0,0,0,0,0,35e9c9851af8a1c6,search_cost_runs.csv
CP,fused_device,0,blocked_panel_local,128,uniform,8192,20260824,4771c133e3150c9c,1,1.00999999,6,completed,1527.13307,1527.13928223,sampled_fp64_32x32,0.243192613876,59.28125,1,0,8179,7844,0,0,0,0,0,0,0,0,0,35e9c9851af8a1c6,search_cost_runs.csv
CP,fused_device,0,blocked_panel_local,128,uniform,8192,20260824,4771c133e3150c9c,2,1.00999999,6,completed,1530.36675,1530.37414551,sampled_fp64_32x32,0.243192613876,59.28125,1,0,8179,7844,0,0,0,0,0,0,0,0,0,35e9c9851af8a1c6,search_cost_runs.csv
ScPP,host,0,blocked_panel_local,128,uniform,8192,20260824,4771c133e3150c9c,0,1.00999999,6,completed,1946.094555,1946.10717773,sampled_fp64_32x32,0.27139129251,112.4375,1.0009765625,0,8186,0,0,0,0,0,0,0,0,0,0,9ec1b40a7d841d02,search_cost_runs.csv
ScPP,host,0,blocked_panel_local,128,uniform,8192,20260824,4771c133e3150c9c,1,1.00999999,6,completed,1944.54494,1944.55834961,sampled_fp64_32x32,0.27139129251,112.4375,1.0009765625,0,8186,0,0,0,0,0,0,0,0,0,0,9ec1b40a7d841d02,search_cost_runs.csv
ScPP,host,0,blocked_panel_local,128,uniform,8192,20260824,4771c133e3150c9c,2,1.00999999,6,completed,1945.963405,1945.97680664,sampled_fp64_32x32,0.27139129251,112.4375,1.0009765625,0,8186,0,0,0,0,0,0,0,0,0,0,9ec1b40a7d841d02,search_cost_runs.csv
ScPP,fused_device,0,blocked_panel_local,128,uniform,8192,20260824,4771c133e3150c9c,0,1.00999999,6,completed,1569.153797,1569.16430664,sampled_fp64_32x32,0.27139129251,112.4375,1.0009765625,0,8186,0,0,0,0,0,0,0,0,0,0,9ec1b40a7d841d02,search_cost_runs.csv
ScPP,fused_device,0,blocked_panel_local,128,uniform,8192,20260824,4771c133e3150c9c,1,1.00999999,6,completed,1566.506909,1566.51525879,sampled_fp64_32x32,0.27139129251,112.4375,1.0009765625,0,8186,0,0,0,0,0,0,0,0,0,0,9ec1b40a7d841d02,search_cost_runs.csv
ScPP,fused_device,0,blocked_panel_local,128,uniform,8192,20260824,4771c133e3150c9c,2,1.00999999,6,completed,1569.448367,1569.45617676,sampled_fp64_32x32,0.27139129251,112.4375,1.0009765625,0,8186,0,0,0,0,0,0,0,0,0,0,9ec1b40a7d841d02,search_cost_runs.csv
PP,host,0,blocked_panel_local,128,uniform,8192,20260825,83b790e4e6559599,0,1.00999999,6,completed,1936.577559,1936.58850098,sampled_fp64_32x32,0.204499343895,89.625,1,0,8182,0,0,0,0,0,0,0,0,0,0,b72f7df4d18263e4,search_cost_runs.csv
PP,host,0,blocked_panel_local,128,uniform,8192,20260825,83b790e4e6559599,1,1.00999999,6,completed,1934.122706,1934.1340332,sampled_fp64_32x32,0.204499343895,89.625,1,0,8182,0,0,0,0,0,0,0,0,0,0,b72f7df4d18263e4,search_cost_runs.csv
PP,host,0,blocked_panel_local,128,uniform,8192,20260825,83b790e4e6559599,2,1.00999999,6,completed,1937.705367,1937.71655273,sampled_fp64_32x32,0.204499343895,89.625,1,0,8182,0,0,0,0,0,0,0,0,0,0,b72f7df4d18263e4,search_cost_runs.csv
PP,fused_device,0,blocked_panel_local,128,uniform,8192,20260825,83b790e4e6559599,0,1.00999999,6,completed,1517.549707,1517.55773926,sampled_fp64_32x32,0.204499343895,89.625,1,0,8182,0,0,0,0,0,0,0,0,0,0,b72f7df4d18263e4,search_cost_runs.csv
PP,fused_device,0,blocked_panel_local,128,uniform,8192,20260825,83b790e4e6559599,1,1.00999999,6,completed,1514.838233,1514.84619141,sampled_fp64_32x32,0.204499343895,89.625,1,0,8182,0,0,0,0,0,0,0,0,0,0,b72f7df4d18263e4,search_cost_runs.csv
PP,fused_device,0,blocked_panel_local,128,uniform,8192,20260825,83b790e4e6559599,2,1.00999999,6,completed,1517.997642,1518.00622559,sampled_fp64_32x32,0.204499343895,89.625,1,0,8182,0,0,0,0,0,0,0,0,0,0,b72f7df4d18263e4,search_cost_runs.csv
DP,host,0,blocked_panel_local,128,uniform,8192,20260825,83b790e4e6559599,0,1.00999999,6,completed,2020.143735,2020.15563965,sampled_fp64_32x32,0.213610652123,95.875,0.99951171875,0,8185,1137,1137,10,0,0,0,0,0,0,0,7dffc668ba3b60cd,search_cost_runs.csv
DP,host,0,blocked_panel_local,128,uniform,8192,20260825,83b790e4e6559599,1,1.00999999,6,completed,2017.840395,2017.85083008,sampled_fp64_32x32,0.213610652123,95.875,0.99951171875,0,8185,1137,1137,10,0,0,0,0,0,0,0,7dffc668ba3b60cd,search_cost_runs.csv
DP,host,0,blocked_panel_local,128,uniform,8192,20260825,83b790e4e6559599,2,1.00999999,6,completed,2021.326979,2021.33874512,sampled_fp64_32x32,0.213610652123,95.875,0.99951171875,0,8185,1137,1137,10,0,0,0,0,0,0,0,7dffc668ba3b60cd,search_cost_runs.csv
DP,fused_device,0,blocked_panel_local,128,uniform,8192,20260825,83b790e4e6559599,0,1.00999999,6,completed,1556.485961,1556.49536133,sampled_fp64_32x32,0.213610652123,95.875,0.99951171875,0,8185,1137,1137,10,0,0,0,0,0,0,0,7dffc668ba3b60cd,search_cost_runs.csv
DP,fused_device,0,blocked_panel_local,128,uniform,8192,20260825,83b790e4e6559599,1,1.00999999,6,completed,1554.151218,1554.15966797,sampled_fp64_32x32,0.213610652123,95.875,0.99951171875,0,8185,1137,1137,10,0,0,0,0,0,0,0,7dffc668ba3b60cd,search_cost_runs.csv
DP,fused_device,0,blocked_panel_local,128,uniform,8192,20260825,83b790e4e6559599,2,1.00999999,6,completed,1556.589137,1556.59777832,sampled_fp64_32x32,0.213610652123,95.875,0.99951171875,0,8185,1137,1137,10,0,0,0,0,0,0,0,7dffc668ba3b60cd,search_cost_runs.csv
GP,host,0,blocked_panel_local,128,uniform,8192,20260825,83b790e4e6559599,0,1.00999999,6,completed,1990.057822,1990.06970215,sampled_fp64_32x32,0.179469161576,99.75,1.009765625,0,8184,0,0,0,1057,521,0,0,0,0,0,255c13ab5d4c4b95,search_cost_runs.csv
GP,host,0,blocked_panel_local,128,uniform,8192,20260825,83b790e4e6559599,1,1.00999999,6,completed,1987.867435,1987.87902832,sampled_fp64_32x32,0.179469161576,99.75,1.009765625,0,8184,0,0,0,1057,521,0,0,0,0,0,255c13ab5d4c4b95,search_cost_runs.csv
GP,host,0,blocked_panel_local,128,uniform,8192,20260825,83b790e4e6559599,2,1.00999999,6,completed,1990.342864,1990.35534668,sampled_fp64_32x32,0.179469161576,99.75,1.009765625,0,8184,0,0,0,1057,521,0,0,0,0,0,255c13ab5d4c4b95,search_cost_runs.csv
GP,fused_device,0,blocked_panel_local,128,uniform,8192,20260825,83b790e4e6559599,0,1.00999999,6,completed,1546.907131,1546.91687012,sampled_fp64_32x32,0.179469161576,99.75,1.009765625,0,8184,0,0,0,1057,521,0,0,0,0,0,255c13ab5d4c4b95,search_cost_runs.csv
GP,fused_device,0,blocked_panel_local,128,uniform,8192,20260825,83b790e4e6559599,1,1.00999999,6,completed,1544.828844,1544.83605957,sampled_fp64_32x32,0.179469161576,99.75,1.009765625,0,8184,0,0,0,1057,521,0,0,0,0,0,255c13ab5d4c4b95,search_cost_runs.csv
GP,fused_device,0,blocked_panel_local,128,uniform,8192,20260825,83b790e4e6559599,2,1.00999999,6,completed,1546.994322,1547.00183105,sampled_fp64_32x32,0.179469161576,99.75,1.009765625,0,8184,0,0,0,1057,521,0,0,0,0,0,255c13ab5d4c4b95,search_cost_runs.csv
ScaP,host,0,blocked_panel_local,128,uniform,8192,20260825,83b790e4e6559599,0,1.00999999,6,completed,2265.20147,2265.21484375,sampled_fp64_32x32,0.20367077741,71.3125,1,0,8183,4208,0,0,0,0,3983,3371,837,0,0,a1d3adb03411dec9,search_cost_runs.csv
ScaP,host,0,blocked_panel_local,128,uniform,8192,20260825,83b790e4e6559599,1,1.00999999,6,completed,2260.721124,2260.73510742,sampled_fp64_32x32,0.20367077741,71.3125,1,0,8183,4208,0,0,0,0,3983,3371,837,0,0,a1d3adb03411dec9,search_cost_runs.csv
ScaP,host,0,blocked_panel_local,128,uniform,8192,20260825,83b790e4e6559599,2,1.00999999,6,completed,2265.651951,2265.6652832,sampled_fp64_32x32,0.20367077741,71.3125,1,0,8183,4208,0,0,0,0,3983,3371,837,0,0,a1d3adb03411dec9,search_cost_runs.csv
ScaP,fused_device,0,blocked_panel_local,128,uniform,8192,20260825,83b790e4e6559599,0,1.00999999,6,completed,1524.678957,1524.68688965,sampled_fp64_32x32,0.20367077741,71.3125,1,0,8183,4208,0,0,0,0,3983,3371,837,0,0,a1d3adb03411dec9,search_cost_runs.csv
ScaP,fused_device,0,blocked_panel_local,128,uniform,8192,20260825,83b790e4e6559599,1,1.00999999,6,completed,1521.383439,1521.390625,sampled_fp64_32x32,0.20367077741,71.3125,1,0,8183,4208,0,0,0,0,3983,3371,837,0,0,a1d3adb03411dec9,search_cost_runs.csv
ScaP,fused_device,0,blocked_panel_local,128,uniform,8192,20260825,83b790e4e6559599,2,1.00999999,6,completed,1524.184849,1524.19433594,sampled_fp64_32x32,0.20367077741,71.3125,1,0,8183,4208,0,0,0,0,3983,3371,837,0,0,a1d3adb03411dec9,search_cost_runs.csv
RP,host,0,blocked_panel_local,128,uniform,8192,20260825,83b790e4e6559599,0,1.00999999,6,completed,2076.610361,2076.62231445,sampled_fp64_32x32,0.219693799935,80.875,1,0,8186,2283,0,0,0,0,0,0,0,10710,0,1e80d050c5bcad05,search_cost_runs.csv
RP,host,0,blocked_panel_local,128,uniform,8192,20260825,83b790e4e6559599,1,1.00999999,6,completed,2074.622223,2074.63354492,sampled_fp64_32x32,0.219693799935,80.875,1,0,8186,2283,0,0,0,0,0,0,0,10710,0,1e80d050c5bcad05,search_cost_runs.csv
RP,host,0,blocked_panel_local,128,uniform,8192,20260825,83b790e4e6559599,2,1.00999999,6,completed,2076.615729,2076.62768555,sampled_fp64_32x32,0.219693799935,80.875,1,0,8186,2283,0,0,0,0,0,0,0,10710,0,1e80d050c5bcad05,search_cost_runs.csv
RP,fused_device,0,blocked_panel_local,128,uniform,8192,20260825,83b790e4e6559599,0,1.00999999,6,completed,1546.050302,1546.05981445,sampled_fp64_32x32,0.219693799935,80.875,1,0,8186,2283,0,0,0,0,0,0,0,10710,0,1e80d050c5bcad05,search_cost_runs.csv
RP,fused_device,0,blocked_panel_local,128,uniform,8192,20260825,83b790e4e6559599,1,1.00999999,6,completed,1543.306746,1543.31445312,sampled_fp64_32x32,0.219693799935,80.875,1,0,8186,2283,0,0,0,0,0,0,0,10710,0,1e80d050c5bcad05,search_cost_runs.csv
RP,fused_device,0,blocked_panel_local,128,uniform,8192,20260825,83b790e4e6559599,2,1.00999999,6,completed,1546.065733,1546.07409668,sampled_fp64_32x32,0.219693799935,80.875,1,0,8186,2283,0,0,0,0,0,0,0,10710,0,1e80d050c5bcad05,search_cost_runs.csv
CP,fused_device,0,blocked_panel_local,128,uniform,8192,20260825,83b790e4e6559599,0,1.00999999,6,completed,1528.215324,1528.22375488,sampled_fp64_32x32,0.176417010312,69.75,1,0,8175,7807,0,0,0,0,0,0,0,0,0,3279b1af38722561,search_cost_runs.csv
CP,fused_device,0,blocked_panel_local,128,uniform,8192,20260825,83b790e4e6559599,1,1.00999999,6,completed,1525.950268,1525.9576416,sampled_fp64_32x32,0.176417010312,69.75,1,0,8175,7807,0,0,0,0,0,0,0,0,0,3279b1af38722561,search_cost_runs.csv
CP,fused_device,0,blocked_panel_local,128,uniform,8192,20260825,83b790e4e6559599,2,1.00999999,6,completed,1528.532091,1528.5411377,sampled_fp64_32x32,0.176417010312,69.75,1,0,8175,7807,0,0,0,0,0,0,0,0,0,3279b1af38722561,search_cost_runs.csv
ScPP,host,0,blocked_panel_local,128,uniform,8192,20260825,83b790e4e6559599,0,1.00999999,6,completed,1957.398403,1957.41235352,sampled_fp64_32x32,0.268148019626,95.875,1,0,8176,0,0,0,0,0,0,0,0,0,0,472869b7953b339f,search_cost_runs.csv
ScPP,host,0,blocked_panel_local,128,uniform,8192,20260825,83b790e4e6559599,1,1.00999999,6,completed,1954.000853,1954.0123291,sampled_fp64_32x32,0.268148019626,95.875,1,0,8176,0,0,0,0,0,0,0,0,0,0,472869b7953b339f,search_cost_runs.csv
ScPP,host,0,blocked_panel_local,128,uniform,8192,20260825,83b790e4e6559599,2,1.00999999,6,completed,1956.439942,1956.45166016,sampled_fp64_32x32,0.268148019626,95.875,1,0,8176,0,0,0,0,0,0,0,0,0,0,472869b7953b339f,search_cost_runs.csv
ScPP,fused_device,0,blocked_panel_local,128,uniform,8192,20260825,83b790e4e6559599,0,1.00999999,6,completed,1574.327245,1574.33654785,sampled_fp64_32x32,0.268148019626,95.875,1,0,8176,0,0,0,0,0,0,0,0,0,0,472869b7953b339f,search_cost_runs.csv
ScPP,fused_device,0,blocked_panel_local,128,uniform,8192,20260825,83b790e4e6559599,1,1.00999999,6,completed,1571.815063,1571.82263184,sampled_fp64_32x32,0.268148019626,95.875,1,0,8176,0,0,0,0,0,0,0,0,0,0,472869b7953b339f,search_cost_runs.csv
ScPP,fused_device,0,blocked_panel_local,128,uniform,8192,20260825,83b790e4e6559599,2,1.00999999,6,completed,1574.45576,1574.46447754,sampled_fp64_32x32,0.268148019626,95.875,1,0,8176,0,0,0,0,0,0,0,0,0,0,472869b7953b339f,search_cost_runs.csv
PP,host,0,blocked_panel_local,128,uniform,10240,20260823,eda20a3a3bb3a0b9,0,1.00999999,6,completed,3280.62129,3280.63989258,sampled_fp64_32x32,0.333993823657,93.625,1,0,10231,0,0,0,0,0,0,0,0,0,0,1900423da03b2f96,search_cost_runs.csv
PP,host,0,blocked_panel_local,128,uniform,10240,20260823,eda20a3a3bb3a0b9,1,1.00999999,6,completed,3279.009085,3279.02832031,sampled_fp64_32x32,0.333993823657,93.625,1,0,10231,0,0,0,0,0,0,0,0,0,0,1900423da03b2f96,search_cost_runs.csv
PP,host,0,blocked_panel_local,128,uniform,10240,20260823,eda20a3a3bb3a0b9,2,1.00999999,6,completed,3281.126231,3281.14526367,sampled_fp64_32x32,0.333993823657,93.625,1,0,10231,0,0,0,0,0,0,0,0,0,0,1900423da03b2f96,search_cost_runs.csv
PP,fused_device,0,blocked_panel_local,128,uniform,10240,20260823,eda20a3a3bb3a0b9,0,1.00999999,6,completed,2746.151434,2746.16625977,sampled_fp64_32x32,0.333993823657,93.625,1,0,10231,0,0,0,0,0,0,0,0,0,0,1900423da03b2f96,search_cost_runs.csv
PP,fused_device,0,blocked_panel_local,128,uniform,10240,20260823,eda20a3a3bb3a0b9,1,1.00999999,6,completed,2745.405714,2745.41967773,sampled_fp64_32x32,0.333993823657,93.625,1,0,10231,0,0,0,0,0,0,0,0,0,0,1900423da03b2f96,search_cost_runs.csv
PP,fused_device,0,blocked_panel_local,128,uniform,10240,20260823,eda20a3a3bb3a0b9,2,1.00999999,6,completed,2745.982418,2745.99633789,sampled_fp64_32x32,0.333993823657,93.625,1,0,10231,0,0,0,0,0,0,0,0,0,0,1900423da03b2f96,search_cost_runs.csv
DP,host,0,blocked_panel_local,128,uniform,10240,20260823,eda20a3a3bb3a0b9,0,1.00999999,6,completed,3420.48571,3420.50610352,sampled_fp64_32x32,0.372568850638,105.875,1,0,10230,1508,1508,15,0,0,0,0,0,0,0,ded48bd52012501e,search_cost_runs.csv
DP,host,0,blocked_panel_local,128,uniform,10240,20260823,eda20a3a3bb3a0b9,1,1.00999999,6,completed,3417.858315,3417.87866211,sampled_fp64_32x32,0.372568850638,105.875,1,0,10230,1508,1508,15,0,0,0,0,0,0,0,ded48bd52012501e,search_cost_runs.csv
DP,host,0,blocked_panel_local,128,uniform,10240,20260823,eda20a3a3bb3a0b9,2,1.00999999,6,completed,3422.537333,3422.55712891,sampled_fp64_32x32,0.372568850638,105.875,1,0,10230,1508,1508,15,0,0,0,0,0,0,0,ded48bd52012501e,search_cost_runs.csv
DP,fused_device,0,blocked_panel_local,128,uniform,10240,20260823,eda20a3a3bb3a0b9,0,1.00999999,6,completed,2808.155052,2808.17041016,sampled_fp64_32x32,0.372568850638,105.875,1,0,10230,1508,1508,15,0,0,0,0,0,0,0,ded48bd52012501e,search_cost_runs.csv
DP,fused_device,0,blocked_panel_local,128,uniform,10240,20260823,eda20a3a3bb3a0b9,1,1.00999999,6,completed,2808.040992,2808.05688477,sampled_fp64_32x32,0.372568850638,105.875,1,0,10230,1508,1508,15,0,0,0,0,0,0,0,ded48bd52012501e,search_cost_runs.csv
DP,fused_device,0,blocked_panel_local,128,uniform,10240,20260823,eda20a3a3bb3a0b9,2,1.00999999,6,completed,2808.177882,2808.19702148,sampled_fp64_32x32,0.372568850638,105.875,1,0,10230,1508,1508,15,0,0,0,0,0,0,0,ded48bd52012501e,search_cost_runs.csv
GP,host,0,blocked_panel_local,128,uniform,10240,20260823,eda20a3a3bb3a0b9,0,1.00999999,6,completed,3370.719924,3370.73974609,sampled_fp64_32x32,0.258290232799,102.8125,1.009765625,0,10233,0,0,0,1306,655,0,0,0,0,0,b7c01942c7264cec,search_cost_runs.csv
GP,host,0,blocked_panel_local,128,uniform,10240,20260823,eda20a3a3bb3a0b9,1,1.00999999,6,completed,3370.224211,3370.24462891,sampled_fp64_32x32,0.258290232799,102.8125,1.009765625,0,10233,0,0,0,1306,655,0,0,0,0,0,b7c01942c7264cec,search_cost_runs.csv
GP,host,0,blocked_panel_local,128,uniform,10240,20260823,eda20a3a3bb3a0b9,2,1.00999999,6,completed,3369.791747,3369.81201172,sampled_fp64_32x32,0.258290232799,102.8125,1.009765625,0,10233,0,0,0,1306,655,0,0,0,0,0,b7c01942c7264cec,search_cost_runs.csv
GP,fused_device,0,blocked_panel_local,128,uniform,10240,20260823,eda20a3a3bb3a0b9,0,1.00999999,6,completed,2790.698228,2790.71435547,sampled_fp64_32x32,0.258290232799,102.8125,1.009765625,0,10233,0,0,0,1306,655,0,0,0,0,0,b7c01942c7264cec,search_cost_runs.csv
GP,fused_device,0,blocked_panel_local,128,uniform,10240,20260823,eda20a3a3bb3a0b9,1,1.00999999,6,completed,2790.63346,2790.64990234,sampled_fp64_32x32,0.258290232799,102.8125,1.009765625,0,10233,0,0,0,1306,655,0,0,0,0,0,b7c01942c7264cec,search_cost_runs.csv
GP,fused_device,0,blocked_panel_local,128,uniform,10240,20260823,eda20a3a3bb3a0b9,2,1.00999999,6,completed,2790.80338,2790.82299805,sampled_fp64_32x32,0.258290232799,102.8125,1.009765625,0,10233,0,0,0,1306,655,0,0,0,0,0,b7c01942c7264cec,search_cost_runs.csv
ScaP,host,0,blocked_panel_local,128,uniform,10240,20260823,eda20a3a3bb3a0b9,0,1.00999999,6,completed,3750.687713,3750.70922852,sampled_fp64_32x32,0.21797813884,106.75,1,0,10230,5267,0,0,0,0,4972,4211,1056,0,0,cf89fa7535191f70,search_cost_runs.csv
ScaP,host,0,blocked_panel_local,128,uniform,10240,20260823,eda20a3a3bb3a0b9,1,1.00999999,6,completed,3747.439965,3747.46166992,sampled_fp64_32x32,0.21797813884,106.75,1,0,10230,5267,0,0,0,0,4972,4211,1056,0,0,cf89fa7535191f70,search_cost_runs.csv
ScaP,host,0,blocked_panel_local,128,uniform,10240,20260823,eda20a3a3bb3a0b9,2,1.00999999,6,completed,3750.77351,3750.79614258,sampled_fp64_32x32,0.21797813884,106.75,1,0,10230,5267,0,0,0,0,4972,4211,1056,0,0,cf89fa7535191f70,search_cost_runs.csv
ScaP,fused_device,0,blocked_panel_local,128,uniform,10240,20260823,eda20a3a3bb3a0b9,0,1.00999999,6,completed,2756.623264,2756.63769531,sampled_fp64_32x32,0.21797813884,106.75,1,0,10230,5267,0,0,0,0,4972,4211,1056,0,0,cf89fa7535191f70,search_cost_runs.csv
ScaP,fused_device,0,blocked_panel_local,128,uniform,10240,20260823,eda20a3a3bb3a0b9,1,1.00999999,6,completed,2755.666057,2755.68139648,sampled_fp64_32x32,0.21797813884,106.75,1,0,10230,5267,0,0,0,0,4972,4211,1056,0,0,cf89fa7535191f70,search_cost_runs.csv
ScaP,fused_device,0,blocked_panel_local,128,uniform,10240,20260823,eda20a3a3bb3a0b9,2,1.00999999,6,completed,2756.259241,2756.27416992,sampled_fp64_32x32,0.21797813884,106.75,1,0,10230,5267,0,0,0,0,4972,4211,1056,0,0,cf89fa7535191f70,search_cost_runs.csv
RP,host,0,blocked_panel_local,128,uniform,10240,20260823,eda20a3a3bb3a0b9,0,1.00999999,6,completed,3457.660078,3457.6809082,sampled_fp64_32x32,0.21223881745,72.25,1,0,10224,2651,0,0,0,0,0,0,0,13126,0,6fb103fc9a52d199,search_cost_runs.csv
RP,host,0,blocked_panel_local,128,uniform,10240,20260823,eda20a3a3bb3a0b9,1,1.00999999,6,completed,3456.855506,3456.87597656,sampled_fp64_32x32,0.21223881745,72.25,1,0,10224,2651,0,0,0,0,0,0,0,13126,0,6fb103fc9a52d199,search_cost_runs.csv
RP,host,0,blocked_panel_local,128,uniform,10240,20260823,eda20a3a3bb3a0b9,2,1.00999999,6,completed,3456.053369,3456.07373047,sampled_fp64_32x32,0.21223881745,72.25,1,0,10224,2651,0,0,0,0,0,0,0,13126,0,6fb103fc9a52d199,search_cost_runs.csv
RP,fused_device,0,blocked_panel_local,128,uniform,10240,20260823,eda20a3a3bb3a0b9,0,1.00999999,6,completed,2784.485005,2784.50073242,sampled_fp64_32x32,0.21223881745,72.25,1,0,10224,2651,0,0,0,0,0,0,0,13126,0,6fb103fc9a52d199,search_cost_runs.csv
RP,fused_device,0,blocked_panel_local,128,uniform,10240,20260823,eda20a3a3bb3a0b9,1,1.00999999,6,completed,2784.344121,2784.359375,sampled_fp64_32x32,0.21223881745,72.25,1,0,10224,2651,0,0,0,0,0,0,0,13126,0,6fb103fc9a52d199,search_cost_runs.csv
RP,fused_device,0,blocked_panel_local,128,uniform,10240,20260823,eda20a3a3bb3a0b9,2,1.00999999,6,completed,2784.614941,2784.63476562,sampled_fp64_32x32,0.21223881745,72.25,1,0,10224,2651,0,0,0,0,0,0,0,13126,0,6fb103fc9a52d199,search_cost_runs.csv
CP,fused_device,0,blocked_panel_local,128,uniform,10240,20260823,eda20a3a3bb3a0b9,0,1.00999999,6,completed,2761.602992,2761.6184082,sampled_fp64_32x32,0.266983652167,77.8125,1,0,10232,9800,0,0,0,0,0,0,0,0,0,fbc8621698b37a84,search_cost_runs.csv
CP,fused_device,0,blocked_panel_local,128,uniform,10240,20260823,eda20a3a3bb3a0b9,1,1.00999999,6,completed,2761.874392,2761.88989258,sampled_fp64_32x32,0.266983652167,77.8125,1,0,10232,9800,0,0,0,0,0,0,0,0,0,fbc8621698b37a84,search_cost_runs.csv
CP,fused_device,0,blocked_panel_local,128,uniform,10240,20260823,eda20a3a3bb3a0b9,2,1.00999999,6,completed,2761.976753,2761.99316406,sampled_fp64_32x32,0.266983652167,77.8125,1,0,10232,9800,0,0,0,0,0,0,0,0,0,fbc8621698b37a84,search_cost_runs.csv
ScPP,host,0,blocked_panel_local,128,uniform,10240,20260823,eda20a3a3bb3a0b9,0,1.00999999,6,completed,3302.015976,3302.03759766,sampled_fp64_32x32,0.285485901419,117.5625,1,0,10235,0,0,0,0,0,0,0,0,0,0,41856edea9bddf9d,search_cost_runs.csv
ScPP,host,0,blocked_panel_local,128,uniform,10240,20260823,eda20a3a3bb3a0b9,1,1.00999999,6,completed,3301.844227,3301.86572266,sampled_fp64_32x32,0.285485901419,117.5625,1,0,10235,0,0,0,0,0,0,0,0,0,0,41856edea9bddf9d,search_cost_runs.csv
ScPP,host,0,blocked_panel_local,128,uniform,10240,20260823,eda20a3a3bb3a0b9,2,1.00999999,6,completed,3304.552399,3304.58154297,sampled_fp64_32x32,0.285485901419,117.5625,1,0,10235,0,0,0,0,0,0,0,0,0,0,41856edea9bddf9d,search_cost_runs.csv
ScPP,fused_device,0,blocked_panel_local,128,uniform,10240,20260823,eda20a3a3bb3a0b9,0,1.00999999,6,completed,2826.846061,2826.86254883,sampled_fp64_32x32,0.285485901419,117.5625,1,0,10235,0,0,0,0,0,0,0,0,0,0,41856edea9bddf9d,search_cost_runs.csv
ScPP,fused_device,0,blocked_panel_local,128,uniform,10240,20260823,eda20a3a3bb3a0b9,1,1.00999999,6,completed,2826.393931,2826.40991211,sampled_fp64_32x32,0.285485901419,117.5625,1,0,10235,0,0,0,0,0,0,0,0,0,0,41856edea9bddf9d,search_cost_runs.csv
ScPP,fused_device,0,blocked_panel_local,128,uniform,10240,20260823,eda20a3a3bb3a0b9,2,1.00999999,6,completed,2826.315408,2826.33422852,sampled_fp64_32x32,0.285485901419,117.5625,1,0,10235,0,0,0,0,0,0,0,0,0,0,41856edea9bddf9d,search_cost_runs.csv
PP,host,0,blocked_panel_local,128,uniform,10240,20260824,62d7bb474a20d426,0,1.00999999,6,completed,3282.441567,3282.46240234,sampled_fp64_32x32,0.250865422087,98.6875,1,0,10232,0,0,0,0,0,0,0,0,0,0,f77636858a6c2778,search_cost_runs.csv
PP,host,0,blocked_panel_local,128,uniform,10240,20260824,62d7bb474a20d426,1,1.00999999,6,completed,3279.456628,3279.47631836,sampled_fp64_32x32,0.250865422087,98.6875,1,0,10232,0,0,0,0,0,0,0,0,0,0,f77636858a6c2778,search_cost_runs.csv
PP,host,0,blocked_panel_local,128,uniform,10240,20260824,62d7bb474a20d426,2,1.00999999,6,completed,3282.760407,3282.78027344,sampled_fp64_32x32,0.250865422087,98.6875,1,0,10232,0,0,0,0,0,0,0,0,0,0,f77636858a6c2778,search_cost_runs.csv
PP,fused_device,0,blocked_panel_local,128,uniform,10240,20260824,62d7bb474a20d426,0,1.00999999,6,completed,2744.805195,2744.82177734,sampled_fp64_32x32,0.250865422087,98.6875,1,0,10232,0,0,0,0,0,0,0,0,0,0,f77636858a6c2778,search_cost_runs.csv
PP,fused_device,0,blocked_panel_local,128,uniform,10240,20260824,62d7bb474a20d426,1,1.00999999,6,completed,2744.853477,2744.86987305,sampled_fp64_32x32,0.250865422087,98.6875,1,0,10232,0,0,0,0,0,0,0,0,0,0,f77636858a6c2778,search_cost_runs.csv
PP,fused_device,0,blocked_panel_local,128,uniform,10240,20260824,62d7bb474a20d426,2,1.00999999,6,completed,2744.910478,2744.92822266,sampled_fp64_32x32,0.250865422087,98.6875,1,0,10232,0,0,0,0,0,0,0,0,0,0,f77636858a6c2778,search_cost_runs.csv
DP,host,0,blocked_panel_local,128,uniform,10240,20260824,62d7bb474a20d426,0,1.00999999,6,completed,3408.297706,3408.31835938,sampled_fp64_32x32,0.237182769837,114.8125,1,0,10232,1487,1487,12,0,0,0,0,0,0,0,8c9cbec3a09d6ab1,search_cost_runs.csv
DP,host,0,blocked_panel_local,128,uniform,10240,20260824,62d7bb474a20d426,1,1.00999999,6,completed,3447.799371,3447.82006836,sampled_fp64_32x32,0.237182769837,114.8125,1,0,10232,1487,1487,12,0,0,0,0,0,0,0,8c9cbec3a09d6ab1,search_cost_runs.csv
DP,host,0,blocked_panel_local,128,uniform,10240,20260824,62d7bb474a20d426,2,1.00999999,6,completed,3415.228467,3415.24926758,sampled_fp64_32x32,0.237182769837,114.8125,1,0,10232,1487,1487,12,0,0,0,0,0,0,0,8c9cbec3a09d6ab1,search_cost_runs.csv
DP,fused_device,0,blocked_panel_local,128,uniform,10240,20260824,62d7bb474a20d426,0,1.00999999,6,completed,2806.697092,2806.71337891,sampled_fp64_32x32,0.237182769837,114.8125,1,0,10232,1487,1487,12,0,0,0,0,0,0,0,8c9cbec3a09d6ab1,search_cost_runs.csv
DP,fused_device,0,blocked_panel_local,128,uniform,10240,20260824,62d7bb474a20d426,1,1.00999999,6,completed,2806.731887,2806.74804688,sampled_fp64_32x32,0.237182769837,114.8125,1,0,10232,1487,1487,12,0,0,0,0,0,0,0,8c9cbec3a09d6ab1,search_cost_runs.csv
DP,fused_device,0,blocked_panel_local,128,uniform,10240,20260824,62d7bb474a20d426,2,1.00999999,6,completed,2806.722967,2806.74291992,sampled_fp64_32x32,0.237182769837,114.8125,1,0,10232,1487,1487,12,0,0,0,0,0,0,0,8c9cbec3a09d6ab1,search_cost_runs.csv
GP,host,0,blocked_panel_local,128,uniform,10240,20260824,62d7bb474a20d426,0,1.00999999,6,completed,3367.773433,3367.79370117,sampled_fp64_32x32,0.235394339194,106.125,1.009765625,0,10226,0,0,0,1301,669,0,0,0,0,0,91ce2599c98c601d,search_cost_runs.csv
GP,host,0,blocked_panel_local,128,uniform,10240,20260824,62d7bb474a20d426,1,1.00999999,6,completed,3368.214206,3368.23535156,sampled_fp64_32x32,0.235394339194,106.125,1.009765625,0,10226,0,0,0,1301,669,0,0,0,0,0,91ce2599c98c601d,search_cost_runs.csv
GP,host,0,blocked_panel_local,128,uniform,10240,20260824,62d7bb474a20d426,2,1.00999999,6,completed,3367.078979,3367.09887695,sampled_fp64_32x32,0.235394339194,106.125,1.009765625,0,10226,0,0,0,1301,669,0,0,0,0,0,91ce2599c98c601d,search_cost_runs.csv
GP,fused_device,0,blocked_panel_local,128,uniform,10240,20260824,62d7bb474a20d426,0,1.00999999,6,completed,2790.335532,2790.35180664,sampled_fp64_32x32,0.235394339194,106.125,1.009765625,0,10226,0,0,0,1301,669,0,0,0,0,0,91ce2599c98c601d,search_cost_runs.csv
GP,fused_device,0,blocked_panel_local,128,uniform,10240,20260824,62d7bb474a20d426,1,1.00999999,6,completed,2788.788759,2788.8046875,sampled_fp64_32x32,0.235394339194,106.125,1.009765625,0,10226,0,0,0,1301,669,0,0,0,0,0,91ce2599c98c601d,search_cost_runs.csv
GP,fused_device,0,blocked_panel_local,128,uniform,10240,20260824,62d7bb474a20d426,2,1.00999999,6,completed,2789.617988,2789.63598633,sampled_fp64_32x32,0.235394339194,106.125,1.009765625,0,10226,0,0,0,1301,669,0,0,0,0,0,91ce2599c98c601d,search_cost_runs.csv
ScaP,host,0,blocked_panel_local,128,uniform,10240,20260824,62d7bb474a20d426,0,1.00999999,6,completed,3757.752794,3757.77539062,sampled_fp64_32x32,0.324339843501,89.5625,1,0,10234,5281,0,0,0,0,4958,4187,1094,0,0,b10d1ae9e89904ea,search_cost_runs.csv
ScaP,host,0,blocked_panel_local,128,uniform,10240,20260824,62d7bb474a20d426,1,1.00999999,6,completed,3784.75126,3784.77514648,sampled_fp64_32x32,0.324339843501,89.5625,1,0,10234,5281,0,0,0,0,4958,4187,1094,0,0,b10d1ae9e89904ea,search_cost_runs.csv
ScaP,host,0,blocked_panel_local,128,uniform,10240,20260824,62d7bb474a20d426,2,1.00999999,6,completed,3763.121519,3763.14526367,sampled_fp64_32x32,0.324339843501,89.5625,1,0,10234,5281,0,0,0,0,4958,4187,1094,0,0,b10d1ae9e89904ea,search_cost_runs.csv
ScaP,fused_device,0,blocked_panel_local,128,uniform,10240,20260824,62d7bb474a20d426,0,1.00999999,6,completed,2753.041475,2753.05688477,sampled_fp64_32x32,0.324339843501,89.5625,1,0,10234,5281,0,0,0,0,4958,4187,1094,0,0,b10d1ae9e89904ea,search_cost_runs.csv
ScaP,fused_device,0,blocked_panel_local,128,uniform,10240,20260824,62d7bb474a20d426,1,1.00999999,6,completed,2752.240088,2752.25610352,sampled_fp64_32x32,0.324339843501,89.5625,1,0,10234,5281,0,0,0,0,4958,4187,1094,0,0,b10d1ae9e89904ea,search_cost_runs.csv
ScaP,fused_device,0,blocked_panel_local,128,uniform,10240,20260824,62d7bb474a20d426,2,1.00999999,6,completed,2753.813931,2753.82055664,sampled_fp64_32x32,0.324339843501,89.5625,1,0,10234,5281,0,0,0,0,4958,4187,1094,0,0,b10d1ae9e89904ea,search_cost_runs.csv
RP,host,0,blocked_panel_local,128,uniform,10240,20260824,62d7bb474a20d426,0,1.00999999,6,completed,3461.309535,3461.33056641,sampled_fp64_32x32,0.212299533436,73.4375,1,0,10230,2722,0,0,0,0,0,0,0,13206,0,3318ea5e15d9fd40,search_cost_runs.csv
RP,host,0,blocked_panel_local,128,uniform,10240,20260824,62d7bb474a20d426,1,1.00999999,6,completed,3457.540531,3457.56103516,sampled_fp64_32x32,0.212299533436,73.4375,1,0,10230,2722,0,0,0,0,0,0,0,13206,0,3318ea5e15d9fd40,search_cost_runs.csv
RP,host,0,blocked_panel_local,128,uniform,10240,20260824,62d7bb474a20d426,2,1.00999999,6,completed,3459.402817,3459.42382812,sampled_fp64_32x32,0.212299533436,73.4375,1,0,10230,2722,0,0,0,0,0,0,0,13206,0,3318ea5e15d9fd40,search_cost_runs.csv
RP,fused_device,0,blocked_panel_local,128,uniform,10240,20260824,62d7bb474a20d426,0,1.00999999,6,completed,2781.356809,2781.37353516,sampled_fp64_32x32,0.212299533436,73.4375,1,0,10230,2722,0,0,0,0,0,0,0,13206,0,3318ea5e15d9fd40,search_cost_runs.csv
RP,fused_device,0,blocked_panel_local,128,uniform,10240,20260824,62d7bb474a20d426,1,1.00999999,6,completed,2781.0787,2781.0949707,sampled_fp64_32x32,0.212299533436,73.4375,1,0,10230,2722,0,0,0,0,0,0,0,13206,0,3318ea5e15d9fd40,search_cost_runs.csv
RP,fused_device,0,blocked_panel_local,128,uniform,10240,20260824,62d7bb474a20d426,2,1.00999999,6,completed,2780.702554,2780.72216797,sampled_fp64_32x32,0.212299533436,73.4375,1,0,10230,2722,0,0,0,0,0,0,0,13206,0,3318ea5e15d9fd40,search_cost_runs.csv
CP,fused_device,0,blocked_panel_local,128,uniform,10240,20260824,62d7bb474a20d426,0,1.00999999,6,completed,2762.30496,2762.32080078,sampled_fp64_32x32,0.193768415746,72.4375,1,0,10229,9824,0,0,0,0,0,0,0,0,0,0d48289f054f98ff,search_cost_runs.csv
CP,fused_device,0,blocked_panel_local,128,uniform,10240,20260824,62d7bb474a20d426,1,1.00999999,6,completed,2761.194058,2761.20996094,sampled_fp64_32x32,0.193768415746,72.4375,1,0,10229,9824,0,0,0,0,0,0,0,0,0,0d48289f054f98ff,search_cost_runs.csv
CP,fused_device,0,blocked_panel_local,128,uniform,10240,20260824,62d7bb474a20d426,2,1.00999999,6,completed,2762.558573,2762.57495117,sampled_fp64_32x32,0.193768415746,72.4375,1,0,10229,9824,0,0,0,0,0,0,0,0,0,0d48289f054f98ff,search_cost_runs.csv
ScPP,host,0,blocked_panel_local,128,uniform,10240,20260824,62d7bb474a20d426,0,1.00999999,6,completed,3303.445804,3303.4699707,sampled_fp64_32x32,0.247889836333,116.3125,1,0,10233,0,0,0,0,0,0,0,0,0,0,b3d94ebe1851252a,search_cost_runs.csv
ScPP,host,0,blocked_panel_local,128,uniform,10240,20260824,62d7bb474a20d426,1,1.00999999,6,completed,3356.02701,3356.05029297,sampled_fp64_32x32,0.247889836333,116.3125,1,0,10233,0,0,0,0,0,0,0,0,0,0,b3d94ebe1851252a,search_cost_runs.csv
ScPP,host,0,blocked_panel_local,128,uniform,10240,20260824,62d7bb474a20d426,2,1.00999999,6,completed,3301.886135,3301.90991211,sampled_fp64_32x32,0.247889836333,116.3125,1,0,10233,0,0,0,0,0,0,0,0,0,0,b3d94ebe1851252a,search_cost_runs.csv
ScPP,fused_device,0,blocked_panel_local,128,uniform,10240,20260824,62d7bb474a20d426,0,1.00999999,6,completed,2830.713045,2830.73022461,sampled_fp64_32x32,0.247889836333,116.3125,1,0,10233,0,0,0,0,0,0,0,0,0,0,b3d94ebe1851252a,search_cost_runs.csv
ScPP,fused_device,0,blocked_panel_local,128,uniform,10240,20260824,62d7bb474a20d426,1,1.00999999,6,completed,2829.973843,2829.9909668,sampled_fp64_32x32,0.247889836333,116.3125,1,0,10233,0,0,0,0,0,0,0,0,0,0,b3d94ebe1851252a,search_cost_runs.csv
ScPP,fused_device,0,blocked_panel_local,128,uniform,10240,20260824,62d7bb474a20d426,2,1.00999999,6,completed,2830.372363,2830.39331055,sampled_fp64_32x32,0.247889836333,116.3125,1,0,10233,0,0,0,0,0,0,0,0,0,0,b3d94ebe1851252a,search_cost_runs.csv
PP,host,0,blocked_panel_local,128,uniform,10240,20260825,d4550f43b02867a7,0,1.00999999,6,completed,3287.036396,3287.05761719,sampled_fp64_32x32,0.331362240573,113.75,1,0,10230,0,0,0,0,0,0,0,0,0,0,3656be38108939c8,search_cost_runs.csv
PP,host,0,blocked_panel_local,128,uniform,10240,20260825,d4550f43b02867a7,1,1.00999999,6,completed,3285.539528,3285.56054688,sampled_fp64_32x32,0.331362240573,113.75,1,0,10230,0,0,0,0,0,0,0,0,0,0,3656be38108939c8,search_cost_runs.csv
PP,host,0,blocked_panel_local,128,uniform,10240,20260825,d4550f43b02867a7,2,1.00999999,6,completed,3284.823084,3284.84448242,sampled_fp64_32x32,0.331362240573,113.75,1,0,10230,0,0,0,0,0,0,0,0,0,0,3656be38108939c8,search_cost_runs.csv
PP,fused_device,0,blocked_panel_local,128,uniform,10240,20260825,d4550f43b02867a7,0,1.00999999,6,completed,2745.510441,2745.52734375,sampled_fp64_32x32,0.331362240573,113.75,1,0,10230,0,0,0,0,0,0,0,0,0,0,3656be38108939c8,search_cost_runs.csv
PP,fused_device,0,blocked_panel_local,128,uniform,10240,20260825,d4550f43b02867a7,1,1.00999999,6,completed,2744.903408,2744.92016602,sampled_fp64_32x32,0.331362240573,113.75,1,0,10230,0,0,0,0,0,0,0,0,0,0,3656be38108939c8,search_cost_runs.csv
PP,fused_device,0,blocked_panel_local,128,uniform,10240,20260825,d4550f43b02867a7,2,1.00999999,6,completed,2745.629651,2745.6472168,sampled_fp64_32x32,0.331362240573,113.75,1,0,10230,0,0,0,0,0,0,0,0,0,0,3656be38108939c8,search_cost_runs.csv
DP,host,0,blocked_panel_local,128,uniform,10240,20260825,d4550f43b02867a7,0,1.00999999,6,completed,3409.784373,3409.80688477,sampled_fp64_32x32,0.292626001367,94.875,0.99951171875,0,10232,1461,1461,14,0,0,0,0,0,0,0,a7aa2783a8aef52e,search_cost_runs.csv
DP,host,0,blocked_panel_local,128,uniform,10240,20260825,d4550f43b02867a7,1,1.00999999,6,completed,3435.187048,3435.20825195,sampled_fp64_32x32,0.292626001367,94.875,0.99951171875,0,10232,1461,1461,14,0,0,0,0,0,0,0,a7aa2783a8aef52e,search_cost_runs.csv
DP,host,0,blocked_panel_local,128,uniform,10240,20260825,d4550f43b02867a7,2,1.00999999,6,completed,3407.805953,3407.82763672,sampled_fp64_32x32,0.292626001367,94.875,0.99951171875,0,10232,1461,1461,14,0,0,0,0,0,0,0,a7aa2783a8aef52e,search_cost_runs.csv
DP,fused_device,0,blocked_panel_local,128,uniform,10240,20260825,d4550f43b02867a7,0,1.00999999,6,completed,2805.958725,2805.97509766,sampled_fp64_32x32,0.292626001367,94.875,0.99951171875,0,10232,1461,1461,14,0,0,0,0,0,0,0,a7aa2783a8aef52e,search_cost_runs.csv
DP,fused_device,0,blocked_panel_local,128,uniform,10240,20260825,d4550f43b02867a7,0,1.00999999,6,completed,2808.20276,2808.22167969,sampled_fp64_32x32,0.292626001367,94.875,0.99951171875,0,10232,1461,1461,14,0,0,0,0,0,0,0,a7aa2783a8aef52e,search_cost_runs.csv
DP,fused_device,0,blocked_panel_local,128,uniform,10240,20260825,d4550f43b02867a7,1,1.00999999,6,completed,2807.349465,2807.37084961,sampled_fp64_32x32,0.292626001367,94.875,0.99951171875,0,10232,1461,1461,14,0,0,0,0,0,0,0,a7aa2783a8aef52e,search_cost_runs.csv
DP,fused_device,0,blocked_panel_local,128,uniform,10240,20260825,d4550f43b02867a7,2,1.00999999,6,completed,2807.893843,2807.91137695,sampled_fp64_32x32,0.292626001367,94.875,0.99951171875,0,10232,1461,1461,14,0,0,0,0,0,0,0,a7aa2783a8aef52e,search_cost_runs.csv
GP,host,0,blocked_panel_local,128,uniform,10240,20260825,d4550f43b02867a7,0,1.00999999,6,completed,3375.775356,3375.79663086,sampled_fp64_32x32,0.221476494217,110,1.009765625,0,10235,0,0,0,1329,646,0,0,0,0,0,b810204dfb156886,search_cost_runs.csv
GP,host,0,blocked_panel_local,128,uniform,10240,20260825,d4550f43b02867a7,1,1.00999999,6,completed,3377.382937,3377.40478516,sampled_fp64_32x32,0.221476494217,110,1.009765625,0,10235,0,0,0,1329,646,0,0,0,0,0,b810204dfb156886,search_cost_runs.csv
GP,host,0,blocked_panel_local,128,uniform,10240,20260825,d4550f43b02867a7,2,1.00999999,6,completed,3376.327607,3376.34936523,sampled_fp64_32x32,0.221476494217,110,1.009765625,0,10235,0,0,0,1329,646,0,0,0,0,0,b810204dfb156886,search_cost_runs.csv
GP,fused_device,0,blocked_panel_local,128,uniform,10240,20260825,d4550f43b02867a7,0,1.00999999,6,completed,2788.848854,2788.8659668,sampled_fp64_32x32,0.221476494217,110,1.009765625,0,10235,0,0,0,1329,646,0,0,0,0,0,b810204dfb156886,search_cost_runs.csv
GP,fused_device,0,blocked_panel_local,128,uniform,10240,20260825,d4550f43b02867a7,1,1.00999999,6,completed,2787.175361,2787.19287109,sampled_fp64_32x32,0.221476494217,110,1.009765625,0,10235,0,0,0,1329,646,0,0,0,0,0,b810204dfb156886,search_cost_runs.csv
GP,fused_device,0,blocked_panel_local,128,uniform,10240,20260825,d4550f43b02867a7,2,1.00999999,6,completed,2788.185332,2788.20556641,sampled_fp64_32x32,0.221476494217,110,1.009765625,0,10235,0,0,0,1329,646,0,0,0,0,0,b810204dfb156886,search_cost_runs.csv
ScaP,host,0,blocked_panel_local,128,uniform,10240,20260825,d4550f43b02867a7,0,1.00999999,6,completed,3748.50612,3748.53149414,sampled_fp64_32x32,0.351301234252,88.5625,1,0,10229,5248,0,0,0,0,4991,4189,1059,0,0,b58a4e3005ee31e3,search_cost_runs.csv
ScaP,host,0,blocked_panel_local,128,uniform,10240,20260825,d4550f43b02867a7,1,1.00999999,6,completed,3750.671829,3750.69555664,sampled_fp64_32x32,0.351301234252,88.5625,1,0,10229,5248,0,0,0,0,4991,4189,1059,0,0,b58a4e3005ee31e3,search_cost_runs.csv
ScaP,host,0,blocked_panel_local,128,uniform,10240,20260825,d4550f43b02867a7,2,1.00999999,6,completed,3755.799355,3755.82470703,sampled_fp64_32x32,0.351301234252,88.5625,1,0,10229,5248,0,0,0,0,4991,4189,1059,0,0,b58a4e3005ee31e3,search_cost_runs.csv
ScaP,fused_device,0,blocked_panel_local,128,uniform,10240,20260825,d4550f43b02867a7,0,1.00999999,6,completed,2753.876825,2753.89233398,sampled_fp64_32x32,0.351301234252,88.5625,1,0,10229,5248,0,0,0,0,4991,4189,1059,0,0,b58a4e3005ee31e3,search_cost_runs.csv
ScaP,fused_device,0,blocked_panel_local,128,uniform,10240,20260825,d4550f43b02867a7,1,1.00999999,6,completed,2754.081008,2754.09814453,sampled_fp64_32x32,0.351301234252,88.5625,1,0,10229,5248,0,0,0,0,4991,4189,1059,0,0,b58a4e3005ee31e3,search_cost_runs.csv
ScaP,fused_device,0,blocked_panel_local,128,uniform,10240,20260825,d4550f43b02867a7,2,1.00999999,6,completed,2753.895836,2753.9128418,sampled_fp64_32x32,0.351301234252,88.5625,1,0,10229,5248,0,0,0,0,4991,4189,1059,0,0,b58a4e3005ee31e3,search_cost_runs.csv
RP,host,0,blocked_panel_local,128,uniform,10240,20260825,d4550f43b02867a7,0,1.00999999,6,completed,3468.424956,3468.44799805,sampled_fp64_32x32,0.25226235528,90.375,1,0,10234,2752,0,0,0,0,0,0,0,13248,0,ba425d14ee2aea53,search_cost_runs.csv
RP,host,0,blocked_panel_local,128,uniform,10240,20260825,d4550f43b02867a7,1,1.00999999,6,completed,3465.84536,3465.8684082,sampled_fp64_32x32,0.25226235528,90.375,1,0,10234,2752,0,0,0,0,0,0,0,13248,0,ba425d14ee2aea53,search_cost_runs.csv
RP,host,0,blocked_panel_local,128,uniform,10240,20260825,d4550f43b02867a7,2,1.00999999,6,completed,3465.36824,3465.38989258,sampled_fp64_32x32,0.25226235528,90.375,1,0,10234,2752,0,0,0,0,0,0,0,13248,0,ba425d14ee2aea53,search_cost_runs.csv
RP,fused_device,0,blocked_panel_local,128,uniform,10240,20260825,d4550f43b02867a7,0,1.00999999,6,completed,2786.833256,2786.85083008,sampled_fp64_32x32,0.25226235528,90.375,1,0,10234,2752,0,0,0,0,0,0,0,13248,0,ba425d14ee2aea53,search_cost_runs.csv
RP,fused_device,0,blocked_panel_local,128,uniform,10240,20260825,d4550f43b02867a7,1,1.00999999,6,completed,2786.221948,2786.23852539,sampled_fp64_32x32,0.25226235528,90.375,1,0,10234,2752,0,0,0,0,0,0,0,13248,0,ba425d14ee2aea53,search_cost_runs.csv
RP,fused_device,0,blocked_panel_local,128,uniform,10240,20260825,d4550f43b02867a7,2,1.00999999,6,completed,2786.592079,2786.60913086,sampled_fp64_32x32,0.25226235528,90.375,1,0,10234,2752,0,0,0,0,0,0,0,13248,0,ba425d14ee2aea53,search_cost_runs.csv
CP,fused_device,0,blocked_panel_local,128,uniform,10240,20260825,d4550f43b02867a7,0,1.00999999,6,completed,2760.431105,2760.44799805,sampled_fp64_32x32,0.182411493828,74.8125,1,0,10231,9807,0,0,0,0,0,0,0,0,0,1fae2256f83a9de7,search_cost_runs.csv
CP,fused_device,0,blocked_panel_local,128,uniform,10240,20260825,d4550f43b02867a7,1,1.00999999,6,completed,2760.06518,2760.08251953,sampled_fp64_32x32,0.182411493828,74.8125,1,0,10231,9807,0,0,0,0,0,0,0,0,0,1fae2256f83a9de7,search_cost_runs.csv
CP,fused_device,0,blocked_panel_local,128,uniform,10240,20260825,d4550f43b02867a7,2,1.00999999,6,completed,2760.592098,2760.61083984,sampled_fp64_32x32,0.182411493828,74.8125,1,0,10231,9807,0,0,0,0,0,0,0,0,0,1fae2256f83a9de7,search_cost_runs.csv
ScPP,host,0,blocked_panel_local,128,uniform,10240,20260825,d4550f43b02867a7,0,1.00999999,6,completed,3315.550721,3315.57421875,sampled_fp64_32x32,0.254986222133,105.75,1,0,10229,0,0,0,0,0,0,0,0,0,0,c004a45b1e268054,search_cost_runs.csv
ScPP,host,0,blocked_panel_local,128,uniform,10240,20260825,d4550f43b02867a7,1,1.00999999,6,completed,3322.983464,3323.00732422,sampled_fp64_32x32,0.254986222133,105.75,1,0,10229,0,0,0,0,0,0,0,0,0,0,c004a45b1e268054,search_cost_runs.csv
ScPP,host,0,blocked_panel_local,128,uniform,10240,20260825,d4550f43b02867a7,2,1.00999999,6,completed,3301.940325,3301.96264648,sampled_fp64_32x32,0.254986222133,105.75,1,0,10229,0,0,0,0,0,0,0,0,0,0,c004a45b1e268054,search_cost_runs.csv
ScPP,fused_device,0,blocked_panel_local,128,uniform,10240,20260825,d4550f43b02867a7,0,1.00999999,6,completed,2828.168221,2828.18554688,sampled_fp64_32x32,0.254986222133,105.75,1,0,10229,0,0,0,0,0,0,0,0,0,0,c004a45b1e268054,search_cost_runs.csv
ScPP,fused_device,0,blocked_panel_local,128,uniform,10240,20260825,d4550f43b02867a7,1,1.00999999,6,completed,2827.911087,2827.9284668,sampled_fp64_32x32,0.254986222133,105.75,1,0,10229,0,0,0,0,0,0,0,0,0,0,c004a45b1e268054,search_cost_runs.csv
ScPP,fused_device,0,blocked_panel_local,128,uniform,10240,20260825,d4550f43b02867a7,2,1.00999999,6,completed,2828.257766,2828.27368164,sampled_fp64_32x32,0.254986222133,105.75,1,0,10229,0,0,0,0,0,0,0,0,0,0,c004a45b1e268054,search_cost_runs.csv
