method,schedule,panel_width,family,n,seed,input_fingerprint,repetition,tau,window,status,factor_wall_ms,factor_cuda_ms,reconstruction_kind,reconstruction_residual,growth_factor,max_multiplier,nonfinite_count,row_swaps,column_swaps,dp_lookahead_accepts,dp_fallbacks,gp_near_ties,gp_second_choices,scap_current,scap_middle,scap_last,rp_iterations,rp_failures,source_file,evidence_tier,contract_repetitions,contract_warmups
CP,blocked_panel_local,64,normal,1024,20260823,bdf0ab5d1e4fe55e,0,1.00999999,6,completed,871.061385,871.06829834,sampled_fp64_32x32,0.0269190092863,11.3197721725,1,0,1019,939,0,0,0,0,0,0,0,0,0,normal__n1024__seed20260823__blocked_panel_local__cp/runs.csv,replicated,3,1
CP,blocked_panel_local,64,normal,1024,20260823,bdf0ab5d1e4fe55e,1,1.00999999,6,completed,884.837372,884.842956543,sampled_fp64_32x32,0.0269190092863,11.3197721725,1,0,1019,939,0,0,0,0,0,0,0,0,0,normal__n1024__seed20260823__blocked_panel_local__cp/runs.csv,replicated,3,1
CP,blocked_panel_local,64,normal,1024,20260823,bdf0ab5d1e4fe55e,2,1.00999999,6,completed,919.811677,919.817871094,sampled_fp64_32x32,0.0269190092863,11.3197721725,1,0,1019,939,0,0,0,0,0,0,0,0,0,normal__n1024__seed20260823__blocked_panel_local__cp/runs.csv,replicated,3,1
DP,blocked_panel_local,64,normal,1024,20260823,bdf0ab5d1e4fe55e,0,1.00999999,6,completed,86.582289,86.5823669434,sampled_fp64_32x32,0.0317945847343,16.9894222945,0.99072265625,0,1018,83,83,1,0,0,0,0,0,0,0,normal__n1024__seed20260823__blocked_panel_local__dp/runs.csv,replicated,3,1
DP,blocked_panel_local,64,normal,1024,20260823,bdf0ab5d1e4fe55e,1,1.00999999,6,completed,86.411924,86.4121932983,sampled_fp64_32x32,0.0317945847343,16.9894222945,0.99072265625,0,1018,83,83,1,0,0,0,0,0,0,0,normal__n1024__seed20260823__blocked_panel_local__dp/runs.csv,replicated,3,1
DP,blocked_panel_local,64,normal,1024,20260823,bdf0ab5d1e4fe55e,2,1.00999999,6,completed,86.417858,86.4175033569,sampled_fp64_32x32,0.0317945847343,16.9894222945,0.99072265625,0,1018,83,83,1,0,0,0,0,0,0,0,normal__n1024__seed20260823__blocked_panel_local__dp/runs.csv,replicated,3,1
GP,blocked_panel_local,64,normal,1024,20260823,bdf0ab5d1e4fe55e,0,1.00999999,6,completed,86.832886,86.832611084,sampled_fp64_32x32,0.0286751359782,16.1432058584,1.009765625,0,1019,0,0,0,90,48,0,0,0,0,0,normal__n1024__seed20260823__blocked_panel_local__gp/runs.csv,replicated,3,1
GP,blocked_panel_local,64,normal,1024,20260823,bdf0ab5d1e4fe55e,1,1.00999999,6,completed,86.766859,86.7655715942,sampled_fp64_32x32,0.0286751359782,16.1432058584,1.009765625,0,1019,0,0,0,90,48,0,0,0,0,0,normal__n1024__seed20260823__blocked_panel_local__gp/runs.csv,replicated,3,1
GP,blocked_panel_local,64,normal,1024,20260823,bdf0ab5d1e4fe55e,2,1.00999999,6,completed,86.670743,86.6705627441,sampled_fp64_32x32,0.0286751359782,16.1432058584,1.009765625,0,1019,0,0,0,90,48,0,0,0,0,0,normal__n1024__seed20260823__blocked_panel_local__gp/runs.csv,replicated,3,1
PP,blocked_panel_local,64,normal,1024,20260823,bdf0ab5d1e4fe55e,0,1.00999999,6,completed,84.691997,84.6916503906,sampled_fp64_32x32,0.0307043614119,18.3433685924,1,0,1017,0,0,0,0,0,0,0,0,0,0,normal__n1024__seed20260823__blocked_panel_local__pp/runs.csv,replicated,3,1
PP,blocked_panel_local,64,normal,1024,20260823,bdf0ab5d1e4fe55e,1,1.00999999,6,completed,84.447345,84.4476165771,sampled_fp64_32x32,0.0307043614119,18.3433685924,1,0,1017,0,0,0,0,0,0,0,0,0,0,normal__n1024__seed20260823__blocked_panel_local__pp/runs.csv,replicated,3,1
PP,blocked_panel_local,64,normal,1024,20260823,bdf0ab5d1e4fe55e,2,1.00999999,6,completed,84.755358,84.7557449341,sampled_fp64_32x32,0.0307043614119,18.3433685924,1,0,1017,0,0,0,0,0,0,0,0,0,0,normal__n1024__seed20260823__blocked_panel_local__pp/runs.csv,replicated,3,1
RP,blocked_panel_local,64,normal,1024,20260823,bdf0ab5d1e4fe55e,0,1.00999999,6,completed,97.583607,97.5843811035,sampled_fp64_32x32,0.0287298367922,17.3148901546,1,0,1018,327,0,0,0,0,0,0,0,1376,0,normal__n1024__seed20260823__blocked_panel_local__rp/runs.csv,replicated,3,1
RP,blocked_panel_local,64,normal,1024,20260823,bdf0ab5d1e4fe55e,1,1.00999999,6,completed,97.967668,97.9677124023,sampled_fp64_32x32,0.0287298367922,17.3148901546,1,0,1018,327,0,0,0,0,0,0,0,1376,0,normal__n1024__seed20260823__blocked_panel_local__rp/runs.csv,replicated,3,1
RP,blocked_panel_local,64,normal,1024,20260823,bdf0ab5d1e4fe55e,2,1.00999999,6,completed,97.852735,97.8436508179,sampled_fp64_32x32,0.0287298367922,17.3148901546,1,0,1018,327,0,0,0,0,0,0,0,1376,0,normal__n1024__seed20260823__blocked_panel_local__rp/runs.csv,replicated,3,1
ScaP,blocked_panel_local,64,normal,1024,20260823,bdf0ab5d1e4fe55e,0,1.00999999,6,completed,104.523227,104.523490906,sampled_fp64_32x32,0.0285561641662,20.244100895,1,0,1017,557,0,0,0,0,466,419,138,0,0,normal__n1024__seed20260823__blocked_panel_local__scap/runs.csv,replicated,3,1
ScaP,blocked_panel_local,64,normal,1024,20260823,bdf0ab5d1e4fe55e,1,1.00999999,6,completed,104.264782,104.265342712,sampled_fp64_32x32,0.0285561641662,20.244100895,1,0,1017,557,0,0,0,0,466,419,138,0,0,normal__n1024__seed20260823__blocked_panel_local__scap/runs.csv,replicated,3,1
ScaP,blocked_panel_local,64,normal,1024,20260823,bdf0ab5d1e4fe55e,2,1.00999999,6,completed,104.323124,104.323196411,sampled_fp64_32x32,0.0285561641662,20.244100895,1,0,1017,557,0,0,0,0,466,419,138,0,0,normal__n1024__seed20260823__blocked_panel_local__scap/runs.csv,replicated,3,1
ScPP,blocked_panel_local,64,normal,1024,20260823,bdf0ab5d1e4fe55e,0,1.00999999,6,completed,82.936498,82.937538147,sampled_fp64_32x32,0.03523715895,23.0821806347,1.3720703125,0,1014,0,0,0,0,0,0,0,0,0,0,normal__n1024__seed20260823__blocked_panel_local__scpp/runs.csv,replicated,3,1
ScPP,blocked_panel_local,64,normal,1024,20260823,bdf0ab5d1e4fe55e,1,1.00999999,6,completed,82.785656,82.7854385376,sampled_fp64_32x32,0.03523715895,23.0821806347,1.3720703125,0,1014,0,0,0,0,0,0,0,0,0,0,normal__n1024__seed20260823__blocked_panel_local__scpp/runs.csv,replicated,3,1
ScPP,blocked_panel_local,64,normal,1024,20260823,bdf0ab5d1e4fe55e,2,1.00999999,6,completed,82.661504,82.6609954834,sampled_fp64_32x32,0.03523715895,23.0821806347,1.3720703125,0,1014,0,0,0,0,0,0,0,0,0,0,normal__n1024__seed20260823__blocked_panel_local__scpp/runs.csv,replicated,3,1
CP,unblocked_rank1,1,normal,1024,20260823,bdf0ab5d1e4fe55e,0,1.00999999,6,completed,1619.776538,1619.78771973,sampled_fp64_32x32,0.0144624108459,7.95443449959,0.9990234375,0,1017,1020,0,0,0,0,0,0,0,0,0,normal__n1024__seed20260823__unblocked_rank1__cp/runs.csv,replicated,3,1
CP,unblocked_rank1,1,normal,1024,20260823,bdf0ab5d1e4fe55e,1,1.00999999,6,completed,1607.147204,1607.15844727,sampled_fp64_32x32,0.0144624108459,7.95443449959,0.9990234375,0,1017,1020,0,0,0,0,0,0,0,0,0,normal__n1024__seed20260823__unblocked_rank1__cp/runs.csv,replicated,3,1
CP,unblocked_rank1,1,normal,1024,20260823,bdf0ab5d1e4fe55e,2,1.00999999,6,completed,1618.161781,1618.17321777,sampled_fp64_32x32,0.0144624108459,7.95443449959,0.9990234375,0,1017,1020,0,0,0,0,0,0,0,0,0,normal__n1024__seed20260823__unblocked_rank1__cp/runs.csv,replicated,3,1
DP,unblocked_rank1,1,normal,1024,20260823,bdf0ab5d1e4fe55e,0,1.00999999,6,completed,85.378881,85.378944397,sampled_fp64_32x32,0.0318102611759,17.9397884459,0.990234375,0,1016,88,88,0,0,0,0,0,0,0,0,normal__n1024__seed20260823__unblocked_rank1__dp/runs.csv,replicated,3,1
DP,unblocked_rank1,1,normal,1024,20260823,bdf0ab5d1e4fe55e,1,1.00999999,6,completed,85.416143,85.4158401489,sampled_fp64_32x32,0.0318102611759,17.9397884459,0.990234375,0,1016,88,88,0,0,0,0,0,0,0,0,normal__n1024__seed20260823__unblocked_rank1__dp/runs.csv,replicated,3,1
DP,unblocked_rank1,1,normal,1024,20260823,bdf0ab5d1e4fe55e,2,1.00999999,6,completed,85.472308,85.4718399048,sampled_fp64_32x32,0.0318102611759,17.9397884459,0.990234375,0,1016,88,88,0,0,0,0,0,0,0,0,normal__n1024__seed20260823__unblocked_rank1__dp/runs.csv,replicated,3,1
GP,unblocked_rank1,1,normal,1024,20260823,bdf0ab5d1e4fe55e,0,1.00999999,6,completed,87.221365,87.220993042,sampled_fp64_32x32,0.0318717872547,24.8006509357,1.009765625,0,1019,0,0,0,92,44,0,0,0,0,0,normal__n1024__seed20260823__unblocked_rank1__gp/runs.csv,replicated,3,1
GP,unblocked_rank1,1,normal,1024,20260823,bdf0ab5d1e4fe55e,1,1.00999999,6,completed,87.19304,87.1934738159,sampled_fp64_32x32,0.0318717872547,24.8006509357,1.009765625,0,1019,0,0,0,92,44,0,0,0,0,0,normal__n1024__seed20260823__unblocked_rank1__gp/runs.csv,replicated,3,1
GP,unblocked_rank1,1,normal,1024,20260823,bdf0ab5d1e4fe55e,2,1.00999999,6,completed,87.572595,87.5722579956,sampled_fp64_32x32,0.0318717872547,24.8006509357,1.009765625,0,1019,0,0,0,92,44,0,0,0,0,0,normal__n1024__seed20260823__unblocked_rank1__gp/runs.csv,replicated,3,1
PP,unblocked_rank1,1,normal,1024,20260823,bdf0ab5d1e4fe55e,0,1.00999999,6,completed,84.413768,84.4138565063,sampled_fp64_32x32,0.0307043614119,18.9292107404,1,0,1017,0,0,0,0,0,0,0,0,0,0,normal__n1024__seed20260823__unblocked_rank1__pp/runs.csv,replicated,3,1
PP,unblocked_rank1,1,normal,1024,20260823,bdf0ab5d1e4fe55e,1,1.00999999,6,completed,84.060903,84.0605773926,sampled_fp64_32x32,0.0307043614119,18.9292107404,1,0,1017,0,0,0,0,0,0,0,0,0,0,normal__n1024__seed20260823__unblocked_rank1__pp/runs.csv,replicated,3,1
PP,unblocked_rank1,1,normal,1024,20260823,bdf0ab5d1e4fe55e,2,1.00999999,6,completed,83.930977,83.9303665161,sampled_fp64_32x32,0.0307043614119,18.9292107404,1,0,1017,0,0,0,0,0,0,0,0,0,0,normal__n1024__seed20260823__unblocked_rank1__pp/runs.csv,replicated,3,1
RP,unblocked_rank1,1,normal,1024,20260823,bdf0ab5d1e4fe55e,0,1.00999999,6,completed,124.834586,124.834785461,sampled_fp64_32x32,0.0270055340558,10.0504475183,1,0,1018,774,0,0,0,0,0,0,0,1986,0,normal__n1024__seed20260823__unblocked_rank1__rp/runs.csv,replicated,3,1
RP,unblocked_rank1,1,normal,1024,20260823,bdf0ab5d1e4fe55e,1,1.00999999,6,completed,124.298572,124.299423218,sampled_fp64_32x32,0.0270055340558,10.0504475183,1,0,1018,774,0,0,0,0,0,0,0,1986,0,normal__n1024__seed20260823__unblocked_rank1__rp/runs.csv,replicated,3,1
RP,unblocked_rank1,1,normal,1024,20260823,bdf0ab5d1e4fe55e,2,1.00999999,6,completed,124.176946,124.177215576,sampled_fp64_32x32,0.0270055340558,10.0504475183,1,0,1018,774,0,0,0,0,0,0,0,1986,0,normal__n1024__seed20260823__unblocked_rank1__rp/runs.csv,replicated,3,1
ScaP,unblocked_rank1,1,normal,1024,20260823,bdf0ab5d1e4fe55e,0,1.00999999,6,completed,106.27115,106.271263123,sampled_fp64_32x32,0.0339686938063,14.9715215622,0.99951171875,0,1017,501,0,0,0,0,522,376,125,0,0,normal__n1024__seed20260823__unblocked_rank1__scap/runs.csv,replicated,3,1
ScaP,unblocked_rank1,1,normal,1024,20260823,bdf0ab5d1e4fe55e,1,1.00999999,6,completed,106.519585,106.519935608,sampled_fp64_32x32,0.0339686938063,14.9715215622,0.99951171875,0,1017,501,0,0,0,0,522,376,125,0,0,normal__n1024__seed20260823__unblocked_rank1__scap/runs.csv,replicated,3,1
ScaP,unblocked_rank1,1,normal,1024,20260823,bdf0ab5d1e4fe55e,2,1.00999999,6,completed,106.811319,106.811325073,sampled_fp64_32x32,0.0339686938063,14.9715215622,0.99951171875,0,1017,501,0,0,0,0,522,376,125,0,0,normal__n1024__seed20260823__unblocked_rank1__scap/runs.csv,replicated,3,1
ScPP,unblocked_rank1,1,normal,1024,20260823,bdf0ab5d1e4fe55e,0,1.00999999,6,completed,84.526018,84.5257263184,sampled_fp64_32x32,0.03523715895,23.0821806347,1.3720703125,0,1014,0,0,0,0,0,0,0,0,0,0,normal__n1024__seed20260823__unblocked_rank1__scpp/runs.csv,replicated,3,1
ScPP,unblocked_rank1,1,normal,1024,20260823,bdf0ab5d1e4fe55e,1,1.00999999,6,completed,84.512417,84.5123519897,sampled_fp64_32x32,0.03523715895,23.0821806347,1.3720703125,0,1014,0,0,0,0,0,0,0,0,0,0,normal__n1024__seed20260823__unblocked_rank1__scpp/runs.csv,replicated,3,1
ScPP,unblocked_rank1,1,normal,1024,20260823,bdf0ab5d1e4fe55e,2,1.00999999,6,completed,84.363339,84.3636779785,sampled_fp64_32x32,0.03523715895,23.0821806347,1.3720703125,0,1014,0,0,0,0,0,0,0,0,0,0,normal__n1024__seed20260823__unblocked_rank1__scpp/runs.csv,replicated,3,1
CP,blocked_panel_local,64,normal,1024,20260824,379d1fc0748a47a6,0,1.00999999,6,completed,867.921484,867.927978516,sampled_fp64_32x32,0.0189515751797,15.050521251,1,0,1015,957,0,0,0,0,0,0,0,0,0,normal__n1024__seed20260824__blocked_panel_local__cp/runs.csv,replicated,3,1
CP,blocked_panel_local,64,normal,1024,20260824,379d1fc0748a47a6,1,1.00999999,6,completed,881.75872,881.764343262,sampled_fp64_32x32,0.0189515751797,15.050521251,1,0,1015,957,0,0,0,0,0,0,0,0,0,normal__n1024__seed20260824__blocked_panel_local__cp/runs.csv,replicated,3,1
CP,blocked_panel_local,64,normal,1024,20260824,379d1fc0748a47a6,2,1.00999999,6,completed,914.642902,914.649108887,sampled_fp64_32x32,0.0189515751797,15.050521251,1,0,1015,957,0,0,0,0,0,0,0,0,0,normal__n1024__seed20260824__blocked_panel_local__cp/runs.csv,replicated,3,1
DP,blocked_panel_local,64,normal,1024,20260824,379d1fc0748a47a6,0,1.00999999,6,completed,86.477071,86.4772186279,sampled_fp64_32x32,0.0554477861053,19.8748997594,1,0,1016,91,91,4,0,0,0,0,0,0,0,normal__n1024__seed20260824__blocked_panel_local__dp/runs.csv,replicated,3,1
DP,blocked_panel_local,64,normal,1024,20260824,379d1fc0748a47a6,1,1.00999999,6,completed,86.481322,86.4812469482,sampled_fp64_32x32,0.0554477861053,19.8748997594,1,0,1016,91,91,4,0,0,0,0,0,0,0,normal__n1024__seed20260824__blocked_panel_local__dp/runs.csv,replicated,3,1
DP,blocked_panel_local,64,normal,1024,20260824,379d1fc0748a47a6,2,1.00999999,6,completed,86.666786,86.6665267944,sampled_fp64_32x32,0.0554477861053,19.8748997594,1,0,1016,91,91,4,0,0,0,0,0,0,0,normal__n1024__seed20260824__blocked_panel_local__dp/runs.csv,replicated,3,1
GP,blocked_panel_local,64,normal,1024,20260824,379d1fc0748a47a6,0,1.00999999,6,completed,84.315357,84.3160324097,sampled_fp64_32x32,0.0345190382169,17.6808340016,1.009765625,0,1011,0,0,0,91,53,0,0,0,0,0,normal__n1024__seed20260824__blocked_panel_local__gp/runs.csv,replicated,3,1
GP,blocked_panel_local,64,normal,1024,20260824,379d1fc0748a47a6,1,1.00999999,6,completed,84.117074,84.1175384521,sampled_fp64_32x32,0.0345190382169,17.6808340016,1.009765625,0,1011,0,0,0,91,53,0,0,0,0,0,normal__n1024__seed20260824__blocked_panel_local__gp/runs.csv,replicated,3,1
GP,blocked_panel_local,64,normal,1024,20260824,379d1fc0748a47a6,2,1.00999999,6,completed,84.050996,84.0514907837,sampled_fp64_32x32,0.0345190382169,17.6808340016,1.009765625,0,1011,0,0,0,91,53,0,0,0,0,0,normal__n1024__seed20260824__blocked_panel_local__gp/runs.csv,replicated,3,1
PP,blocked_panel_local,64,normal,1024,20260824,379d1fc0748a47a6,0,1.00999999,6,completed,81.789683,81.7893753052,sampled_fp64_32x32,0.0278140598545,17.5653568565,1,0,1018,0,0,0,0,0,0,0,0,0,0,normal__n1024__seed20260824__blocked_panel_local__pp/runs.csv,replicated,3,1
PP,blocked_panel_local,64,normal,1024,20260824,379d1fc0748a47a6,1,1.00999999,6,completed,81.923633,81.9239349365,sampled_fp64_32x32,0.0278140598545,17.5653568565,1,0,1018,0,0,0,0,0,0,0,0,0,0,normal__n1024__seed20260824__blocked_panel_local__pp/runs.csv,replicated,3,1
PP,blocked_panel_local,64,normal,1024,20260824,379d1fc0748a47a6,2,1.00999999,6,completed,81.868026,81.8682250977,sampled_fp64_32x32,0.0278140598545,17.5653568565,1,0,1018,0,0,0,0,0,0,0,0,0,0,normal__n1024__seed20260824__blocked_panel_local__pp/runs.csv,replicated,3,1
RP,blocked_panel_local,64,normal,1024,20260824,379d1fc0748a47a6,0,1.00999999,6,completed,101.983316,101.984321594,sampled_fp64_32x32,0.0276930953327,16.1924619086,1,0,1012,348,0,0,0,0,0,0,0,1408,0,normal__n1024__seed20260824__blocked_panel_local__rp/runs.csv,replicated,3,1
RP,blocked_panel_local,64,normal,1024,20260824,379d1fc0748a47a6,1,1.00999999,6,completed,101.8975,101.897666931,sampled_fp64_32x32,0.0276930953327,16.1924619086,1,0,1012,348,0,0,0,0,0,0,0,1408,0,normal__n1024__seed20260824__blocked_panel_local__rp/runs.csv,replicated,3,1
RP,blocked_panel_local,64,normal,1024,20260824,379d1fc0748a47a6,2,1.00999999,6,completed,101.918106,101.918273926,sampled_fp64_32x32,0.0276930953327,16.1924619086,1,0,1012,348,0,0,0,0,0,0,0,1408,0,normal__n1024__seed20260824__blocked_panel_local__rp/runs.csv,replicated,3,1
ScaP,blocked_panel_local,64,normal,1024,20260824,379d1fc0748a47a6,0,1.00999999,6,completed,106.291043,106.291488647,sampled_fp64_32x32,0.0293820773193,16.4875701684,1,0,1016,583,0,0,0,0,440,435,148,0,0,normal__n1024__seed20260824__blocked_panel_local__scap/runs.csv,replicated,3,1
ScaP,blocked_panel_local,64,normal,1024,20260824,379d1fc0748a47a6,1,1.00999999,6,completed,106.303722,106.303329468,sampled_fp64_32x32,0.0293820773193,16.4875701684,1,0,1016,583,0,0,0,0,440,435,148,0,0,normal__n1024__seed20260824__blocked_panel_local__scap/runs.csv,replicated,3,1
ScaP,blocked_panel_local,64,normal,1024,20260824,379d1fc0748a47a6,2,1.00999999,6,completed,106.339585,106.339103699,sampled_fp64_32x32,0.0293820773193,16.4875701684,1,0,1016,583,0,0,0,0,440,435,148,0,0,normal__n1024__seed20260824__blocked_panel_local__scap/runs.csv,replicated,3,1
ScPP,blocked_panel_local,64,normal,1024,20260824,379d1fc0748a47a6,0,1.00999999,6,completed,81.658226,81.6585922241,sampled_fp64_32x32,0.0301538592194,19.387329591,1.396484375,0,1017,0,0,0,0,0,0,0,0,0,0,normal__n1024__seed20260824__blocked_panel_local__scpp/runs.csv,replicated,3,1
ScPP,blocked_panel_local,64,normal,1024,20260824,379d1fc0748a47a6,1,1.00999999,6,completed,81.799724,81.8002853394,sampled_fp64_32x32,0.0301538592194,19.387329591,1.396484375,0,1017,0,0,0,0,0,0,0,0,0,0,normal__n1024__seed20260824__blocked_panel_local__scpp/runs.csv,replicated,3,1
ScPP,blocked_panel_local,64,normal,1024,20260824,379d1fc0748a47a6,2,1.00999999,6,completed,82.040786,82.0403823853,sampled_fp64_32x32,0.0301538592194,19.387329591,1.396484375,0,1017,0,0,0,0,0,0,0,0,0,0,normal__n1024__seed20260824__blocked_panel_local__scpp/runs.csv,replicated,3,1
CP,unblocked_rank1,1,normal,1024,20260824,379d1fc0748a47a6,0,1.00999999,6,completed,1665.042194,1665.05456543,sampled_fp64_32x32,0.0159440990702,7.07618283881,0.9990234375,0,1016,1013,0,0,0,0,0,0,0,0,0,normal__n1024__seed20260824__unblocked_rank1__cp/runs.csv,replicated,3,1
CP,unblocked_rank1,1,normal,1024,20260824,379d1fc0748a47a6,1,1.00999999,6,completed,1620.371349,1620.38317871,sampled_fp64_32x32,0.0159440990702,7.07618283881,0.9990234375,0,1016,1013,0,0,0,0,0,0,0,0,0,normal__n1024__seed20260824__unblocked_rank1__cp/runs.csv,replicated,3,1
CP,unblocked_rank1,1,normal,1024,20260824,379d1fc0748a47a6,2,1.00999999,6,completed,1617.419583,1617.43066406,sampled_fp64_32x32,0.0159440990702,7.07618283881,0.9990234375,0,1016,1013,0,0,0,0,0,0,0,0,0,normal__n1024__seed20260824__unblocked_rank1__cp/runs.csv,replicated,3,1
DP,unblocked_rank1,1,normal,1024,20260824,379d1fc0748a47a6,0,1.00999999,6,completed,85.072332,85.0733795166,sampled_fp64_32x32,0.0268216729164,19.5669607057,0.98974609375,0,1017,99,99,0,0,0,0,0,0,0,0,normal__n1024__seed20260824__unblocked_rank1__dp/runs.csv,replicated,3,1
DP,unblocked_rank1,1,normal,1024,20260824,379d1fc0748a47a6,1,1.00999999,6,completed,84.970478,84.9706878662,sampled_fp64_32x32,0.0268216729164,19.5669607057,0.98974609375,0,1017,99,99,0,0,0,0,0,0,0,0,normal__n1024__seed20260824__unblocked_rank1__dp/runs.csv,replicated,3,1
DP,unblocked_rank1,1,normal,1024,20260824,379d1fc0748a47a6,2,1.00999999,6,completed,84.596415,84.5965118408,sampled_fp64_32x32,0.0268216729164,19.5669607057,0.98974609375,0,1017,99,99,0,0,0,0,0,0,0,0,normal__n1024__seed20260824__unblocked_rank1__dp/runs.csv,replicated,3,1
GP,unblocked_rank1,1,normal,1024,20260824,379d1fc0748a47a6,0,1.00999999,6,completed,85.280256,85.2802276611,sampled_fp64_32x32,0.0322417992844,17.898957498,1.009765625,0,1013,0,0,0,105,48,0,0,0,0,0,normal__n1024__seed20260824__unblocked_rank1__gp/runs.csv,replicated,3,1
GP,unblocked_rank1,1,normal,1024,20260824,379d1fc0748a47a6,1,1.00999999,6,completed,84.778677,84.7784957886,sampled_fp64_32x32,0.0322417992844,17.898957498,1.009765625,0,1013,0,0,0,105,48,0,0,0,0,0,normal__n1024__seed20260824__unblocked_rank1__gp/runs.csv,replicated,3,1
GP,unblocked_rank1,1,normal,1024,20260824,379d1fc0748a47a6,2,1.00999999,6,completed,84.586139,84.5861434937,sampled_fp64_32x32,0.0322417992844,17.898957498,1.009765625,0,1013,0,0,0,105,48,0,0,0,0,0,normal__n1024__seed20260824__unblocked_rank1__gp/runs.csv,replicated,3,1
PP,unblocked_rank1,1,normal,1024,20260824,379d1fc0748a47a6,0,1.00999999,6,completed,81.955125,81.9547805786,sampled_fp64_32x32,0.0278140598545,17.6423416199,1,0,1018,0,0,0,0,0,0,0,0,0,0,normal__n1024__seed20260824__unblocked_rank1__pp/runs.csv,replicated,3,1
PP,unblocked_rank1,1,normal,1024,20260824,379d1fc0748a47a6,1,1.00999999,6,completed,82.225002,82.225151062,sampled_fp64_32x32,0.0278140598545,17.6423416199,1,0,1018,0,0,0,0,0,0,0,0,0,0,normal__n1024__seed20260824__unblocked_rank1__pp/runs.csv,replicated,3,1
PP,unblocked_rank1,1,normal,1024,20260824,379d1fc0748a47a6,2,1.00999999,6,completed,81.738194,81.7383346558,sampled_fp64_32x32,0.0278140598545,17.6423416199,1,0,1018,0,0,0,0,0,0,0,0,0,0,normal__n1024__seed20260824__unblocked_rank1__pp/runs.csv,replicated,3,1
RP,unblocked_rank1,1,normal,1024,20260824,379d1fc0748a47a6,0,1.00999999,6,completed,123.84551,123.845085144,sampled_fp64_32x32,0.0186002328914,9.73215717723,1,0,1018,797,0,0,0,0,0,0,0,1974,0,normal__n1024__seed20260824__unblocked_rank1__rp/runs.csv,replicated,3,1
RP,unblocked_rank1,1,normal,1024,20260824,379d1fc0748a47a6,1,1.00999999,6,completed,123.683925,123.684288025,sampled_fp64_32x32,0.0186002328914,9.73215717723,1,0,1018,797,0,0,0,0,0,0,0,1974,0,normal__n1024__seed20260824__unblocked_rank1__rp/runs.csv,replicated,3,1
RP,unblocked_rank1,1,normal,1024,20260824,379d1fc0748a47a6,2,1.00999999,6,completed,123.695981,123.695777893,sampled_fp64_32x32,0.0186002328914,9.73215717723,1,0,1018,797,0,0,0,0,0,0,0,1974,0,normal__n1024__seed20260824__unblocked_rank1__rp/runs.csv,replicated,3,1
ScaP,unblocked_rank1,1,normal,1024,20260824,379d1fc0748a47a6,0,1.00999999,6,completed,106.662964,106.663169861,sampled_fp64_32x32,0.0271425452523,13.2798716921,1,0,1013,517,0,0,0,0,506,412,105,0,0,normal__n1024__seed20260824__unblocked_rank1__scap/runs.csv,replicated,3,1
ScaP,unblocked_rank1,1,normal,1024,20260824,379d1fc0748a47a6,1,1.00999999,6,completed,106.382277,106.381858826,sampled_fp64_32x32,0.0271425452523,13.2798716921,1,0,1013,517,0,0,0,0,506,412,105,0,0,normal__n1024__seed20260824__unblocked_rank1__scap/runs.csv,replicated,3,1
ScaP,unblocked_rank1,1,normal,1024,20260824,379d1fc0748a47a6,2,1.00999999,6,completed,106.514735,106.514335632,sampled_fp64_32x32,0.0271425452523,13.2798716921,1,0,1013,517,0,0,0,0,506,412,105,0,0,normal__n1024__seed20260824__unblocked_rank1__scap/runs.csv,replicated,3,1
ScPP,unblocked_rank1,1,normal,1024,20260824,379d1fc0748a47a6,0,1.00999999,6,completed,83.938532,83.9385604858,sampled_fp64_32x32,0.0301538592194,22.1972734563,1.396484375,0,1017,0,0,0,0,0,0,0,0,0,0,normal__n1024__seed20260824__unblocked_rank1__scpp/runs.csv,replicated,3,1
ScPP,unblocked_rank1,1,normal,1024,20260824,379d1fc0748a47a6,1,1.00999999,6,completed,83.503974,83.5041275024,sampled_fp64_32x32,0.0301538592194,22.1972734563,1.396484375,0,1017,0,0,0,0,0,0,0,0,0,0,normal__n1024__seed20260824__unblocked_rank1__scpp/runs.csv,replicated,3,1
ScPP,unblocked_rank1,1,normal,1024,20260824,379d1fc0748a47a6,2,1.00999999,6,completed,83.239998,83.2396469116,sampled_fp64_32x32,0.0301538592194,22.1972734563,1.396484375,0,1017,0,0,0,0,0,0,0,0,0,0,normal__n1024__seed20260824__unblocked_rank1__scpp/runs.csv,replicated,3,1
CP,blocked_panel_local,64,normal,1024,20260825,ac936c1a106ee5fb,0,1.00999999,6,completed,866.361038,866.367248535,sampled_fp64_32x32,0.0298753949847,10.8374100719,1,0,1015,949,0,0,0,0,0,0,0,0,0,normal__n1024__seed20260825__blocked_panel_local__cp/runs.csv,replicated,3,1
CP,blocked_panel_local,64,normal,1024,20260825,ac936c1a106ee5fb,1,1.00999999,6,completed,881.23317,881.239196777,sampled_fp64_32x32,0.0298753949847,10.8374100719,1,0,1015,949,0,0,0,0,0,0,0,0,0,normal__n1024__seed20260825__blocked_panel_local__cp/runs.csv,replicated,3,1
CP,blocked_panel_local,64,normal,1024,20260825,ac936c1a106ee5fb,2,1.00999999,6,completed,914.977756,914.985107422,sampled_fp64_32x32,0.0298753949847,10.8374100719,1,0,1015,949,0,0,0,0,0,0,0,0,0,normal__n1024__seed20260825__blocked_panel_local__cp/runs.csv,replicated,3,1
DP,blocked_panel_local,64,normal,1024,20260825,ac936c1a106ee5fb,0,1.00999999,6,completed,83.753542,83.7535018921,sampled_fp64_32x32,0.0354716012808,15.6086330935,0.9951171875,0,1012,84,84,2,0,0,0,0,0,0,0,normal__n1024__seed20260825__blocked_panel_local__dp/runs.csv,replicated,3,1
DP,blocked_panel_local,64,normal,1024,20260825,ac936c1a106ee5fb,1,1.00999999,6,completed,83.921429,83.9219207764,sampled_fp64_32x32,0.0354716012808,15.6086330935,0.9951171875,0,1012,84,84,2,0,0,0,0,0,0,0,normal__n1024__seed20260825__blocked_panel_local__dp/runs.csv,replicated,3,1
DP,blocked_panel_local,64,normal,1024,20260825,ac936c1a106ee5fb,2,1.00999999,6,completed,84.04317,84.0434570312,sampled_fp64_32x32,0.0354716012808,15.6086330935,0.9951171875,0,1012,84,84,2,0,0,0,0,0,0,0,normal__n1024__seed20260825__blocked_panel_local__dp/runs.csv,replicated,3,1
GP,blocked_panel_local,64,normal,1024,20260825,ac936c1a106ee5fb,0,1.00999999,6,completed,83.548217,83.5487365723,sampled_fp64_32x32,0.0311639452971,17.0474820144,1.009765625,0,1014,0,0,0,88,42,0,0,0,0,0,normal__n1024__seed20260825__blocked_panel_local__gp/runs.csv,replicated,3,1
GP,blocked_panel_local,64,normal,1024,20260825,ac936c1a106ee5fb,1,1.00999999,6,completed,83.578408,83.5787200928,sampled_fp64_32x32,0.0311639452971,17.0474820144,1.009765625,0,1014,0,0,0,88,42,0,0,0,0,0,normal__n1024__seed20260825__blocked_panel_local__gp/runs.csv,replicated,3,1
GP,blocked_panel_local,64,normal,1024,20260825,ac936c1a106ee5fb,2,1.00999999,6,completed,83.819476,83.8196182251,sampled_fp64_32x32,0.0311639452971,17.0474820144,1.009765625,0,1014,0,0,0,88,42,0,0,0,0,0,normal__n1024__seed20260825__blocked_panel_local__gp/runs.csv,replicated,3,1
PP,blocked_panel_local,64,normal,1024,20260825,ac936c1a106ee5fb,0,1.00999999,6,completed,82.270511,82.270401001,sampled_fp64_32x32,0.048606622375,16.8517985612,1,0,1017,0,0,0,0,0,0,0,0,0,0,normal__n1024__seed20260825__blocked_panel_local__pp/runs.csv,replicated,3,1
PP,blocked_panel_local,64,normal,1024,20260825,ac936c1a106ee5fb,1,1.00999999,6,completed,82.210019,82.2096328735,sampled_fp64_32x32,0.048606622375,16.8517985612,1,0,1017,0,0,0,0,0,0,0,0,0,0,normal__n1024__seed20260825__blocked_panel_local__pp/runs.csv,replicated,3,1
PP,blocked_panel_local,64,normal,1024,20260825,ac936c1a106ee5fb,2,1.00999999,6,completed,81.891694,81.8920288086,sampled_fp64_32x32,0.048606622375,16.8517985612,1,0,1017,0,0,0,0,0,0,0,0,0,0,normal__n1024__seed20260825__blocked_panel_local__pp/runs.csv,replicated,3,1
RP,blocked_panel_local,64,normal,1024,20260825,ac936c1a106ee5fb,0,1.00999999,6,completed,99.235885,99.236541748,sampled_fp64_32x32,0.0248094848194,14.1007194245,1,0,1015,342,0,0,0,0,0,0,0,1398,0,normal__n1024__seed20260825__blocked_panel_local__rp/runs.csv,replicated,3,1
RP,blocked_panel_local,64,normal,1024,20260825,ac936c1a106ee5fb,1,1.00999999,6,completed,99.279338,99.279548645,sampled_fp64_32x32,0.0248094848194,14.1007194245,1,0,1015,342,0,0,0,0,0,0,0,1398,0,normal__n1024__seed20260825__blocked_panel_local__rp/runs.csv,replicated,3,1
RP,blocked_panel_local,64,normal,1024,20260825,ac936c1a106ee5fb,2,1.00999999,6,completed,99.34131,99.3419494629,sampled_fp64_32x32,0.0248094848194,14.1007194245,1,0,1015,342,0,0,0,0,0,0,0,1398,0,normal__n1024__seed20260825__blocked_panel_local__rp/runs.csv,replicated,3,1
ScaP,blocked_panel_local,64,normal,1024,20260825,ac936c1a106ee5fb,0,1.00999999,6,completed,102.262551,102.262557983,sampled_fp64_32x32,0.0310868209141,15.5050359712,1,0,1018,539,0,0,0,0,484,430,109,0,0,normal__n1024__seed20260825__blocked_panel_local__scap/runs.csv,replicated,3,1
ScaP,blocked_panel_local,64,normal,1024,20260825,ac936c1a106ee5fb,1,1.00999999,6,completed,102.294262,102.294944763,sampled_fp64_32x32,0.0310868209141,15.5050359712,1,0,1018,539,0,0,0,0,484,430,109,0,0,normal__n1024__seed20260825__blocked_panel_local__scap/runs.csv,replicated,3,1
ScaP,blocked_panel_local,64,normal,1024,20260825,ac936c1a106ee5fb,2,1.00999999,6,completed,103.728451,103.728515625,sampled_fp64_32x32,0.0310868209141,15.5050359712,1,0,1018,539,0,0,0,0,484,430,109,0,0,normal__n1024__seed20260825__blocked_panel_local__scap/runs.csv,replicated,3,1
ScPP,blocked_panel_local,64,normal,1024,20260825,ac936c1a106ee5fb,0,1.00999999,6,completed,82.63457,82.6348800659,sampled_fp64_32x32,0.0379235360762,22.6762589928,1.4296875,0,1016,0,0,0,0,0,0,0,0,0,0,normal__n1024__seed20260825__blocked_panel_local__scpp/runs.csv,replicated,3,1
ScPP,blocked_panel_local,64,normal,1024,20260825,ac936c1a106ee5fb,1,1.00999999,6,completed,82.22303,82.2233886719,sampled_fp64_32x32,0.0379235360762,22.6762589928,1.4296875,0,1016,0,0,0,0,0,0,0,0,0,0,normal__n1024__seed20260825__blocked_panel_local__scpp/runs.csv,replicated,3,1
ScPP,blocked_panel_local,64,normal,1024,20260825,ac936c1a106ee5fb,2,1.00999999,6,completed,82.434268,82.434211731,sampled_fp64_32x32,0.0379235360762,22.6762589928,1.4296875,0,1016,0,0,0,0,0,0,0,0,0,0,normal__n1024__seed20260825__blocked_panel_local__scpp/runs.csv,replicated,3,1
CP,unblocked_rank1,1,normal,1024,20260825,ac936c1a106ee5fb,0,1.00999999,6,completed,1601.63211,1601.64379883,sampled_fp64_32x32,0.0180970091185,6.82014388489,0.998046875,0,1015,1017,0,0,0,0,0,0,0,0,0,normal__n1024__seed20260825__unblocked_rank1__cp/runs.csv,replicated,3,1
CP,unblocked_rank1,1,normal,1024,20260825,ac936c1a106ee5fb,1,1.00999999,6,completed,1616.102205,1616.11340332,sampled_fp64_32x32,0.0180970091185,6.82014388489,0.998046875,0,1015,1017,0,0,0,0,0,0,0,0,0,normal__n1024__seed20260825__unblocked_rank1__cp/runs.csv,replicated,3,1
CP,unblocked_rank1,1,normal,1024,20260825,ac936c1a106ee5fb,2,1.00999999,6,completed,1653.883026,1653.89465332,sampled_fp64_32x32,0.0180970091185,6.82014388489,0.998046875,0,1015,1017,0,0,0,0,0,0,0,0,0,normal__n1024__seed20260825__unblocked_rank1__cp/runs.csv,replicated,3,1
DP,unblocked_rank1,1,normal,1024,20260825,ac936c1a106ee5fb,0,1.00999999,6,completed,83.763326,83.7636795044,sampled_fp64_32x32,0.0379041949931,17.8647482014,0.990234375,0,1020,94,94,0,0,0,0,0,0,0,0,normal__n1024__seed20260825__unblocked_rank1__dp/runs.csv,replicated,3,1
DP,unblocked_rank1,1,normal,1024,20260825,ac936c1a106ee5fb,1,1.00999999,6,completed,84.03881,84.0388793945,sampled_fp64_32x32,0.0379041949931,17.8647482014,0.990234375,0,1020,94,94,0,0,0,0,0,0,0,0,normal__n1024__seed20260825__unblocked_rank1__dp/runs.csv,replicated,3,1
DP,unblocked_rank1,1,normal,1024,20260825,ac936c1a106ee5fb,2,1.00999999,6,completed,83.94727,83.9473953247,sampled_fp64_32x32,0.0379041949931,17.8647482014,0.990234375,0,1020,94,94,0,0,0,0,0,0,0,0,normal__n1024__seed20260825__unblocked_rank1__dp/runs.csv,replicated,3,1
GP,unblocked_rank1,1,normal,1024,20260825,ac936c1a106ee5fb,0,1.00999999,6,completed,83.061611,83.0614089966,sampled_fp64_32x32,0.0409618854312,17.2316546763,1.009765625,0,1019,0,0,0,95,52,0,0,0,0,0,normal__n1024__seed20260825__unblocked_rank1__gp/runs.csv,replicated,3,1
GP,unblocked_rank1,1,normal,1024,20260825,ac936c1a106ee5fb,1,1.00999999,6,completed,82.557488,82.5579223633,sampled_fp64_32x32,0.0409618854312,17.2316546763,1.009765625,0,1019,0,0,0,95,52,0,0,0,0,0,normal__n1024__seed20260825__unblocked_rank1__gp/runs.csv,replicated,3,1
GP,unblocked_rank1,1,normal,1024,20260825,ac936c1a106ee5fb,2,1.00999999,6,completed,83.7261,83.7259216309,sampled_fp64_32x32,0.0409618854312,17.2316546763,1.009765625,0,1019,0,0,0,95,52,0,0,0,0,0,normal__n1024__seed20260825__unblocked_rank1__gp/runs.csv,replicated,3,1
PP,unblocked_rank1,1,normal,1024,20260825,ac936c1a106ee5fb,0,1.00999999,6,completed,81.280016,81.2798080444,sampled_fp64_32x32,0.048606622375,16.8517985612,1,0,1017,0,0,0,0,0,0,0,0,0,0,normal__n1024__seed20260825__unblocked_rank1__pp/runs.csv,replicated,3,1
PP,unblocked_rank1,1,normal,1024,20260825,ac936c1a106ee5fb,1,1.00999999,6,completed,80.887813,80.887550354,sampled_fp64_32x32,0.048606622375,16.8517985612,1,0,1017,0,0,0,0,0,0,0,0,0,0,normal__n1024__seed20260825__unblocked_rank1__pp/runs.csv,replicated,3,1
PP,unblocked_rank1,1,normal,1024,20260825,ac936c1a106ee5fb,2,1.00999999,6,completed,80.296835,80.2966690063,sampled_fp64_32x32,0.048606622375,16.8517985612,1,0,1017,0,0,0,0,0,0,0,0,0,0,normal__n1024__seed20260825__unblocked_rank1__pp/runs.csv,replicated,3,1
RP,unblocked_rank1,1,normal,1024,20260825,ac936c1a106ee5fb,0,1.00999999,6,completed,119.872445,119.872764587,sampled_fp64_32x32,0.0298918465883,9.7035971223,1,0,1018,772,0,0,0,0,0,0,0,1959,0,normal__n1024__seed20260825__unblocked_rank1__rp/runs.csv,replicated,3,1
RP,unblocked_rank1,1,normal,1024,20260825,ac936c1a106ee5fb,1,1.00999999,6,completed,120.002077,120.002433777,sampled_fp64_32x32,0.0298918465883,9.7035971223,1,0,1018,772,0,0,0,0,0,0,0,1959,0,normal__n1024__seed20260825__unblocked_rank1__rp/runs.csv,replicated,3,1
RP,unblocked_rank1,1,normal,1024,20260825,ac936c1a106ee5fb,2,1.00999999,6,completed,119.751041,119.751197815,sampled_fp64_32x32,0.0298918465883,9.7035971223,1,0,1018,772,0,0,0,0,0,0,0,1959,0,normal__n1024__seed20260825__unblocked_rank1__rp/runs.csv,replicated,3,1
ScaP,unblocked_rank1,1,normal,1024,20260825,ac936c1a106ee5fb,0,1.00999999,6,completed,103.234958,103.235069275,sampled_fp64_32x32,0.0241157496891,11.7294964029,1,0,1016,507,0,0,0,0,516,403,104,0,0,normal__n1024__seed20260825__unblocked_rank1__scap/runs.csv,replicated,3,1
ScaP,unblocked_rank1,1,normal,1024,20260825,ac936c1a106ee5fb,1,1.00999999,6,completed,103.39222,103.392066956,sampled_fp64_32x32,0.0241157496891,11.7294964029,1,0,1016,507,0,0,0,0,516,403,104,0,0,normal__n1024__seed20260825__unblocked_rank1__scap/runs.csv,replicated,3,1
ScaP,unblocked_rank1,1,normal,1024,20260825,ac936c1a106ee5fb,2,1.00999999,6,completed,103.217616,103.217987061,sampled_fp64_32x32,0.0241157496891,11.7294964029,1,0,1016,507,0,0,0,0,516,403,104,0,0,normal__n1024__seed20260825__unblocked_rank1__scap/runs.csv,replicated,3,1
ScPP,unblocked_rank1,1,normal,1024,20260825,ac936c1a106ee5fb,0,1.00999999,6,completed,81.053368,81.053855896,sampled_fp64_32x32,0.0379235360762,22.9410071942,1.4296875,0,1016,0,0,0,0,0,0,0,0,0,0,normal__n1024__seed20260825__unblocked_rank1__scpp/runs.csv,replicated,3,1
ScPP,unblocked_rank1,1,normal,1024,20260825,ac936c1a106ee5fb,1,1.00999999,6,completed,80.915826,80.9161300659,sampled_fp64_32x32,0.0379235360762,22.9410071942,1.4296875,0,1016,0,0,0,0,0,0,0,0,0,0,normal__n1024__seed20260825__unblocked_rank1__scpp/runs.csv,replicated,3,1
ScPP,unblocked_rank1,1,normal,1024,20260825,ac936c1a106ee5fb,2,1.00999999,6,completed,80.955821,80.9561920166,sampled_fp64_32x32,0.0379235360762,22.9410071942,1.4296875,0,1016,0,0,0,0,0,0,0,0,0,0,normal__n1024__seed20260825__unblocked_rank1__scpp/runs.csv,replicated,3,1
CP,blocked_panel_local,64,normal,128,20260823,942fc2ca039aa3d4,0,1.00999999,6,completed,11.853489,11.8543043137,full_fp64,0.00539544449518,3.71677783479,1,0,121,115,0,0,0,0,0,0,0,0,0,normal__n128__seed20260823__blocked_panel_local__cp/runs.csv,replicated,3,1
CP,blocked_panel_local,64,normal,128,20260823,942fc2ca039aa3d4,1,1.00999999,6,completed,11.863851,11.863776207,full_fp64,0.00539544449518,3.71677783479,1,0,121,115,0,0,0,0,0,0,0,0,0,normal__n128__seed20260823__blocked_panel_local__cp/runs.csv,replicated,3,1
CP,blocked_panel_local,64,normal,128,20260823,942fc2ca039aa3d4,2,1.00999999,6,completed,11.89509,11.8942079544,full_fp64,0.00539544449518,3.71677783479,1,0,121,115,0,0,0,0,0,0,0,0,0,normal__n128__seed20260823__blocked_panel_local__cp/runs.csv,replicated,3,1
DP,blocked_panel_local,64,normal,128,20260823,942fc2ca039aa3d4,0,1.00999999,6,completed,8.790969,8.79055976868,full_fp64,0.0101514677319,5.94766546947,0.990234375,0,121,10,10,0,0,0,0,0,0,0,0,normal__n128__seed20260823__blocked_panel_local__dp/runs.csv,replicated,3,1
DP,blocked_panel_local,64,normal,128,20260823,942fc2ca039aa3d4,1,1.00999999,6,completed,8.75043,8.75030422211,full_fp64,0.0101514677319,5.94766546947,0.990234375,0,121,10,10,0,0,0,0,0,0,0,0,normal__n128__seed20260823__blocked_panel_local__dp/runs.csv,replicated,3,1
DP,blocked_panel_local,64,normal,128,20260823,942fc2ca039aa3d4,2,1.00999999,6,completed,8.86123,8.86515235901,full_fp64,0.0101514677319,5.94766546947,0.990234375,0,121,10,10,0,0,0,0,0,0,0,0,normal__n128__seed20260823__blocked_panel_local__dp/runs.csv,replicated,3,1
GP,blocked_panel_local,64,normal,128,20260823,942fc2ca039aa3d4,0,1.00999999,6,completed,8.76412,8.76329612732,full_fp64,0.0094836192476,7.01898409441,1.0068359375,0,122,0,0,0,7,2,0,0,0,0,0,normal__n128__seed20260823__blocked_panel_local__gp/runs.csv,replicated,3,1
GP,blocked_panel_local,64,normal,128,20260823,942fc2ca039aa3d4,1,1.00999999,6,completed,8.836249,8.83615970612,full_fp64,0.0094836192476,7.01898409441,1.0068359375,0,122,0,0,0,7,2,0,0,0,0,0,normal__n128__seed20260823__blocked_panel_local__gp/runs.csv,replicated,3,1
GP,blocked_panel_local,64,normal,128,20260823,942fc2ca039aa3d4,2,1.00999999,6,completed,8.837893,8.83766365051,full_fp64,0.0094836192476,7.01898409441,1.0068359375,0,122,0,0,0,7,2,0,0,0,0,0,normal__n128__seed20260823__blocked_panel_local__gp/runs.csv,replicated,3,1
PP,blocked_panel_local,64,normal,128,20260823,942fc2ca039aa3d4,0,1.00999999,6,completed,8.899184,8.89916801453,full_fp64,0.00846023593822,5.34838378656,0.99951171875,0,123,0,0,0,0,0,0,0,0,0,0,normal__n128__seed20260823__blocked_panel_local__pp/runs.csv,replicated,3,1
PP,blocked_panel_local,64,normal,128,20260823,942fc2ca039aa3d4,1,1.00999999,6,completed,8.796191,8.79539203644,full_fp64,0.00846023593822,5.34838378656,0.99951171875,0,123,0,0,0,0,0,0,0,0,0,0,normal__n128__seed20260823__blocked_panel_local__pp/runs.csv,replicated,3,1
PP,blocked_panel_local,64,normal,128,20260823,942fc2ca039aa3d4,2,1.00999999,6,completed,8.802243,8.80217647552,full_fp64,0.00846023593822,5.34838378656,0.99951171875,0,123,0,0,0,0,0,0,0,0,0,0,normal__n128__seed20260823__blocked_panel_local__pp/runs.csv,replicated,3,1
RP,blocked_panel_local,64,normal,128,20260823,942fc2ca039aa3d4,0,1.00999999,6,completed,13.619612,13.618847847,full_fp64,0.00642109712373,4.15187275526,1,0,124,64,0,0,0,0,0,0,0,200,0,normal__n128__seed20260823__blocked_panel_local__rp/runs.csv,replicated,3,1
RP,blocked_panel_local,64,normal,128,20260823,942fc2ca039aa3d4,1,1.00999999,6,completed,13.582052,13.5815038681,full_fp64,0.00642109712373,4.15187275526,1,0,124,64,0,0,0,0,0,0,0,200,0,normal__n128__seed20260823__blocked_panel_local__rp/runs.csv,replicated,3,1
RP,blocked_panel_local,64,normal,128,20260823,942fc2ca039aa3d4,2,1.00999999,6,completed,12.314237,12.3137283325,full_fp64,0.00642109712373,4.15187275526,1,0,124,64,0,0,0,0,0,0,0,200,0,normal__n128__seed20260823__blocked_panel_local__rp/runs.csv,replicated,3,1
ScaP,blocked_panel_local,64,normal,128,20260823,942fc2ca039aa3d4,0,1.00999999,6,completed,12.98975,12.9895677567,full_fp64,0.00734397923414,5.00769625449,0.9990234375,0,122,67,0,0,0,0,60,52,15,0,0,normal__n128__seed20260823__blocked_panel_local__scap/runs.csv,replicated,3,1
ScaP,blocked_panel_local,64,normal,128,20260823,942fc2ca039aa3d4,1,1.00999999,6,completed,13.096742,13.0968322754,full_fp64,0.00734397923414,5.00769625449,0.9990234375,0,122,67,0,0,0,0,60,52,15,0,0,normal__n128__seed20260823__blocked_panel_local__scap/runs.csv,replicated,3,1
ScaP,blocked_panel_local,64,normal,128,20260823,942fc2ca039aa3d4,2,1.00999999,6,completed,11.818783,11.8186235428,full_fp64,0.00734397923414,5.00769625449,0.9990234375,0,122,67,0,0,0,0,60,52,15,0,0,normal__n128__seed20260823__blocked_panel_local__scap/runs.csv,replicated,3,1
ScPP,blocked_panel_local,64,normal,128,20260823,942fc2ca039aa3d4,0,1.00999999,6,completed,8.706409,8.70572757721,full_fp64,0.0105050763697,9.71985633658,1.81640625,0,124,0,0,0,0,0,0,0,0,0,0,normal__n128__seed20260823__blocked_panel_local__scpp/runs.csv,replicated,3,1
ScPP,blocked_panel_local,64,normal,128,20260823,942fc2ca039aa3d4,1,1.00999999,6,completed,8.863636,8.86252784729,full_fp64,0.0105050763697,9.71985633658,1.81640625,0,124,0,0,0,0,0,0,0,0,0,0,normal__n128__seed20260823__blocked_panel_local__scpp/runs.csv,replicated,3,1
ScPP,blocked_panel_local,64,normal,128,20260823,942fc2ca039aa3d4,2,1.00999999,6,completed,8.72411,8.72345638275,full_fp64,0.0105050763697,9.71985633658,1.81640625,0,124,0,0,0,0,0,0,0,0,0,0,normal__n128__seed20260823__blocked_panel_local__scpp/runs.csv,replicated,3,1
CP,unblocked_rank1,1,normal,128,20260823,942fc2ca039aa3d4,0,1.00999999,6,completed,11.800194,11.8000640869,full_fp64,0.00460268669461,2.64751154438,0.990234375,0,120,121,0,0,0,0,0,0,0,0,0,normal__n128__seed20260823__unblocked_rank1__cp/runs.csv,replicated,3,1
CP,unblocked_rank1,1,normal,128,20260823,942fc2ca039aa3d4,1,1.00999999,6,completed,11.866114,11.8657922745,full_fp64,0.00460268669461,2.64751154438,0.990234375,0,120,121,0,0,0,0,0,0,0,0,0,normal__n128__seed20260823__unblocked_rank1__cp/runs.csv,replicated,3,1
CP,unblocked_rank1,1,normal,128,20260823,942fc2ca039aa3d4,2,1.00999999,6,completed,12.05268,12.0521278381,full_fp64,0.00460268669461,2.64751154438,0.990234375,0,120,121,0,0,0,0,0,0,0,0,0,normal__n128__seed20260823__unblocked_rank1__cp/runs.csv,replicated,3,1
DP,unblocked_rank1,1,normal,128,20260823,942fc2ca039aa3d4,0,1.00999999,6,completed,9.23063,9.22979164124,full_fp64,0.0101514677319,5.94766546947,0.990234375,0,121,10,10,0,0,0,0,0,0,0,0,normal__n128__seed20260823__unblocked_rank1__dp/runs.csv,replicated,3,1
DP,unblocked_rank1,1,normal,128,20260823,942fc2ca039aa3d4,1,1.00999999,6,completed,9.314767,9.31427192688,full_fp64,0.0101514677319,5.94766546947,0.990234375,0,121,10,10,0,0,0,0,0,0,0,0,normal__n128__seed20260823__unblocked_rank1__dp/runs.csv,replicated,3,1
DP,unblocked_rank1,1,normal,128,20260823,942fc2ca039aa3d4,2,1.00999999,6,completed,9.451377,9.45104026794,full_fp64,0.0101514677319,5.94766546947,0.990234375,0,121,10,10,0,0,0,0,0,0,0,0,normal__n128__seed20260823__unblocked_rank1__dp/runs.csv,replicated,3,1
GP,unblocked_rank1,1,normal,128,20260823,942fc2ca039aa3d4,0,1.00999999,6,completed,7.931632,7.93126392365,full_fp64,0.0094836192476,7.01898409441,1.0068359375,0,122,0,0,0,7,2,0,0,0,0,0,normal__n128__seed20260823__unblocked_rank1__gp/runs.csv,replicated,3,1
GP,unblocked_rank1,1,normal,128,20260823,942fc2ca039aa3d4,1,1.00999999,6,completed,8.037609,8.03612804413,full_fp64,0.0094836192476,7.01898409441,1.0068359375,0,122,0,0,0,7,2,0,0,0,0,0,normal__n128__seed20260823__unblocked_rank1__gp/runs.csv,replicated,3,1
GP,unblocked_rank1,1,normal,128,20260823,942fc2ca039aa3d4,2,1.00999999,6,completed,7.913928,7.91344022751,full_fp64,0.0094836192476,7.01898409441,1.0068359375,0,122,0,0,0,7,2,0,0,0,0,0,normal__n128__seed20260823__unblocked_rank1__gp/runs.csv,replicated,3,1
PP,unblocked_rank1,1,normal,128,20260823,942fc2ca039aa3d4,0,1.00999999,6,completed,7.829796,7.8292798996,full_fp64,0.00846023593822,5.34838378656,0.99951171875,0,123,0,0,0,0,0,0,0,0,0,0,normal__n128__seed20260823__unblocked_rank1__pp/runs.csv,replicated,3,1
PP,unblocked_rank1,1,normal,128,20260823,942fc2ca039aa3d4,1,1.00999999,6,completed,7.87679,7.87676811218,full_fp64,0.00846023593822,5.34838378656,0.99951171875,0,123,0,0,0,0,0,0,0,0,0,0,normal__n128__seed20260823__unblocked_rank1__pp/runs.csv,replicated,3,1
PP,unblocked_rank1,1,normal,128,20260823,942fc2ca039aa3d4,2,1.00999999,6,completed,7.796923,7.79654407501,full_fp64,0.00846023593822,5.34838378656,0.99951171875,0,123,0,0,0,0,0,0,0,0,0,0,normal__n128__seed20260823__unblocked_rank1__pp/runs.csv,replicated,3,1
RP,unblocked_rank1,1,normal,128,20260823,942fc2ca039aa3d4,0,1.00999999,6,completed,10.893484,10.8927364349,full_fp64,0.00555373755035,3.82965623397,0.9990234375,0,122,88,0,0,0,0,0,0,0,219,0,normal__n128__seed20260823__unblocked_rank1__rp/runs.csv,replicated,3,1
RP,unblocked_rank1,1,normal,128,20260823,942fc2ca039aa3d4,1,1.00999999,6,completed,10.955789,10.9557762146,full_fp64,0.00555373755035,3.82965623397,0.9990234375,0,122,88,0,0,0,0,0,0,0,219,0,normal__n128__seed20260823__unblocked_rank1__rp/runs.csv,replicated,3,1
RP,unblocked_rank1,1,normal,128,20260823,942fc2ca039aa3d4,2,1.00999999,6,completed,10.924485,10.9241275787,full_fp64,0.00555373755035,3.82965623397,0.9990234375,0,122,88,0,0,0,0,0,0,0,219,0,normal__n128__seed20260823__unblocked_rank1__rp/runs.csv,replicated,3,1
ScaP,unblocked_rank1,1,normal,128,20260823,942fc2ca039aa3d4,0,1.00999999,6,completed,10.287452,10.2868480682,full_fp64,0.00666415477301,4.61364802463,0.9990234375,0,124,72,0,0,0,0,55,53,19,0,0,normal__n128__seed20260823__unblocked_rank1__scap/runs.csv,replicated,3,1
ScaP,unblocked_rank1,1,normal,128,20260823,942fc2ca039aa3d4,1,1.00999999,6,completed,10.382603,10.3821763992,full_fp64,0.00666415477301,4.61364802463,0.9990234375,0,124,72,0,0,0,0,55,53,19,0,0,normal__n128__seed20260823__unblocked_rank1__scap/runs.csv,replicated,3,1
ScaP,unblocked_rank1,1,normal,128,20260823,942fc2ca039aa3d4,2,1.00999999,6,completed,10.267621,10.2672643661,full_fp64,0.00666415477301,4.61364802463,0.9990234375,0,124,72,0,0,0,0,55,53,19,0,0,normal__n128__seed20260823__unblocked_rank1__scap/runs.csv,replicated,3,1
ScPP,unblocked_rank1,1,normal,128,20260823,942fc2ca039aa3d4,0,1.00999999,6,completed,9.415521,9.41500759125,full_fp64,0.0105050763697,9.71985633658,1.81640625,0,124,0,0,0,0,0,0,0,0,0,0,normal__n128__seed20260823__unblocked_rank1__scpp/runs.csv,replicated,3,1
ScPP,unblocked_rank1,1,normal,128,20260823,942fc2ca039aa3d4,1,1.00999999,6,completed,9.383097,9.38335990906,full_fp64,0.0105050763697,9.71985633658,1.81640625,0,124,0,0,0,0,0,0,0,0,0,0,normal__n128__seed20260823__unblocked_rank1__scpp/runs.csv,replicated,3,1
ScPP,unblocked_rank1,1,normal,128,20260823,942fc2ca039aa3d4,2,1.00999999,6,completed,9.43478,9.43382358551,full_fp64,0.0105050763697,9.71985633658,1.81640625,0,124,0,0,0,0,0,0,0,0,0,0,normal__n128__seed20260823__unblocked_rank1__scpp/runs.csv,replicated,3,1
CP,blocked_panel_local,64,normal,128,20260824,258ed57710168394,0,1.00999999,6,completed,12.337373,12.33705616,full_fp64,0.00538238537886,3.1191885038,0.99072265625,0,123,121,0,0,0,0,0,0,0,0,0,normal__n128__seed20260824__blocked_panel_local__cp/runs.csv,replicated,3,1
CP,blocked_panel_local,64,normal,128,20260824,258ed57710168394,1,1.00999999,6,completed,12.280064,12.2792959213,full_fp64,0.00538238537886,3.1191885038,0.99072265625,0,123,121,0,0,0,0,0,0,0,0,0,normal__n128__seed20260824__blocked_panel_local__cp/runs.csv,replicated,3,1
CP,blocked_panel_local,64,normal,128,20260824,258ed57710168394,2,1.00999999,6,completed,12.350627,12.3507204056,full_fp64,0.00538238537886,3.1191885038,0.99072265625,0,123,121,0,0,0,0,0,0,0,0,0,normal__n128__seed20260824__blocked_panel_local__cp/runs.csv,replicated,3,1
DP,blocked_panel_local,64,normal,128,20260824,258ed57710168394,0,1.00999999,6,completed,8.974504,8.97427177429,full_fp64,0.00614552576463,4.89264581572,0.98681640625,0,124,6,6,0,0,0,0,0,0,0,0,normal__n128__seed20260824__blocked_panel_local__dp/runs.csv,replicated,3,1
DP,blocked_panel_local,64,normal,128,20260824,258ed57710168394,1,1.00999999,6,completed,9.02264,9.02249622345,full_fp64,0.00614552576463,4.89264581572,0.98681640625,0,124,6,6,0,0,0,0,0,0,0,0,normal__n128__seed20260824__blocked_panel_local__dp/runs.csv,replicated,3,1
DP,blocked_panel_local,64,normal,128,20260824,258ed57710168394,2,1.00999999,6,completed,8.908485,8.90816020966,full_fp64,0.00614552576463,4.89264581572,0.98681640625,0,124,6,6,0,0,0,0,0,0,0,0,normal__n128__seed20260824__blocked_panel_local__dp/runs.csv,replicated,3,1
GP,blocked_panel_local,64,normal,128,20260824,258ed57710168394,0,1.00999999,6,completed,8.866704,8.86623954773,full_fp64,0.00601792033204,5.16314454776,1.0087890625,0,119,0,0,0,7,5,0,0,0,0,0,normal__n128__seed20260824__blocked_panel_local__gp/runs.csv,replicated,3,1
GP,blocked_panel_local,64,normal,128,20260824,258ed57710168394,1,1.00999999,6,completed,8.802655,8.80230426788,full_fp64,0.00601792033204,5.16314454776,1.0087890625,0,119,0,0,0,7,5,0,0,0,0,0,normal__n128__seed20260824__blocked_panel_local__gp/runs.csv,replicated,3,1
GP,blocked_panel_local,64,normal,128,20260824,258ed57710168394,2,1.00999999,6,completed,8.923759,8.92332839966,full_fp64,0.00601792033204,5.16314454776,1.0087890625,0,119,0,0,0,7,5,0,0,0,0,0,normal__n128__seed20260824__blocked_panel_local__gp/runs.csv,replicated,3,1
PP,blocked_panel_local,64,normal,128,20260824,258ed57710168394,0,1.00999999,6,completed,8.640116,8.63926410675,full_fp64,0.00667995491576,6.97210481826,0.998046875,0,119,0,0,0,0,0,0,0,0,0,0,normal__n128__seed20260824__blocked_panel_local__pp/runs.csv,replicated,3,1
PP,blocked_panel_local,64,normal,128,20260824,258ed57710168394,1,1.00999999,6,completed,8.633445,8.63292789459,full_fp64,0.00667995491576,6.97210481826,0.998046875,0,119,0,0,0,0,0,0,0,0,0,0,normal__n128__seed20260824__blocked_panel_local__pp/runs.csv,replicated,3,1
PP,blocked_panel_local,64,normal,128,20260824,258ed57710168394,2,1.00999999,6,completed,8.703327,8.70252799988,full_fp64,0.00667995491576,6.97210481826,0.998046875,0,119,0,0,0,0,0,0,0,0,0,0,normal__n128__seed20260824__blocked_panel_local__pp/runs.csv,replicated,3,1
RP,blocked_panel_local,64,normal,128,20260824,258ed57710168394,0,1.00999999,6,completed,12.936062,12.9358720779,full_fp64,0.00556592949346,3.53338968724,0.99853515625,0,123,63,0,0,0,0,0,0,0,202,0,normal__n128__seed20260824__blocked_panel_local__rp/runs.csv,replicated,3,1
RP,blocked_panel_local,64,normal,128,20260824,258ed57710168394,1,1.00999999,6,completed,11.907604,11.9067840576,full_fp64,0.00556592949346,3.53338968724,0.99853515625,0,123,63,0,0,0,0,0,0,0,202,0,normal__n128__seed20260824__blocked_panel_local__rp/runs.csv,replicated,3,1
RP,blocked_panel_local,64,normal,128,20260824,258ed57710168394,2,1.00999999,6,completed,11.849002,11.8489923477,full_fp64,0.00556592949346,3.53338968724,0.99853515625,0,123,63,0,0,0,0,0,0,0,202,0,normal__n128__seed20260824__blocked_panel_local__rp/runs.csv,replicated,3,1
ScaP,blocked_panel_local,64,normal,128,20260824,258ed57710168394,0,1.00999999,6,completed,11.165358,11.1654396057,full_fp64,0.00598229096284,3.57396449704,1,0,125,67,0,0,0,0,60,48,19,0,0,normal__n128__seed20260824__blocked_panel_local__scap/runs.csv,replicated,3,1
ScaP,blocked_panel_local,64,normal,128,20260824,258ed57710168394,1,1.00999999,6,completed,11.088964,11.0889921188,full_fp64,0.00598229096284,3.57396449704,1,0,125,67,0,0,0,0,60,48,19,0,0,normal__n128__seed20260824__blocked_panel_local__scap/runs.csv,replicated,3,1
ScaP,blocked_panel_local,64,normal,128,20260824,258ed57710168394,2,1.00999999,6,completed,11.191917,11.1920957565,full_fp64,0.00598229096284,3.57396449704,1,0,125,67,0,0,0,0,60,48,19,0,0,normal__n128__seed20260824__blocked_panel_local__scap/runs.csv,replicated,3,1
ScPP,blocked_panel_local,64,normal,128,20260824,258ed57710168394,0,1.00999999,6,completed,10.082952,10.0826883316,full_fp64,0.00645175548499,5.51141166526,1.423828125,0,125,0,0,0,0,0,0,0,0,0,0,normal__n128__seed20260824__blocked_panel_local__scpp/runs.csv,replicated,3,1
ScPP,blocked_panel_local,64,normal,128,20260824,258ed57710168394,1,1.00999999,6,completed,9.201001,9.20102405548,full_fp64,0.00645175548499,5.51141166526,1.423828125,0,125,0,0,0,0,0,0,0,0,0,0,normal__n128__seed20260824__blocked_panel_local__scpp/runs.csv,replicated,3,1
ScPP,blocked_panel_local,64,normal,128,20260824,258ed57710168394,2,1.00999999,6,completed,9.24712,9.24713611603,full_fp64,0.00645175548499,5.51141166526,1.423828125,0,125,0,0,0,0,0,0,0,0,0,0,normal__n128__seed20260824__blocked_panel_local__scpp/runs.csv,replicated,3,1
CP,unblocked_rank1,1,normal,128,20260824,258ed57710168394,0,1.00999999,6,completed,12.049481,12.0492162704,full_fp64,0.0047222866613,2.31276415892,1,0,122,122,0,0,0,0,0,0,0,0,0,normal__n128__seed20260824__unblocked_rank1__cp/runs.csv,replicated,3,1
CP,unblocked_rank1,1,normal,128,20260824,258ed57710168394,1,1.00999999,6,completed,11.994135,11.9931840897,full_fp64,0.0047222866613,2.31276415892,1,0,122,122,0,0,0,0,0,0,0,0,0,normal__n128__seed20260824__unblocked_rank1__cp/runs.csv,replicated,3,1
CP,unblocked_rank1,1,normal,128,20260824,258ed57710168394,2,1.00999999,6,completed,11.953452,11.9529924393,full_fp64,0.0047222866613,2.31276415892,1,0,122,122,0,0,0,0,0,0,0,0,0,normal__n128__seed20260824__unblocked_rank1__cp/runs.csv,replicated,3,1
DP,unblocked_rank1,1,normal,128,20260824,258ed57710168394,0,1.00999999,6,completed,8.086643,8.08623981476,full_fp64,0.00614552576463,4.89264581572,0.98681640625,0,124,6,6,0,0,0,0,0,0,0,0,normal__n128__seed20260824__unblocked_rank1__dp/runs.csv,replicated,3,1
DP,unblocked_rank1,1,normal,128,20260824,258ed57710168394,1,1.00999999,6,completed,7.98612,7.98617601395,full_fp64,0.00614552576463,4.89264581572,0.98681640625,0,124,6,6,0,0,0,0,0,0,0,0,normal__n128__seed20260824__unblocked_rank1__dp/runs.csv,replicated,3,1
DP,unblocked_rank1,1,normal,128,20260824,258ed57710168394,2,1.00999999,6,completed,7.980786,7.9799041748,full_fp64,0.00614552576463,4.89264581572,0.98681640625,0,124,6,6,0,0,0,0,0,0,0,0,normal__n128__seed20260824__unblocked_rank1__dp/runs.csv,replicated,3,1
GP,unblocked_rank1,1,normal,128,20260824,258ed57710168394,0,1.00999999,6,completed,7.885902,7.88556814194,full_fp64,0.00720929978565,5.32544378698,1.0087890625,0,124,0,0,0,8,3,0,0,0,0,0,normal__n128__seed20260824__unblocked_rank1__gp/runs.csv,replicated,3,1
GP,unblocked_rank1,1,normal,128,20260824,258ed57710168394,1,1.00999999,6,completed,7.961499,7.96208000183,full_fp64,0.00720929978565,5.32544378698,1.0087890625,0,124,0,0,0,8,3,0,0,0,0,0,normal__n128__seed20260824__unblocked_rank1__gp/runs.csv,replicated,3,1
GP,unblocked_rank1,1,normal,128,20260824,258ed57710168394,2,1.00999999,6,completed,7.883717,7.88303995132,full_fp64,0.00720929978565,5.32544378698,1.0087890625,0,124,0,0,0,8,3,0,0,0,0,0,normal__n128__seed20260824__unblocked_rank1__gp/runs.csv,replicated,3,1
PP,unblocked_rank1,1,normal,128,20260824,258ed57710168394,0,1.00999999,6,completed,7.727878,7.72764778137,full_fp64,0.00667995491576,6.97210481826,0.998046875,0,119,0,0,0,0,0,0,0,0,0,0,normal__n128__seed20260824__unblocked_rank1__pp/runs.csv,replicated,3,1
PP,unblocked_rank1,1,normal,128,20260824,258ed57710168394,1,1.00999999,6,completed,7.715938,7.71526384354,full_fp64,0.00667995491576,6.97210481826,0.998046875,0,119,0,0,0,0,0,0,0,0,0,0,normal__n128__seed20260824__unblocked_rank1__pp/runs.csv,replicated,3,1
PP,unblocked_rank1,1,normal,128,20260824,258ed57710168394,2,1.00999999,6,completed,7.7849,7.78467178345,full_fp64,0.00667995491576,6.97210481826,0.998046875,0,119,0,0,0,0,0,0,0,0,0,0,normal__n128__seed20260824__unblocked_rank1__pp/runs.csv,replicated,3,1
RP,unblocked_rank1,1,normal,128,20260824,258ed57710168394,0,1.00999999,6,completed,10.729795,10.7291841507,full_fp64,0.00470839409332,3.0989010989,0.99853515625,0,125,71,0,0,0,0,0,0,0,211,0,normal__n128__seed20260824__unblocked_rank1__rp/runs.csv,replicated,3,1
RP,unblocked_rank1,1,normal,128,20260824,258ed57710168394,1,1.00999999,6,completed,10.744224,10.7440643311,full_fp64,0.00470839409332,3.0989010989,0.99853515625,0,125,71,0,0,0,0,0,0,0,211,0,normal__n128__seed20260824__unblocked_rank1__rp/runs.csv,replicated,3,1
RP,unblocked_rank1,1,normal,128,20260824,258ed57710168394,2,1.00999999,6,completed,10.842092,10.8418884277,full_fp64,0.00470839409332,3.0989010989,0.99853515625,0,125,71,0,0,0,0,0,0,0,211,0,normal__n128__seed20260824__unblocked_rank1__rp/runs.csv,replicated,3,1
ScaP,unblocked_rank1,1,normal,128,20260824,258ed57710168394,0,1.00999999,6,completed,11.959049,11.9586877823,full_fp64,0.00860874197388,4.15553677092,0.99267578125,0,126,71,0,0,0,0,56,58,13,0,0,normal__n128__seed20260824__unblocked_rank1__scap/runs.csv,replicated,3,1
ScaP,unblocked_rank1,1,normal,128,20260824,258ed57710168394,1,1.00999999,6,completed,11.573971,11.5741443634,full_fp64,0.00860874197388,4.15553677092,0.99267578125,0,126,71,0,0,0,0,56,58,13,0,0,normal__n128__seed20260824__unblocked_rank1__scap/runs.csv,replicated,3,1
ScaP,unblocked_rank1,1,normal,128,20260824,258ed57710168394,2,1.00999999,6,completed,10.611945,10.6114244461,full_fp64,0.00860874197388,4.15553677092,0.99267578125,0,126,71,0,0,0,0,56,58,13,0,0,normal__n128__seed20260824__unblocked_rank1__scap/runs.csv,replicated,3,1
ScPP,unblocked_rank1,1,normal,128,20260824,258ed57710168394,0,1.00999999,6,completed,7.822087,7.82153606415,full_fp64,0.00645175548499,5.51141166526,1.423828125,0,125,0,0,0,0,0,0,0,0,0,0,normal__n128__seed20260824__unblocked_rank1__scpp/runs.csv,replicated,3,1
ScPP,unblocked_rank1,1,normal,128,20260824,258ed57710168394,1,1.00999999,6,completed,7.857111,7.85712003708,full_fp64,0.00645175548499,5.51141166526,1.423828125,0,125,0,0,0,0,0,0,0,0,0,0,normal__n128__seed20260824__unblocked_rank1__scpp/runs.csv,replicated,3,1
ScPP,unblocked_rank1,1,normal,128,20260824,258ed57710168394,2,1.00999999,6,completed,7.789895,7.78931188583,full_fp64,0.00645175548499,5.51141166526,1.423828125,0,125,0,0,0,0,0,0,0,0,0,0,normal__n128__seed20260824__unblocked_rank1__scpp/runs.csv,replicated,3,1
CP,blocked_panel_local,64,normal,128,20260825,90339550cf20e3d7,0,1.00999999,6,completed,12.073727,12.0736322403,full_fp64,0.00540128421608,2.94290976059,0.998046875,0,121,118,0,0,0,0,0,0,0,0,0,normal__n128__seed20260825__blocked_panel_local__cp/runs.csv,replicated,3,1
CP,blocked_panel_local,64,normal,128,20260825,90339550cf20e3d7,1,1.00999999,6,completed,11.965461,11.9645757675,full_fp64,0.00540128421608,2.94290976059,0.998046875,0,121,118,0,0,0,0,0,0,0,0,0,normal__n128__seed20260825__blocked_panel_local__cp/runs.csv,replicated,3,1
CP,blocked_panel_local,64,normal,128,20260825,90339550cf20e3d7,2,1.00999999,6,completed,11.867611,11.8671684265,full_fp64,0.00540128421608,2.94290976059,0.998046875,0,121,118,0,0,0,0,0,0,0,0,0,normal__n128__seed20260825__blocked_panel_local__cp/runs.csv,replicated,3,1
DP,blocked_panel_local,64,normal,128,20260825,90339550cf20e3d7,0,1.00999999,6,completed,8.974355,8.973279953,full_fp64,0.00552320260808,4.70718232044,0.98486328125,0,119,8,8,0,0,0,0,0,0,0,0,normal__n128__seed20260825__blocked_panel_local__dp/runs.csv,replicated,3,1
DP,blocked_panel_local,64,normal,128,20260825,90339550cf20e3d7,1,1.00999999,6,completed,8.863297,8.8626241684,full_fp64,0.00552320260808,4.70718232044,0.98486328125,0,119,8,8,0,0,0,0,0,0,0,0,normal__n128__seed20260825__blocked_panel_local__dp/runs.csv,replicated,3,1
DP,blocked_panel_local,64,normal,128,20260825,90339550cf20e3d7,2,1.00999999,6,completed,8.897875,8.89692783356,full_fp64,0.00552320260808,4.70718232044,0.98486328125,0,119,8,8,0,0,0,0,0,0,0,0,normal__n128__seed20260825__blocked_panel_local__dp/runs.csv,replicated,3,1
GP,blocked_panel_local,64,normal,128,20260825,90339550cf20e3d7,0,1.00999999,6,completed,8.765287,8.76438426971,full_fp64,0.00649311792785,4.99815837937,1.0078125,0,122,0,0,0,7,3,0,0,0,0,0,normal__n128__seed20260825__blocked_panel_local__gp/runs.csv,replicated,3,1
GP,blocked_panel_local,64,normal,128,20260825,90339550cf20e3d7,1,1.00999999,6,completed,8.872185,8.8719997406,full_fp64,0.00649311792785,4.99815837937,1.0078125,0,122,0,0,0,7,3,0,0,0,0,0,normal__n128__seed20260825__blocked_panel_local__gp/runs.csv,replicated,3,1
GP,blocked_panel_local,64,normal,128,20260825,90339550cf20e3d7,2,1.00999999,6,completed,8.975319,8.97516822815,full_fp64,0.00649311792785,4.99815837937,1.0078125,0,122,0,0,0,7,3,0,0,0,0,0,normal__n128__seed20260825__blocked_panel_local__gp/runs.csv,replicated,3,1
PP,blocked_panel_local,64,normal,128,20260825,90339550cf20e3d7,0,1.00999999,6,completed,8.702394,8.70214366913,full_fp64,0.00673044759705,4.35359116022,0.9990234375,0,116,0,0,0,0,0,0,0,0,0,0,normal__n128__seed20260825__blocked_panel_local__pp/runs.csv,replicated,3,1
PP,blocked_panel_local,64,normal,128,20260825,90339550cf20e3d7,1,1.00999999,6,completed,8.720098,8.71984004974,full_fp64,0.00673044759705,4.35359116022,0.9990234375,0,116,0,0,0,0,0,0,0,0,0,0,normal__n128__seed20260825__blocked_panel_local__pp/runs.csv,replicated,3,1
PP,blocked_panel_local,64,normal,128,20260825,90339550cf20e3d7,2,1.00999999,6,completed,8.738075,8.73740768433,full_fp64,0.00673044759705,4.35359116022,0.9990234375,0,116,0,0,0,0,0,0,0,0,0,0,normal__n128__seed20260825__blocked_panel_local__pp/runs.csv,replicated,3,1
RP,blocked_panel_local,64,normal,128,20260825,90339550cf20e3d7,0,1.00999999,6,completed,11.613614,11.6134395599,full_fp64,0.00548613543449,4.13996316759,0.9951171875,0,122,70,0,0,0,0,0,0,0,206,0,normal__n128__seed20260825__blocked_panel_local__rp/runs.csv,replicated,3,1
RP,blocked_panel_local,64,normal,128,20260825,90339550cf20e3d7,1,1.00999999,6,completed,11.629653,11.6295042038,full_fp64,0.00548613543449,4.13996316759,0.9951171875,0,122,70,0,0,0,0,0,0,0,206,0,normal__n128__seed20260825__blocked_panel_local__rp/runs.csv,replicated,3,1
RP,blocked_panel_local,64,normal,128,20260825,90339550cf20e3d7,2,1.00999999,6,completed,11.580455,11.5796480179,full_fp64,0.00548613543449,4.13996316759,0.9951171875,0,122,70,0,0,0,0,0,0,0,206,0,normal__n128__seed20260825__blocked_panel_local__rp/runs.csv,replicated,3,1
ScaP,blocked_panel_local,64,normal,128,20260825,90339550cf20e3d7,0,1.00999999,6,completed,11.051793,11.0510396957,full_fp64,0.00737699992529,4.97237569061,0.9990234375,0,122,75,0,0,0,0,52,49,26,0,0,normal__n128__seed20260825__blocked_panel_local__scap/runs.csv,replicated,3,1
ScaP,blocked_panel_local,64,normal,128,20260825,90339550cf20e3d7,1,1.00999999,6,completed,11.351517,11.3512639999,full_fp64,0.00737699992529,4.97237569061,0.9990234375,0,122,75,0,0,0,0,52,49,26,0,0,normal__n128__seed20260825__blocked_panel_local__scap/runs.csv,replicated,3,1
ScaP,blocked_panel_local,64,normal,128,20260825,90339550cf20e3d7,2,1.00999999,6,completed,11.291899,11.2912960052,full_fp64,0.00737699992529,4.97237569061,0.9990234375,0,122,75,0,0,0,0,52,49,26,0,0,normal__n128__seed20260825__blocked_panel_local__scap/runs.csv,replicated,3,1
ScPP,blocked_panel_local,64,normal,128,20260825,90339550cf20e3d7,0,1.00999999,6,completed,8.77166,8.77100753784,full_fp64,0.00683027472944,7.16758747698,1.4541015625,0,125,0,0,0,0,0,0,0,0,0,0,normal__n128__seed20260825__blocked_panel_local__scpp/runs.csv,replicated,3,1
ScPP,blocked_panel_local,64,normal,128,20260825,90339550cf20e3d7,1,1.00999999,6,completed,8.736734,8.73616027832,full_fp64,0.00683027472944,7.16758747698,1.4541015625,0,125,0,0,0,0,0,0,0,0,0,0,normal__n128__seed20260825__blocked_panel_local__scpp/runs.csv,replicated,3,1
ScPP,blocked_panel_local,64,normal,128,20260825,90339550cf20e3d7,2,1.00999999,6,completed,8.809466,8.8090877533,full_fp64,0.00683027472944,7.16758747698,1.4541015625,0,125,0,0,0,0,0,0,0,0,0,0,normal__n128__seed20260825__blocked_panel_local__scpp/runs.csv,replicated,3,1
CP,unblocked_rank1,1,normal,128,20260825,90339550cf20e3d7,0,1.00999999,6,completed,11.97556,11.9752960205,full_fp64,0.00438163052167,2.6832412523,0.99755859375,0,125,120,0,0,0,0,0,0,0,0,0,normal__n128__seed20260825__unblocked_rank1__cp/runs.csv,replicated,3,1
CP,unblocked_rank1,1,normal,128,20260825,90339550cf20e3d7,1,1.00999999,6,completed,11.970225,11.9702720642,full_fp64,0.00438163052167,2.6832412523,0.99755859375,0,125,120,0,0,0,0,0,0,0,0,0,normal__n128__seed20260825__unblocked_rank1__cp/runs.csv,replicated,3,1
CP,unblocked_rank1,1,normal,128,20260825,90339550cf20e3d7,2,1.00999999,6,completed,11.928927,11.9288959503,full_fp64,0.00438163052167,2.6832412523,0.99755859375,0,125,120,0,0,0,0,0,0,0,0,0,normal__n128__seed20260825__unblocked_rank1__cp/runs.csv,replicated,3,1
DP,unblocked_rank1,1,normal,128,20260825,90339550cf20e3d7,0,1.00999999,6,completed,7.95775,7.95772790909,full_fp64,0.00552320260808,4.70718232044,0.98486328125,0,119,8,8,0,0,0,0,0,0,0,0,normal__n128__seed20260825__unblocked_rank1__dp/runs.csv,replicated,3,1
DP,unblocked_rank1,1,normal,128,20260825,90339550cf20e3d7,1,1.00999999,6,completed,7.944096,7.94505596161,full_fp64,0.00552320260808,4.70718232044,0.98486328125,0,119,8,8,0,0,0,0,0,0,0,0,normal__n128__seed20260825__unblocked_rank1__dp/runs.csv,replicated,3,1
DP,unblocked_rank1,1,normal,128,20260825,90339550cf20e3d7,2,1.00999999,6,completed,8.019766,8.01843166351,full_fp64,0.00552320260808,4.70718232044,0.98486328125,0,119,8,8,0,0,0,0,0,0,0,0,normal__n128__seed20260825__unblocked_rank1__dp/runs.csv,replicated,3,1
GP,unblocked_rank1,1,normal,128,20260825,90339550cf20e3d7,0,1.00999999,6,completed,7.889295,7.89606380463,full_fp64,0.00649311792785,4.99815837937,1.0078125,0,122,0,0,0,7,3,0,0,0,0,0,normal__n128__seed20260825__unblocked_rank1__gp/runs.csv,replicated,3,1
GP,unblocked_rank1,1,normal,128,20260825,90339550cf20e3d7,1,1.00999999,6,completed,7.97559,7.97475194931,full_fp64,0.00649311792785,4.99815837937,1.0078125,0,122,0,0,0,7,3,0,0,0,0,0,normal__n128__seed20260825__unblocked_rank1__gp/runs.csv,replicated,3,1
GP,unblocked_rank1,1,normal,128,20260825,90339550cf20e3d7,2,1.00999999,6,completed,7.84903,7.84857606888,full_fp64,0.00649311792785,4.99815837937,1.0078125,0,122,0,0,0,7,3,0,0,0,0,0,normal__n128__seed20260825__unblocked_rank1__gp/runs.csv,replicated,3,1
PP,unblocked_rank1,1,normal,128,20260825,90339550cf20e3d7,0,1.00999999,6,completed,7.835284,7.83455991745,full_fp64,0.00673044759705,4.93186003683,0.9990234375,0,116,0,0,0,0,0,0,0,0,0,0,normal__n128__seed20260825__unblocked_rank1__pp/runs.csv,replicated,3,1
PP,unblocked_rank1,1,normal,128,20260825,90339550cf20e3d7,1,1.00999999,6,completed,7.809394,7.80851221085,full_fp64,0.00673044759705,4.93186003683,0.9990234375,0,116,0,0,0,0,0,0,0,0,0,0,normal__n128__seed20260825__unblocked_rank1__pp/runs.csv,replicated,3,1
PP,unblocked_rank1,1,normal,128,20260825,90339550cf20e3d7,2,1.00999999,6,completed,7.861948,7.86108779907,full_fp64,0.00673044759705,4.93186003683,0.9990234375,0,116,0,0,0,0,0,0,0,0,0,0,normal__n128__seed20260825__unblocked_rank1__pp/runs.csv,replicated,3,1
RP,unblocked_rank1,1,normal,128,20260825,90339550cf20e3d7,0,1.00999999,6,completed,13.111845,13.1112318039,full_fp64,0.00591527822927,3.83425414365,0.9990234375,0,123,87,0,0,0,0,0,0,0,226,0,normal__n128__seed20260825__unblocked_rank1__rp/runs.csv,replicated,3,1
RP,unblocked_rank1,1,normal,128,20260825,90339550cf20e3d7,1,1.00999999,6,completed,13.075581,13.0746240616,full_fp64,0.00591527822927,3.83425414365,0.9990234375,0,123,87,0,0,0,0,0,0,0,226,0,normal__n128__seed20260825__unblocked_rank1__rp/runs.csv,replicated,3,1
RP,unblocked_rank1,1,normal,128,20260825,90339550cf20e3d7,2,1.00999999,6,completed,13.096844,13.0962562561,full_fp64,0.00591527822927,3.83425414365,0.9990234375,0,123,87,0,0,0,0,0,0,0,226,0,normal__n128__seed20260825__unblocked_rank1__rp/runs.csv,replicated,3,1
ScaP,unblocked_rank1,1,normal,128,20260825,90339550cf20e3d7,0,1.00999999,6,completed,10.297651,10.2973442078,full_fp64,0.00562311096964,4.42357274401,0.99658203125,0,125,73,0,0,0,0,54,51,22,0,0,normal__n128__seed20260825__unblocked_rank1__scap/runs.csv,replicated,3,1
ScaP,unblocked_rank1,1,normal,128,20260825,90339550cf20e3d7,1,1.00999999,6,completed,10.333577,10.3332157135,full_fp64,0.00562311096964,4.42357274401,0.99658203125,0,125,73,0,0,0,0,54,51,22,0,0,normal__n128__seed20260825__unblocked_rank1__scap/runs.csv,replicated,3,1
ScaP,unblocked_rank1,1,normal,128,20260825,90339550cf20e3d7,2,1.00999999,6,completed,10.235153,10.2344961166,full_fp64,0.00562311096964,4.42357274401,0.99658203125,0,125,73,0,0,0,0,54,51,22,0,0,normal__n128__seed20260825__unblocked_rank1__scap/runs.csv,replicated,3,1
ScPP,unblocked_rank1,1,normal,128,20260825,90339550cf20e3d7,0,1.00999999,6,completed,8.003807,8.00246429443,full_fp64,0.00683027472944,7.16758747698,1.4541015625,0,125,0,0,0,0,0,0,0,0,0,0,normal__n128__seed20260825__unblocked_rank1__scpp/runs.csv,replicated,3,1
ScPP,unblocked_rank1,1,normal,128,20260825,90339550cf20e3d7,1,1.00999999,6,completed,7.816525,7.81635189056,full_fp64,0.00683027472944,7.16758747698,1.4541015625,0,125,0,0,0,0,0,0,0,0,0,0,normal__n128__seed20260825__unblocked_rank1__scpp/runs.csv,replicated,3,1
ScPP,unblocked_rank1,1,normal,128,20260825,90339550cf20e3d7,2,1.00999999,6,completed,7.953281,7.95238399506,full_fp64,0.00683027472944,7.16758747698,1.4541015625,0,125,0,0,0,0,0,0,0,0,0,0,normal__n128__seed20260825__unblocked_rank1__scpp/runs.csv,replicated,3,1
CP,blocked_panel_local,64,normal,2048,20260823,46c35bcd85752ff2,0,1.00999999,6,completed,5835.995627,5836.0390625,sampled_fp64_32x32,0.0360323765396,18.5084745763,1,0,2037,1889,0,0,0,0,0,0,0,0,0,normal__n2048__seed20260823__blocked_panel_local__cp/runs.csv,replicated,3,1
CP,blocked_panel_local,64,normal,2048,20260823,46c35bcd85752ff2,1,1.00999999,6,completed,5916.441208,5916.484375,sampled_fp64_32x32,0.0360323765396,18.5084745763,1,0,2037,1889,0,0,0,0,0,0,0,0,0,normal__n2048__seed20260823__blocked_panel_local__cp/runs.csv,replicated,3,1
CP,blocked_panel_local,64,normal,2048,20260823,46c35bcd85752ff2,2,1.00999999,6,completed,5913.023374,5913.06738281,sampled_fp64_32x32,0.0360323765396,18.5084745763,1,0,2037,1889,0,0,0,0,0,0,0,0,0,normal__n2048__seed20260823__blocked_panel_local__cp/runs.csv,replicated,3,1
DP,blocked_panel_local,64,normal,2048,20260823,46c35bcd85752ff2,0,1.00999999,6,completed,202.300379,202.301345825,sampled_fp64_32x32,0.0534317614909,23.4350282486,0.998046875,0,2041,223,223,2,0,0,0,0,0,0,0,normal__n2048__seed20260823__blocked_panel_local__dp/runs.csv,replicated,3,1
DP,blocked_panel_local,64,normal,2048,20260823,46c35bcd85752ff2,1,1.00999999,6,completed,201.688019,201.687973022,sampled_fp64_32x32,0.0534317614909,23.4350282486,0.998046875,0,2041,223,223,2,0,0,0,0,0,0,0,normal__n2048__seed20260823__blocked_panel_local__dp/runs.csv,replicated,3,1
DP,blocked_panel_local,64,normal,2048,20260823,46c35bcd85752ff2,2,1.00999999,6,completed,201.849809,201.851226807,sampled_fp64_32x32,0.0534317614909,23.4350282486,0.998046875,0,2041,223,223,2,0,0,0,0,0,0,0,normal__n2048__seed20260823__blocked_panel_local__dp/runs.csv,replicated,3,1
GP,blocked_panel_local,64,normal,2048,20260823,46c35bcd85752ff2,0,1.00999999,6,completed,200.369511,200.370849609,sampled_fp64_32x32,0.0596156785805,28.0451977401,1.009765625,0,2037,0,0,0,195,91,0,0,0,0,0,normal__n2048__seed20260823__blocked_panel_local__gp/runs.csv,replicated,3,1
GP,blocked_panel_local,64,normal,2048,20260823,46c35bcd85752ff2,1,1.00999999,6,completed,200.215139,200.215774536,sampled_fp64_32x32,0.0596156785805,28.0451977401,1.009765625,0,2037,0,0,0,195,91,0,0,0,0,0,normal__n2048__seed20260823__blocked_panel_local__gp/runs.csv,replicated,3,1
GP,blocked_panel_local,64,normal,2048,20260823,46c35bcd85752ff2,2,1.00999999,6,completed,200.867811,200.868545532,sampled_fp64_32x32,0.0596156785805,28.0451977401,1.009765625,0,2037,0,0,0,195,91,0,0,0,0,0,normal__n2048__seed20260823__blocked_panel_local__gp/runs.csv,replicated,3,1
PP,blocked_panel_local,64,normal,2048,20260823,46c35bcd85752ff2,0,1.00999999,6,completed,187.152331,187.153182983,sampled_fp64_32x32,0.0457389305121,26.0564971751,1,0,2042,0,0,0,0,0,0,0,0,0,0,normal__n2048__seed20260823__blocked_panel_local__pp/runs.csv,replicated,3,1
PP,blocked_panel_local,64,normal,2048,20260823,46c35bcd85752ff2,1,1.00999999,6,completed,186.829613,186.83001709,sampled_fp64_32x32,0.0457389305121,26.0564971751,1,0,2042,0,0,0,0,0,0,0,0,0,0,normal__n2048__seed20260823__blocked_panel_local__pp/runs.csv,replicated,3,1
PP,blocked_panel_local,64,normal,2048,20260823,46c35bcd85752ff2,2,1.00999999,6,completed,187.006036,187.00668335,sampled_fp64_32x32,0.0457389305121,26.0564971751,1,0,2042,0,0,0,0,0,0,0,0,0,0,normal__n2048__seed20260823__blocked_panel_local__pp/runs.csv,replicated,3,1
RP,blocked_panel_local,64,normal,2048,20260823,46c35bcd85752ff2,0,1.00999999,6,completed,217.778284,217.779129028,sampled_fp64_32x32,0.0690706959262,19.3898305085,1,0,2040,531,0,0,0,0,0,0,0,2628,0,normal__n2048__seed20260823__blocked_panel_local__rp/runs.csv,replicated,3,1
RP,blocked_panel_local,64,normal,2048,20260823,46c35bcd85752ff2,1,1.00999999,6,completed,217.329437,217.329849243,sampled_fp64_32x32,0.0690706959262,19.3898305085,1,0,2040,531,0,0,0,0,0,0,0,2628,0,normal__n2048__seed20260823__blocked_panel_local__rp/runs.csv,replicated,3,1
RP,blocked_panel_local,64,normal,2048,20260823,46c35bcd85752ff2,2,1.00999999,6,completed,217.541458,217.541915894,sampled_fp64_32x32,0.0690706959262,19.3898305085,1,0,2040,531,0,0,0,0,0,0,0,2628,0,normal__n2048__seed20260823__blocked_panel_local__rp/runs.csv,replicated,3,1
ScaP,blocked_panel_local,64,normal,2048,20260823,46c35bcd85752ff2,0,1.00999999,6,completed,237.357716,237.359039307,sampled_fp64_32x32,0.0559573874458,23.0395480226,1,0,2039,1101,0,0,0,0,946,841,260,0,0,normal__n2048__seed20260823__blocked_panel_local__scap/runs.csv,replicated,3,1
ScaP,blocked_panel_local,64,normal,2048,20260823,46c35bcd85752ff2,1,1.00999999,6,completed,237.790223,237.791259766,sampled_fp64_32x32,0.0559573874458,23.0395480226,1,0,2039,1101,0,0,0,0,946,841,260,0,0,normal__n2048__seed20260823__blocked_panel_local__scap/runs.csv,replicated,3,1
ScaP,blocked_panel_local,64,normal,2048,20260823,46c35bcd85752ff2,2,1.00999999,6,completed,237.409621,237.411010742,sampled_fp64_32x32,0.0559573874458,23.0395480226,1,0,2039,1101,0,0,0,0,946,841,260,0,0,normal__n2048__seed20260823__blocked_panel_local__scap/runs.csv,replicated,3,1
ScPP,blocked_panel_local,64,normal,2048,20260823,46c35bcd85752ff2,0,1.00999999,6,completed,196.555744,196.55670166,sampled_fp64_32x32,0.0792466466358,25.8531073446,1.4033203125,0,2044,0,0,0,0,0,0,0,0,0,0,normal__n2048__seed20260823__blocked_panel_local__scpp/runs.csv,replicated,3,1
ScPP,blocked_panel_local,64,normal,2048,20260823,46c35bcd85752ff2,1,1.00999999,6,completed,195.750376,195.751327515,sampled_fp64_32x32,0.0792466466358,25.8531073446,1.4033203125,0,2044,0,0,0,0,0,0,0,0,0,0,normal__n2048__seed20260823__blocked_panel_local__scpp/runs.csv,replicated,3,1
ScPP,blocked_panel_local,64,normal,2048,20260823,46c35bcd85752ff2,2,1.00999999,6,completed,196.157703,196.158813477,sampled_fp64_32x32,0.0792466466358,25.8531073446,1.4033203125,0,2044,0,0,0,0,0,0,0,0,0,0,normal__n2048__seed20260823__blocked_panel_local__scpp/runs.csv,replicated,3,1
CP,unblocked_rank1,1,normal,2048,20260823,46c35bcd85752ff2,0,1.00999999,6,completed,12336.803292,12336.8964844,sampled_fp64_32x32,0.0222103457245,9.37288135593,1,0,2040,2038,0,0,0,0,0,0,0,0,0,normal__n2048__seed20260823__unblocked_rank1__cp/runs.csv,replicated,3,1
CP,unblocked_rank1,1,normal,2048,20260823,46c35bcd85752ff2,1,1.00999999,6,completed,12654.746404,12654.8427734,sampled_fp64_32x32,0.0222103457245,9.37288135593,1,0,2040,2038,0,0,0,0,0,0,0,0,0,normal__n2048__seed20260823__unblocked_rank1__cp/runs.csv,replicated,3,1
CP,unblocked_rank1,1,normal,2048,20260823,46c35bcd85752ff2,2,1.00999999,6,completed,12639.653287,12639.7490234,sampled_fp64_32x32,0.0222103457245,9.37288135593,1,0,2040,2038,0,0,0,0,0,0,0,0,0,normal__n2048__seed20260823__unblocked_rank1__cp/runs.csv,replicated,3,1
DP,unblocked_rank1,1,normal,2048,20260823,46c35bcd85752ff2,0,1.00999999,6,completed,268.76177,268.763336182,sampled_fp64_32x32,0.0634969516821,28.9717514124,0.990234375,0,2040,228,228,0,0,0,0,0,0,0,0,normal__n2048__seed20260823__unblocked_rank1__dp/runs.csv,replicated,3,1
DP,unblocked_rank1,1,normal,2048,20260823,46c35bcd85752ff2,1,1.00999999,6,completed,269.253832,269.255187988,sampled_fp64_32x32,0.0634969516821,28.9717514124,0.990234375,0,2040,228,228,0,0,0,0,0,0,0,0,normal__n2048__seed20260823__unblocked_rank1__dp/runs.csv,replicated,3,1
DP,unblocked_rank1,1,normal,2048,20260823,46c35bcd85752ff2,2,1.00999999,6,completed,269.04013,269.041748047,sampled_fp64_32x32,0.0634969516821,28.9717514124,0.990234375,0,2040,228,228,0,0,0,0,0,0,0,0,normal__n2048__seed20260823__unblocked_rank1__dp/runs.csv,replicated,3,1
GP,unblocked_rank1,1,normal,2048,20260823,46c35bcd85752ff2,0,1.00999999,6,completed,271.652377,271.653839111,sampled_fp64_32x32,0.0635951862103,23.7740112994,1.009765625,0,2043,0,0,0,226,105,0,0,0,0,0,normal__n2048__seed20260823__unblocked_rank1__gp/runs.csv,replicated,3,1
GP,unblocked_rank1,1,normal,2048,20260823,46c35bcd85752ff2,1,1.00999999,6,completed,271.898714,271.900360107,sampled_fp64_32x32,0.0635951862103,23.7740112994,1.009765625,0,2043,0,0,0,226,105,0,0,0,0,0,normal__n2048__seed20260823__unblocked_rank1__gp/runs.csv,replicated,3,1
GP,unblocked_rank1,1,normal,2048,20260823,46c35bcd85752ff2,2,1.00999999,6,completed,271.61725,271.618560791,sampled_fp64_32x32,0.0635951862103,23.7740112994,1.009765625,0,2043,0,0,0,226,105,0,0,0,0,0,normal__n2048__seed20260823__unblocked_rank1__gp/runs.csv,replicated,3,1
PP,unblocked_rank1,1,normal,2048,20260823,46c35bcd85752ff2,0,1.00999999,6,completed,261.975643,261.978149414,sampled_fp64_32x32,0.0457389305121,26.0564971751,1,0,2042,0,0,0,0,0,0,0,0,0,0,normal__n2048__seed20260823__unblocked_rank1__pp/runs.csv,replicated,3,1
PP,unblocked_rank1,1,normal,2048,20260823,46c35bcd85752ff2,1,1.00999999,6,completed,261.441569,261.443054199,sampled_fp64_32x32,0.0457389305121,26.0564971751,1,0,2042,0,0,0,0,0,0,0,0,0,0,normal__n2048__seed20260823__unblocked_rank1__pp/runs.csv,replicated,3,1
PP,unblocked_rank1,1,normal,2048,20260823,46c35bcd85752ff2,2,1.00999999,6,completed,261.296639,261.297943115,sampled_fp64_32x32,0.0457389305121,26.0564971751,1,0,2042,0,0,0,0,0,0,0,0,0,0,normal__n2048__seed20260823__unblocked_rank1__pp/runs.csv,replicated,3,1
RP,unblocked_rank1,1,normal,2048,20260823,46c35bcd85752ff2,0,1.00999999,6,completed,373.594483,373.596557617,sampled_fp64_32x32,0.0449830109666,15.0960451977,1,0,2040,1623,0,0,0,0,0,0,0,4071,0,normal__n2048__seed20260823__unblocked_rank1__rp/runs.csv,replicated,3,1
RP,unblocked_rank1,1,normal,2048,20260823,46c35bcd85752ff2,1,1.00999999,6,completed,373.356989,373.358123779,sampled_fp64_32x32,0.0449830109666,15.0960451977,1,0,2040,1623,0,0,0,0,0,0,0,4071,0,normal__n2048__seed20260823__unblocked_rank1__rp/runs.csv,replicated,3,1
RP,unblocked_rank1,1,normal,2048,20260823,46c35bcd85752ff2,2,1.00999999,6,completed,373.366279,373.368530273,sampled_fp64_32x32,0.0449830109666,15.0960451977,1,0,2040,1623,0,0,0,0,0,0,0,4071,0,normal__n2048__seed20260823__unblocked_rank1__rp/runs.csv,replicated,3,1
ScaP,unblocked_rank1,1,normal,2048,20260823,46c35bcd85752ff2,0,1.00999999,6,completed,311.537324,311.538421631,sampled_fp64_32x32,0.0410681979766,21.2768361582,1,0,2038,1007,0,0,0,0,1040,789,218,0,0,normal__n2048__seed20260823__unblocked_rank1__scap/runs.csv,replicated,3,1
ScaP,unblocked_rank1,1,normal,2048,20260823,46c35bcd85752ff2,1,1.00999999,6,completed,311.351033,311.35256958,sampled_fp64_32x32,0.0410681979766,21.2768361582,1,0,2038,1007,0,0,0,0,1040,789,218,0,0,normal__n2048__seed20260823__unblocked_rank1__scap/runs.csv,replicated,3,1
ScaP,unblocked_rank1,1,normal,2048,20260823,46c35bcd85752ff2,2,1.00999999,6,completed,311.617835,311.618835449,sampled_fp64_32x32,0.0410681979766,21.2768361582,1,0,2038,1007,0,0,0,0,1040,789,218,0,0,normal__n2048__seed20260823__unblocked_rank1__scap/runs.csv,replicated,3,1
ScPP,unblocked_rank1,1,normal,2048,20260823,46c35bcd85752ff2,0,1.00999999,6,completed,265.199884,265.201721191,sampled_fp64_32x32,0.0792466466358,25.8983050847,1.4033203125,0,2044,0,0,0,0,0,0,0,0,0,0,normal__n2048__seed20260823__unblocked_rank1__scpp/runs.csv,replicated,3,1
ScPP,unblocked_rank1,1,normal,2048,20260823,46c35bcd85752ff2,1,1.00999999,6,completed,263.351883,263.353515625,sampled_fp64_32x32,0.0792466466358,25.8983050847,1.4033203125,0,2044,0,0,0,0,0,0,0,0,0,0,normal__n2048__seed20260823__unblocked_rank1__scpp/runs.csv,replicated,3,1
ScPP,unblocked_rank1,1,normal,2048,20260823,46c35bcd85752ff2,2,1.00999999,6,completed,263.270284,263.27130127,sampled_fp64_32x32,0.0792466466358,25.8983050847,1.4033203125,0,2044,0,0,0,0,0,0,0,0,0,0,normal__n2048__seed20260823__unblocked_rank1__scpp/runs.csv,replicated,3,1
CP,blocked_panel_local,64,normal,2048,20260824,73855a218aa29db8,0,1.00999999,6,completed,6173.138291,6173.18457031,sampled_fp64_32x32,0.0385290406966,17.3727810651,1,0,2038,1891,0,0,0,0,0,0,0,0,0,normal__n2048__seed20260824__blocked_panel_local__cp/runs.csv,replicated,3,1
CP,blocked_panel_local,64,normal,2048,20260824,73855a218aa29db8,1,1.00999999,6,completed,5897.790034,5897.83447266,sampled_fp64_32x32,0.0385290406966,17.3727810651,1,0,2038,1891,0,0,0,0,0,0,0,0,0,normal__n2048__seed20260824__blocked_panel_local__cp/runs.csv,replicated,3,1
CP,blocked_panel_local,64,normal,2048,20260824,73855a218aa29db8,2,1.00999999,6,completed,5895.863888,5895.90771484,sampled_fp64_32x32,0.0385290406966,17.3727810651,1,0,2038,1891,0,0,0,0,0,0,0,0,0,normal__n2048__seed20260824__blocked_panel_local__cp/runs.csv,replicated,3,1
DP,blocked_panel_local,64,normal,2048,20260824,73855a218aa29db8,0,1.00999999,6,completed,192.87799,192.87840271,sampled_fp64_32x32,0.0369951835348,27.4556213018,1,0,2040,230,230,5,0,0,0,0,0,0,0,normal__n2048__seed20260824__blocked_panel_local__dp/runs.csv,replicated,3,1
DP,blocked_panel_local,64,normal,2048,20260824,73855a218aa29db8,1,1.00999999,6,completed,192.731346,192.731460571,sampled_fp64_32x32,0.0369951835348,27.4556213018,1,0,2040,230,230,5,0,0,0,0,0,0,0,normal__n2048__seed20260824__blocked_panel_local__dp/runs.csv,replicated,3,1
DP,blocked_panel_local,64,normal,2048,20260824,73855a218aa29db8,2,1.00999999,6,completed,192.991668,192.992294312,sampled_fp64_32x32,0.0369951835348,27.4556213018,1,0,2040,230,230,5,0,0,0,0,0,0,0,normal__n2048__seed20260824__blocked_panel_local__dp/runs.csv,replicated,3,1
GP,blocked_panel_local,64,normal,2048,20260824,73855a218aa29db8,0,1.00999999,6,completed,191.634821,191.635238647,sampled_fp64_32x32,0.0503367050563,22.9585798817,1.009765625,0,2038,0,0,0,208,105,0,0,0,0,0,normal__n2048__seed20260824__blocked_panel_local__gp/runs.csv,replicated,3,1
GP,blocked_panel_local,64,normal,2048,20260824,73855a218aa29db8,1,1.00999999,6,completed,192.699678,192.700286865,sampled_fp64_32x32,0.0503367050563,22.9585798817,1.009765625,0,2038,0,0,0,208,105,0,0,0,0,0,normal__n2048__seed20260824__blocked_panel_local__gp/runs.csv,replicated,3,1
GP,blocked_panel_local,64,normal,2048,20260824,73855a218aa29db8,2,1.00999999,6,completed,192.012066,192.012954712,sampled_fp64_32x32,0.0503367050563,22.9585798817,1.009765625,0,2038,0,0,0,208,105,0,0,0,0,0,normal__n2048__seed20260824__blocked_panel_local__gp/runs.csv,replicated,3,1
PP,blocked_panel_local,64,normal,2048,20260824,73855a218aa29db8,0,1.00999999,6,completed,187.258656,187.259460449,sampled_fp64_32x32,0.0429812074211,22.9230769231,1,0,2042,0,0,0,0,0,0,0,0,0,0,normal__n2048__seed20260824__blocked_panel_local__pp/runs.csv,replicated,3,1
PP,blocked_panel_local,64,normal,2048,20260824,73855a218aa29db8,1,1.00999999,6,completed,187.724397,187.724838257,sampled_fp64_32x32,0.0429812074211,22.9230769231,1,0,2042,0,0,0,0,0,0,0,0,0,0,normal__n2048__seed20260824__blocked_panel_local__pp/runs.csv,replicated,3,1
PP,blocked_panel_local,64,normal,2048,20260824,73855a218aa29db8,2,1.00999999,6,completed,187.600412,187.600799561,sampled_fp64_32x32,0.0429812074211,22.9230769231,1,0,2042,0,0,0,0,0,0,0,0,0,0,normal__n2048__seed20260824__blocked_panel_local__pp/runs.csv,replicated,3,1
RP,blocked_panel_local,64,normal,2048,20260824,73855a218aa29db8,0,1.00999999,6,completed,215.864161,215.865432739,sampled_fp64_32x32,0.0347768468869,26.7455621302,1,0,2041,554,0,0,0,0,0,0,0,2647,0,normal__n2048__seed20260824__blocked_panel_local__rp/runs.csv,replicated,3,1
RP,blocked_panel_local,64,normal,2048,20260824,73855a218aa29db8,1,1.00999999,6,completed,215.590374,215.5909729,sampled_fp64_32x32,0.0347768468869,26.7455621302,1,0,2041,554,0,0,0,0,0,0,0,2647,0,normal__n2048__seed20260824__blocked_panel_local__rp/runs.csv,replicated,3,1
RP,blocked_panel_local,64,normal,2048,20260824,73855a218aa29db8,2,1.00999999,6,completed,215.907734,215.90838623,sampled_fp64_32x32,0.0347768468869,26.7455621302,1,0,2041,554,0,0,0,0,0,0,0,2647,0,normal__n2048__seed20260824__blocked_panel_local__rp/runs.csv,replicated,3,1
ScaP,blocked_panel_local,64,normal,2048,20260824,73855a218aa29db8,0,1.00999999,6,completed,234.913056,234.914169312,sampled_fp64_32x32,0.0395037852423,22.7928994083,1,0,2037,1113,0,0,0,0,934,826,287,0,0,normal__n2048__seed20260824__blocked_panel_local__scap/runs.csv,replicated,3,1
ScaP,blocked_panel_local,64,normal,2048,20260824,73855a218aa29db8,1,1.00999999,6,completed,235.093197,235.094589233,sampled_fp64_32x32,0.0395037852423,22.7928994083,1,0,2037,1113,0,0,0,0,934,826,287,0,0,normal__n2048__seed20260824__blocked_panel_local__scap/runs.csv,replicated,3,1
ScaP,blocked_panel_local,64,normal,2048,20260824,73855a218aa29db8,2,1.00999999,6,completed,234.075872,234.077209473,sampled_fp64_32x32,0.0395037852423,22.7928994083,1,0,2037,1113,0,0,0,0,934,826,287,0,0,normal__n2048__seed20260824__blocked_panel_local__scap/runs.csv,replicated,3,1
ScPP,blocked_panel_local,64,normal,2048,20260824,73855a218aa29db8,0,1.00999999,6,completed,186.128467,186.129440308,sampled_fp64_32x32,0.0573349524028,27.4082840237,1.4765625,0,2041,0,0,0,0,0,0,0,0,0,0,normal__n2048__seed20260824__blocked_panel_local__scpp/runs.csv,replicated,3,1
ScPP,blocked_panel_local,64,normal,2048,20260824,73855a218aa29db8,1,1.00999999,6,completed,186.392311,186.405593872,sampled_fp64_32x32,0.0573349524028,27.4082840237,1.4765625,0,2041,0,0,0,0,0,0,0,0,0,0,normal__n2048__seed20260824__blocked_panel_local__scpp/runs.csv,replicated,3,1
ScPP,blocked_panel_local,64,normal,2048,20260824,73855a218aa29db8,2,1.00999999,6,completed,186.254895,186.255783081,sampled_fp64_32x32,0.0573349524028,27.4082840237,1.4765625,0,2041,0,0,0,0,0,0,0,0,0,0,normal__n2048__seed20260824__blocked_panel_local__scpp/runs.csv,replicated,3,1
CP,unblocked_rank1,1,normal,2048,20260824,73855a218aa29db8,0,1.00999999,6,completed,12301.193648,12301.2871094,sampled_fp64_32x32,0.0278663442597,10.0059171598,0.9990234375,0,2042,2036,0,0,0,0,0,0,0,0,0,normal__n2048__seed20260824__unblocked_rank1__cp/runs.csv,replicated,3,1
CP,unblocked_rank1,1,normal,2048,20260824,73855a218aa29db8,1,1.00999999,6,completed,12593.286132,12593.3818359,sampled_fp64_32x32,0.0278663442597,10.0059171598,0.9990234375,0,2042,2036,0,0,0,0,0,0,0,0,0,normal__n2048__seed20260824__unblocked_rank1__cp/runs.csv,replicated,3,1
CP,unblocked_rank1,1,normal,2048,20260824,73855a218aa29db8,2,1.00999999,6,completed,12581.531708,12581.6269531,sampled_fp64_32x32,0.0278663442597,10.0059171598,0.9990234375,0,2042,2036,0,0,0,0,0,0,0,0,0,normal__n2048__seed20260824__unblocked_rank1__cp/runs.csv,replicated,3,1
DP,unblocked_rank1,1,normal,2048,20260824,73855a218aa29db8,0,1.00999999,6,completed,269.6326,269.633636475,sampled_fp64_32x32,0.0456696515706,28.3076923077,0.990234375,0,2038,229,229,0,0,0,0,0,0,0,0,normal__n2048__seed20260824__unblocked_rank1__dp/runs.csv,replicated,3,1
DP,unblocked_rank1,1,normal,2048,20260824,73855a218aa29db8,1,1.00999999,6,completed,269.469091,269.470214844,sampled_fp64_32x32,0.0456696515706,28.3076923077,0.990234375,0,2038,229,229,0,0,0,0,0,0,0,0,normal__n2048__seed20260824__unblocked_rank1__dp/runs.csv,replicated,3,1
DP,unblocked_rank1,1,normal,2048,20260824,73855a218aa29db8,2,1.00999999,6,completed,269.160924,269.162231445,sampled_fp64_32x32,0.0456696515706,28.3076923077,0.990234375,0,2038,229,229,0,0,0,0,0,0,0,0,normal__n2048__seed20260824__unblocked_rank1__dp/runs.csv,replicated,3,1
GP,unblocked_rank1,1,normal,2048,20260824,73855a218aa29db8,0,1.00999999,6,completed,272.819237,272.820831299,sampled_fp64_32x32,0.0426265374897,21.5857988166,1.009765625,0,2034,0,0,0,217,113,0,0,0,0,0,normal__n2048__seed20260824__unblocked_rank1__gp/runs.csv,replicated,3,1
GP,unblocked_rank1,1,normal,2048,20260824,73855a218aa29db8,1,1.00999999,6,completed,272.509392,272.510070801,sampled_fp64_32x32,0.0426265374897,21.5857988166,1.009765625,0,2034,0,0,0,217,113,0,0,0,0,0,normal__n2048__seed20260824__unblocked_rank1__gp/runs.csv,replicated,3,1
GP,unblocked_rank1,1,normal,2048,20260824,73855a218aa29db8,2,1.00999999,6,completed,272.493984,272.495483398,sampled_fp64_32x32,0.0426265374897,21.5857988166,1.009765625,0,2034,0,0,0,217,113,0,0,0,0,0,normal__n2048__seed20260824__unblocked_rank1__gp/runs.csv,replicated,3,1
PP,unblocked_rank1,1,normal,2048,20260824,73855a218aa29db8,0,1.00999999,6,completed,261.781949,261.782623291,sampled_fp64_32x32,0.0429812074211,23.1479289941,1,0,2042,0,0,0,0,0,0,0,0,0,0,normal__n2048__seed20260824__unblocked_rank1__pp/runs.csv,replicated,3,1
PP,unblocked_rank1,1,normal,2048,20260824,73855a218aa29db8,1,1.00999999,6,completed,262.463819,262.464813232,sampled_fp64_32x32,0.0429812074211,23.1479289941,1,0,2042,0,0,0,0,0,0,0,0,0,0,normal__n2048__seed20260824__unblocked_rank1__pp/runs.csv,replicated,3,1
PP,unblocked_rank1,1,normal,2048,20260824,73855a218aa29db8,2,1.00999999,6,completed,262.00223,262.003875732,sampled_fp64_32x32,0.0429812074211,23.1479289941,1,0,2042,0,0,0,0,0,0,0,0,0,0,normal__n2048__seed20260824__unblocked_rank1__pp/runs.csv,replicated,3,1
RP,unblocked_rank1,1,normal,2048,20260824,73855a218aa29db8,0,1.00999999,6,completed,371.436991,371.439147949,sampled_fp64_32x32,0.0370645304112,14.1420118343,1,0,2041,1617,0,0,0,0,0,0,0,4020,0,normal__n2048__seed20260824__unblocked_rank1__rp/runs.csv,replicated,3,1
RP,unblocked_rank1,1,normal,2048,20260824,73855a218aa29db8,1,1.00999999,6,completed,370.918082,370.920410156,sampled_fp64_32x32,0.0370645304112,14.1420118343,1,0,2041,1617,0,0,0,0,0,0,0,4020,0,normal__n2048__seed20260824__unblocked_rank1__rp/runs.csv,replicated,3,1
RP,unblocked_rank1,1,normal,2048,20260824,73855a218aa29db8,2,1.00999999,6,completed,370.189684,370.191467285,sampled_fp64_32x32,0.0370645304112,14.1420118343,1,0,2041,1617,0,0,0,0,0,0,0,4020,0,normal__n2048__seed20260824__unblocked_rank1__rp/runs.csv,replicated,3,1
ScaP,unblocked_rank1,1,normal,2048,20260824,73855a218aa29db8,0,1.00999999,6,completed,313.917125,313.917633057,sampled_fp64_32x32,0.0388523285794,23.7159763314,1,0,2043,1005,0,0,0,0,1042,809,196,0,0,normal__n2048__seed20260824__unblocked_rank1__scap/runs.csv,replicated,3,1
ScaP,unblocked_rank1,1,normal,2048,20260824,73855a218aa29db8,1,1.00999999,6,completed,312.856781,312.857879639,sampled_fp64_32x32,0.0388523285794,23.7159763314,1,0,2043,1005,0,0,0,0,1042,809,196,0,0,normal__n2048__seed20260824__unblocked_rank1__scap/runs.csv,replicated,3,1
ScaP,unblocked_rank1,1,normal,2048,20260824,73855a218aa29db8,2,1.00999999,6,completed,311.744388,311.746643066,sampled_fp64_32x32,0.0388523285794,23.7159763314,1,0,2043,1005,0,0,0,0,1042,809,196,0,0,normal__n2048__seed20260824__unblocked_rank1__scap/runs.csv,replicated,3,1
ScPP,unblocked_rank1,1,normal,2048,20260824,73855a218aa29db8,0,1.00999999,6,completed,262.551037,262.55279541,sampled_fp64_32x32,0.0573349524028,27.4082840237,1.4765625,0,2041,0,0,0,0,0,0,0,0,0,0,normal__n2048__seed20260824__unblocked_rank1__scpp/runs.csv,replicated,3,1
ScPP,unblocked_rank1,1,normal,2048,20260824,73855a218aa29db8,1,1.00999999,6,completed,262.54023,262.540924072,sampled_fp64_32x32,0.0573349524028,27.4082840237,1.4765625,0,2041,0,0,0,0,0,0,0,0,0,0,normal__n2048__seed20260824__unblocked_rank1__scpp/runs.csv,replicated,3,1
ScPP,unblocked_rank1,1,normal,2048,20260824,73855a218aa29db8,2,1.00999999,6,completed,262.590828,262.592193604,sampled_fp64_32x32,0.0573349524028,27.4082840237,1.4765625,0,2041,0,0,0,0,0,0,0,0,0,0,normal__n2048__seed20260824__unblocked_rank1__scpp/runs.csv,replicated,3,1
CP,blocked_panel_local,64,normal,2048,20260825,638e14defe76282b,0,1.00999999,6,completed,5926.542914,5926.58740234,sampled_fp64_32x32,0.0290275145107,17.128057554,0.99951171875,0,2045,1893,0,0,0,0,0,0,0,0,0,normal__n2048__seed20260825__blocked_panel_local__cp/runs.csv,replicated,3,1
CP,blocked_panel_local,64,normal,2048,20260825,638e14defe76282b,1,1.00999999,6,completed,5834.143328,5834.18701172,sampled_fp64_32x32,0.0290275145107,17.128057554,0.99951171875,0,2045,1893,0,0,0,0,0,0,0,0,0,normal__n2048__seed20260825__blocked_panel_local__cp/runs.csv,replicated,3,1
CP,blocked_panel_local,64,normal,2048,20260825,638e14defe76282b,2,1.00999999,6,completed,5847.185058,5847.22851562,sampled_fp64_32x32,0.0290275145107,17.128057554,0.99951171875,0,2045,1893,0,0,0,0,0,0,0,0,0,normal__n2048__seed20260825__blocked_panel_local__cp/runs.csv,replicated,3,1
DP,blocked_panel_local,64,normal,2048,20260825,638e14defe76282b,0,1.00999999,6,completed,193.633933,193.635650635,sampled_fp64_32x32,0.0550018391809,24.7712230216,0.99658203125,0,2035,208,208,2,0,0,0,0,0,0,0,normal__n2048__seed20260825__blocked_panel_local__dp/runs.csv,replicated,3,1
DP,blocked_panel_local,64,normal,2048,20260825,638e14defe76282b,1,1.00999999,6,completed,193.307397,193.307556152,sampled_fp64_32x32,0.0550018391809,24.7712230216,0.99658203125,0,2035,208,208,2,0,0,0,0,0,0,0,normal__n2048__seed20260825__blocked_panel_local__dp/runs.csv,replicated,3,1
DP,blocked_panel_local,64,normal,2048,20260825,638e14defe76282b,2,1.00999999,6,completed,193.47726,193.477828979,sampled_fp64_32x32,0.0550018391809,24.7712230216,0.99658203125,0,2035,208,208,2,0,0,0,0,0,0,0,normal__n2048__seed20260825__blocked_panel_local__dp/runs.csv,replicated,3,1
GP,blocked_panel_local,64,normal,2048,20260825,638e14defe76282b,0,1.00999999,6,completed,199.821208,199.822433472,sampled_fp64_32x32,0.0554843417505,24.3798561151,1.009765625,0,2034,0,0,0,207,101,0,0,0,0,0,normal__n2048__seed20260825__blocked_panel_local__gp/runs.csv,replicated,3,1
GP,blocked_panel_local,64,normal,2048,20260825,638e14defe76282b,1,1.00999999,6,completed,199.768245,199.768127441,sampled_fp64_32x32,0.0554843417505,24.3798561151,1.009765625,0,2034,0,0,0,207,101,0,0,0,0,0,normal__n2048__seed20260825__blocked_panel_local__gp/runs.csv,replicated,3,1
GP,blocked_panel_local,64,normal,2048,20260825,638e14defe76282b,2,1.00999999,6,completed,199.768978,199.76940918,sampled_fp64_32x32,0.0554843417505,24.3798561151,1.009765625,0,2034,0,0,0,207,101,0,0,0,0,0,normal__n2048__seed20260825__blocked_panel_local__gp/runs.csv,replicated,3,1
PP,blocked_panel_local,64,normal,2048,20260825,638e14defe76282b,0,1.00999999,6,completed,197.828208,197.829574585,sampled_fp64_32x32,0.0755559697906,22.9064748201,1,0,2038,0,0,0,0,0,0,0,0,0,0,normal__n2048__seed20260825__blocked_panel_local__pp/runs.csv,replicated,3,1
PP,blocked_panel_local,64,normal,2048,20260825,638e14defe76282b,1,1.00999999,6,completed,197.325322,197.326049805,sampled_fp64_32x32,0.0755559697906,22.9064748201,1,0,2038,0,0,0,0,0,0,0,0,0,0,normal__n2048__seed20260825__blocked_panel_local__pp/runs.csv,replicated,3,1
PP,blocked_panel_local,64,normal,2048,20260825,638e14defe76282b,2,1.00999999,6,completed,197.743663,197.744064331,sampled_fp64_32x32,0.0755559697906,22.9064748201,1,0,2038,0,0,0,0,0,0,0,0,0,0,normal__n2048__seed20260825__blocked_panel_local__pp/runs.csv,replicated,3,1
RP,blocked_panel_local,64,normal,2048,20260825,638e14defe76282b,0,1.00999999,6,completed,226.698824,226.69984436,sampled_fp64_32x32,0.0516944890842,19.3381294964,1,0,2041,574,0,0,0,0,0,0,0,2672,0,normal__n2048__seed20260825__blocked_panel_local__rp/runs.csv,replicated,3,1
RP,blocked_panel_local,64,normal,2048,20260825,638e14defe76282b,1,1.00999999,6,completed,226.440148,226.440734863,sampled_fp64_32x32,0.0516944890842,19.3381294964,1,0,2041,574,0,0,0,0,0,0,0,2672,0,normal__n2048__seed20260825__blocked_panel_local__rp/runs.csv,replicated,3,1
RP,blocked_panel_local,64,normal,2048,20260825,638e14defe76282b,2,1.00999999,6,completed,227.167448,227.168899536,sampled_fp64_32x32,0.0516944890842,19.3381294964,1,0,2041,574,0,0,0,0,0,0,0,2672,0,normal__n2048__seed20260825__blocked_panel_local__rp/runs.csv,replicated,3,1
ScaP,blocked_panel_local,64,normal,2048,20260825,638e14defe76282b,0,1.00999999,6,completed,234.91905,234.919296265,sampled_fp64_32x32,0.0608222788482,19.7525179856,1,0,2043,1103,0,0,0,0,944,814,289,0,0,normal__n2048__seed20260825__blocked_panel_local__scap/runs.csv,replicated,3,1
ScaP,blocked_panel_local,64,normal,2048,20260825,638e14defe76282b,1,1.00999999,6,completed,236.126824,236.127227783,sampled_fp64_32x32,0.0608222788482,19.7525179856,1,0,2043,1103,0,0,0,0,944,814,289,0,0,normal__n2048__seed20260825__blocked_panel_local__scap/runs.csv,replicated,3,1
ScaP,blocked_panel_local,64,normal,2048,20260825,638e14defe76282b,2,1.00999999,6,completed,235.2385,235.239929199,sampled_fp64_32x32,0.0608222788482,19.7525179856,1,0,2043,1103,0,0,0,0,944,814,289,0,0,normal__n2048__seed20260825__blocked_panel_local__scap/runs.csv,replicated,3,1
ScPP,blocked_panel_local,64,normal,2048,20260825,638e14defe76282b,0,1.00999999,6,completed,188.751755,188.752548218,sampled_fp64_32x32,0.0636160081613,22.2043165468,1.400390625,0,2040,0,0,0,0,0,0,0,0,0,0,normal__n2048__seed20260825__blocked_panel_local__scpp/runs.csv,replicated,3,1
ScPP,blocked_panel_local,64,normal,2048,20260825,638e14defe76282b,1,1.00999999,6,completed,187.997584,187.999069214,sampled_fp64_32x32,0.0636160081613,22.2043165468,1.400390625,0,2040,0,0,0,0,0,0,0,0,0,0,normal__n2048__seed20260825__blocked_panel_local__scpp/runs.csv,replicated,3,1
ScPP,blocked_panel_local,64,normal,2048,20260825,638e14defe76282b,2,1.00999999,6,completed,188.234043,188.234695435,sampled_fp64_32x32,0.0636160081613,22.2043165468,1.400390625,0,2040,0,0,0,0,0,0,0,0,0,0,normal__n2048__seed20260825__blocked_panel_local__scpp/runs.csv,replicated,3,1
CP,unblocked_rank1,1,normal,2048,20260825,638e14defe76282b,0,1.00999999,6,completed,12319.066599,12319.1611328,sampled_fp64_32x32,0.0244724213059,9.32949640288,0.99853515625,0,2044,2039,0,0,0,0,0,0,0,0,0,normal__n2048__seed20260825__unblocked_rank1__cp/runs.csv,replicated,3,1
CP,unblocked_rank1,1,normal,2048,20260825,638e14defe76282b,1,1.00999999,6,completed,12232.172749,12232.265625,sampled_fp64_32x32,0.0244724213059,9.32949640288,0.99853515625,0,2044,2039,0,0,0,0,0,0,0,0,0,normal__n2048__seed20260825__unblocked_rank1__cp/runs.csv,replicated,3,1
CP,unblocked_rank1,1,normal,2048,20260825,638e14defe76282b,2,1.00999999,6,completed,12242.701091,12242.7949219,sampled_fp64_32x32,0.0244724213059,9.32949640288,0.99853515625,0,2044,2039,0,0,0,0,0,0,0,0,0,normal__n2048__seed20260825__unblocked_rank1__cp/runs.csv,replicated,3,1
DP,unblocked_rank1,1,normal,2048,20260825,638e14defe76282b,0,1.00999999,6,completed,268.213322,268.21484375,sampled_fp64_32x32,0.0621171097211,27.1424460432,0.990234375,0,2043,216,216,0,0,0,0,0,0,0,0,normal__n2048__seed20260825__unblocked_rank1__dp/runs.csv,replicated,3,1
DP,unblocked_rank1,1,normal,2048,20260825,638e14defe76282b,1,1.00999999,6,completed,268.718196,268.719970703,sampled_fp64_32x32,0.0621171097211,27.1424460432,0.990234375,0,2043,216,216,0,0,0,0,0,0,0,0,normal__n2048__seed20260825__unblocked_rank1__dp/runs.csv,replicated,3,1
DP,unblocked_rank1,1,normal,2048,20260825,638e14defe76282b,2,1.00999999,6,completed,268.153689,268.154907227,sampled_fp64_32x32,0.0621171097211,27.1424460432,0.990234375,0,2043,216,216,0,0,0,0,0,0,0,0,normal__n2048__seed20260825__unblocked_rank1__dp/runs.csv,replicated,3,1
GP,unblocked_rank1,1,normal,2048,20260825,638e14defe76282b,0,1.00999999,6,completed,273.761829,273.76373291,sampled_fp64_32x32,0.0538192419406,24.2647482014,1.009765625,0,2043,0,0,0,208,113,0,0,0,0,0,normal__n2048__seed20260825__unblocked_rank1__gp/runs.csv,replicated,3,1
GP,unblocked_rank1,1,normal,2048,20260825,638e14defe76282b,1,1.00999999,6,completed,273.01832,273.019287109,sampled_fp64_32x32,0.0538192419406,24.2647482014,1.009765625,0,2043,0,0,0,208,113,0,0,0,0,0,normal__n2048__seed20260825__unblocked_rank1__gp/runs.csv,replicated,3,1
GP,unblocked_rank1,1,normal,2048,20260825,638e14defe76282b,2,1.00999999,6,completed,272.904106,272.90536499,sampled_fp64_32x32,0.0538192419406,24.2647482014,1.009765625,0,2043,0,0,0,208,113,0,0,0,0,0,normal__n2048__seed20260825__unblocked_rank1__gp/runs.csv,replicated,3,1
PP,unblocked_rank1,1,normal,2048,20260825,638e14defe76282b,0,1.00999999,6,completed,261.430139,261.431610107,sampled_fp64_32x32,0.0755559697906,22.9064748201,1,0,2038,0,0,0,0,0,0,0,0,0,0,normal__n2048__seed20260825__unblocked_rank1__pp/runs.csv,replicated,3,1
PP,unblocked_rank1,1,normal,2048,20260825,638e14defe76282b,1,1.00999999,6,completed,261.703695,261.70489502,sampled_fp64_32x32,0.0755559697906,22.9064748201,1,0,2038,0,0,0,0,0,0,0,0,0,0,normal__n2048__seed20260825__unblocked_rank1__pp/runs.csv,replicated,3,1
PP,unblocked_rank1,1,normal,2048,20260825,638e14defe76282b,2,1.00999999,6,completed,261.099553,261.10043335,sampled_fp64_32x32,0.0755559697906,22.9064748201,1,0,2038,0,0,0,0,0,0,0,0,0,0,normal__n2048__seed20260825__unblocked_rank1__pp/runs.csv,replicated,3,1
RP,unblocked_rank1,1,normal,2048,20260825,638e14defe76282b,0,1.00999999,6,completed,372.27769,372.280059814,sampled_fp64_32x32,0.0377635496484,12.7884892086,1,0,2039,1659,0,0,0,0,0,0,0,4076,0,normal__n2048__seed20260825__unblocked_rank1__rp/runs.csv,replicated,3,1
RP,unblocked_rank1,1,normal,2048,20260825,638e14defe76282b,1,1.00999999,6,completed,373.103788,373.106109619,sampled_fp64_32x32,0.0377635496484,12.7884892086,1,0,2039,1659,0,0,0,0,0,0,0,4076,0,normal__n2048__seed20260825__unblocked_rank1__rp/runs.csv,replicated,3,1
RP,unblocked_rank1,1,normal,2048,20260825,638e14defe76282b,2,1.00999999,6,completed,372.084055,372.086608887,sampled_fp64_32x32,0.0377635496484,12.7884892086,1,0,2039,1659,0,0,0,0,0,0,0,4076,0,normal__n2048__seed20260825__unblocked_rank1__rp/runs.csv,replicated,3,1
ScaP,unblocked_rank1,1,normal,2048,20260825,638e14defe76282b,0,1.00999999,6,completed,311.369005,311.37109375,sampled_fp64_32x32,0.0536172298669,20.1899280576,1,0,2038,1009,0,0,0,0,1038,799,210,0,0,normal__n2048__seed20260825__unblocked_rank1__scap/runs.csv,replicated,3,1
ScaP,unblocked_rank1,1,normal,2048,20260825,638e14defe76282b,1,1.00999999,6,completed,312.291964,312.294372559,sampled_fp64_32x32,0.0536172298669,20.1899280576,1,0,2038,1009,0,0,0,0,1038,799,210,0,0,normal__n2048__seed20260825__unblocked_rank1__scap/runs.csv,replicated,3,1
ScaP,unblocked_rank1,1,normal,2048,20260825,638e14defe76282b,2,1.00999999,6,completed,311.675083,311.677032471,sampled_fp64_32x32,0.0536172298669,20.1899280576,1,0,2038,1009,0,0,0,0,1038,799,210,0,0,normal__n2048__seed20260825__unblocked_rank1__scap/runs.csv,replicated,3,1
ScPP,unblocked_rank1,1,normal,2048,20260825,638e14defe76282b,0,1.00999999,6,completed,264.861769,264.863372803,sampled_fp64_32x32,0.0636160081613,23.1597122302,1.400390625,0,2040,0,0,0,0,0,0,0,0,0,0,normal__n2048__seed20260825__unblocked_rank1__scpp/runs.csv,replicated,3,1
ScPP,unblocked_rank1,1,normal,2048,20260825,638e14defe76282b,1,1.00999999,6,completed,263.832556,263.834136963,sampled_fp64_32x32,0.0636160081613,23.1597122302,1.400390625,0,2040,0,0,0,0,0,0,0,0,0,0,normal__n2048__seed20260825__unblocked_rank1__scpp/runs.csv,replicated,3,1
ScPP,unblocked_rank1,1,normal,2048,20260825,638e14defe76282b,2,1.00999999,6,completed,262.485558,262.487243652,sampled_fp64_32x32,0.0636160081613,23.1597122302,1.400390625,0,2040,0,0,0,0,0,0,0,0,0,0,normal__n2048__seed20260825__unblocked_rank1__scpp/runs.csv,replicated,3,1
CP,blocked_panel_local,64,normal,256,20260823,982d457444e177df,0,1.00999999,6,completed,35.975432,35.9748497009,full_fp64,0.0110570392106,4.7840152236,0.9990234375,0,250,239,0,0,0,0,0,0,0,0,0,normal__n256__seed20260823__blocked_panel_local__cp/runs.csv,replicated,3,1
CP,blocked_panel_local,64,normal,256,20260823,982d457444e177df,1,1.00999999,6,completed,35.638227,35.6378555298,full_fp64,0.0110570392106,4.7840152236,0.9990234375,0,250,239,0,0,0,0,0,0,0,0,0,normal__n256__seed20260823__blocked_panel_local__cp/runs.csv,replicated,3,1
CP,blocked_panel_local,64,normal,256,20260823,982d457444e177df,2,1.00999999,6,completed,35.699712,35.6996154785,full_fp64,0.0110570392106,4.7840152236,0.9990234375,0,250,239,0,0,0,0,0,0,0,0,0,normal__n256__seed20260823__blocked_panel_local__cp/runs.csv,replicated,3,1
DP,blocked_panel_local,64,normal,256,20260823,982d457444e177df,0,1.00999999,6,completed,19.041931,19.0409603119,full_fp64,0.0150185855199,11.8896289248,0.99609375,0,250,17,17,2,0,0,0,0,0,0,0,normal__n256__seed20260823__blocked_panel_local__dp/runs.csv,replicated,3,1
DP,blocked_panel_local,64,normal,256,20260823,982d457444e177df,1,1.00999999,6,completed,19.040951,19.0409603119,full_fp64,0.0150185855199,11.8896289248,0.99609375,0,250,17,17,2,0,0,0,0,0,0,0,normal__n256__seed20260823__blocked_panel_local__dp/runs.csv,replicated,3,1
DP,blocked_panel_local,64,normal,256,20260823,982d457444e177df,2,1.00999999,6,completed,18.982159,18.9817276001,full_fp64,0.0150185855199,11.8896289248,0.99609375,0,250,17,17,2,0,0,0,0,0,0,0,normal__n256__seed20260823__blocked_panel_local__dp/runs.csv,replicated,3,1
GP,blocked_panel_local,64,normal,256,20260823,982d457444e177df,0,1.00999999,6,completed,19.197126,19.1962566376,full_fp64,0.0125559698843,11.6156041865,1.0087890625,0,251,0,0,0,18,8,0,0,0,0,0,normal__n256__seed20260823__blocked_panel_local__gp/runs.csv,replicated,3,1
GP,blocked_panel_local,64,normal,256,20260823,982d457444e177df,1,1.00999999,6,completed,19.353375,19.3527030945,full_fp64,0.0125559698843,11.6156041865,1.0087890625,0,251,0,0,0,18,8,0,0,0,0,0,normal__n256__seed20260823__blocked_panel_local__gp/runs.csv,replicated,3,1
GP,blocked_panel_local,64,normal,256,20260823,982d457444e177df,2,1.00999999,6,completed,19.169399,19.1694087982,full_fp64,0.0125559698843,11.6156041865,1.0087890625,0,251,0,0,0,18,8,0,0,0,0,0,normal__n256__seed20260823__blocked_panel_local__gp/runs.csv,replicated,3,1
PP,blocked_panel_local,64,normal,256,20260823,982d457444e177df,0,1.00999999,6,completed,18.897432,18.8974723816,full_fp64,0.0145475335852,9.43862987631,0.9990234375,0,251,0,0,0,0,0,0,0,0,0,0,normal__n256__seed20260823__blocked_panel_local__pp/runs.csv,replicated,3,1
PP,blocked_panel_local,64,normal,256,20260823,982d457444e177df,1,1.00999999,6,completed,19.087144,19.0870723724,full_fp64,0.0145475335852,9.43862987631,0.9990234375,0,251,0,0,0,0,0,0,0,0,0,0,normal__n256__seed20260823__blocked_panel_local__pp/runs.csv,replicated,3,1
PP,blocked_panel_local,64,normal,256,20260823,982d457444e177df,2,1.00999999,6,completed,18.841179,18.8403205872,full_fp64,0.0145475335852,9.43862987631,0.9990234375,0,251,0,0,0,0,0,0,0,0,0,0,normal__n256__seed20260823__blocked_panel_local__pp/runs.csv,replicated,3,1
RP,blocked_panel_local,64,normal,256,20260823,982d457444e177df,0,1.00999999,6,completed,23.474552,23.4746875763,full_fp64,0.0124924761357,7.80209324453,0.99951171875,0,251,106,0,0,0,0,0,0,0,380,0,normal__n256__seed20260823__blocked_panel_local__rp/runs.csv,replicated,3,1
RP,blocked_panel_local,64,normal,256,20260823,982d457444e177df,1,1.00999999,6,completed,23.468735,23.4679355621,full_fp64,0.0124924761357,7.80209324453,0.99951171875,0,251,106,0,0,0,0,0,0,0,380,0,normal__n256__seed20260823__blocked_panel_local__rp/runs.csv,replicated,3,1
RP,blocked_panel_local,64,normal,256,20260823,982d457444e177df,2,1.00999999,6,completed,23.463328,23.4624328613,full_fp64,0.0124924761357,7.80209324453,0.99951171875,0,251,106,0,0,0,0,0,0,0,380,0,normal__n256__seed20260823__blocked_panel_local__rp/runs.csv,replicated,3,1
ScaP,blocked_panel_local,64,normal,256,20260823,982d457444e177df,0,1.00999999,6,completed,23.491476,23.4911994934,full_fp64,0.0138936019534,9.36251189343,0.998046875,0,251,132,0,0,0,0,123,98,34,0,0,normal__n256__seed20260823__blocked_panel_local__scap/runs.csv,replicated,3,1
ScaP,blocked_panel_local,64,normal,256,20260823,982d457444e177df,1,1.00999999,6,completed,23.592171,23.5919036865,full_fp64,0.0138936019534,9.36251189343,0.998046875,0,251,132,0,0,0,0,123,98,34,0,0,normal__n256__seed20260823__blocked_panel_local__scap/runs.csv,replicated,3,1
ScaP,blocked_panel_local,64,normal,256,20260823,982d457444e177df,2,1.00999999,6,completed,23.684097,23.6841278076,full_fp64,0.0138936019534,9.36251189343,0.998046875,0,251,132,0,0,0,0,123,98,34,0,0,normal__n256__seed20260823__blocked_panel_local__scap/runs.csv,replicated,3,1
ScPP,blocked_panel_local,64,normal,256,20260823,982d457444e177df,0,1.00999999,6,completed,18.857284,18.8575687408,full_fp64,0.0134472884131,10.6260704091,1.3701171875,0,249,0,0,0,0,0,0,0,0,0,0,normal__n256__seed20260823__blocked_panel_local__scpp/runs.csv,replicated,3,1
ScPP,blocked_panel_local,64,normal,256,20260823,982d457444e177df,1,1.00999999,6,completed,18.880937,18.8802566528,full_fp64,0.0134472884131,10.6260704091,1.3701171875,0,249,0,0,0,0,0,0,0,0,0,0,normal__n256__seed20260823__blocked_panel_local__scpp/runs.csv,replicated,3,1
ScPP,blocked_panel_local,64,normal,256,20260823,982d457444e177df,2,1.00999999,6,completed,18.832708,18.8319358826,full_fp64,0.0134472884131,10.6260704091,1.3701171875,0,249,0,0,0,0,0,0,0,0,0,0,normal__n256__seed20260823__blocked_panel_local__scpp/runs.csv,replicated,3,1
CP,unblocked_rank1,1,normal,256,20260823,982d457444e177df,0,1.00999999,6,completed,43.199139,43.1993904114,full_fp64,0.00941543110941,3.83063748811,0.9912109375,0,250,249,0,0,0,0,0,0,0,0,0,normal__n256__seed20260823__unblocked_rank1__cp/runs.csv,replicated,3,1
CP,unblocked_rank1,1,normal,256,20260823,982d457444e177df,1,1.00999999,6,completed,43.085451,43.0856018066,full_fp64,0.00941543110941,3.83063748811,0.9912109375,0,250,249,0,0,0,0,0,0,0,0,0,normal__n256__seed20260823__unblocked_rank1__cp/runs.csv,replicated,3,1
CP,unblocked_rank1,1,normal,256,20260823,982d457444e177df,2,1.00999999,6,completed,43.127217,43.1273918152,full_fp64,0.00941543110941,3.83063748811,0.9912109375,0,250,249,0,0,0,0,0,0,0,0,0,normal__n256__seed20260823__unblocked_rank1__cp/runs.csv,replicated,3,1
DP,unblocked_rank1,1,normal,256,20260823,982d457444e177df,0,1.00999999,6,completed,16.308644,16.308511734,full_fp64,0.0142446349168,8.08372978116,0.98974609375,0,249,11,11,0,0,0,0,0,0,0,0,normal__n256__seed20260823__unblocked_rank1__dp/runs.csv,replicated,3,1
DP,unblocked_rank1,1,normal,256,20260823,982d457444e177df,1,1.00999999,6,completed,16.440216,16.4395198822,full_fp64,0.0142446349168,8.08372978116,0.98974609375,0,249,11,11,0,0,0,0,0,0,0,0,normal__n256__seed20260823__unblocked_rank1__dp/runs.csv,replicated,3,1
DP,unblocked_rank1,1,normal,256,20260823,982d457444e177df,2,1.00999999,6,completed,16.261524,16.2610569,full_fp64,0.0142446349168,8.08372978116,0.98974609375,0,249,11,11,0,0,0,0,0,0,0,0,normal__n256__seed20260823__unblocked_rank1__dp/runs.csv,replicated,3,1
GP,unblocked_rank1,1,normal,256,20260823,982d457444e177df,0,1.00999999,6,completed,16.574275,16.5736637115,full_fp64,0.0132591021163,8.82968601332,1.0078125,0,251,0,0,0,17,8,0,0,0,0,0,normal__n256__seed20260823__unblocked_rank1__gp/runs.csv,replicated,3,1
GP,unblocked_rank1,1,normal,256,20260823,982d457444e177df,1,1.00999999,6,completed,16.966438,16.966047287,full_fp64,0.0132591021163,8.82968601332,1.0078125,0,251,0,0,0,17,8,0,0,0,0,0,normal__n256__seed20260823__unblocked_rank1__gp/runs.csv,replicated,3,1
GP,unblocked_rank1,1,normal,256,20260823,982d457444e177df,2,1.00999999,6,completed,16.676041,16.6759033203,full_fp64,0.0132591021163,8.82968601332,1.0078125,0,251,0,0,0,17,8,0,0,0,0,0,normal__n256__seed20260823__unblocked_rank1__gp/runs.csv,replicated,3,1
PP,unblocked_rank1,1,normal,256,20260823,982d457444e177df,0,1.00999999,6,completed,16.166927,16.1665916443,full_fp64,0.0145475335852,9.43862987631,0.9990234375,0,251,0,0,0,0,0,0,0,0,0,0,normal__n256__seed20260823__unblocked_rank1__pp/runs.csv,replicated,3,1
PP,unblocked_rank1,1,normal,256,20260823,982d457444e177df,1,1.00999999,6,completed,16.218434,16.2176647186,full_fp64,0.0145475335852,9.43862987631,0.9990234375,0,251,0,0,0,0,0,0,0,0,0,0,normal__n256__seed20260823__unblocked_rank1__pp/runs.csv,replicated,3,1
PP,unblocked_rank1,1,normal,256,20260823,982d457444e177df,2,1.00999999,6,completed,16.28579,16.2849273682,full_fp64,0.0145475335852,9.43862987631,0.9990234375,0,251,0,0,0,0,0,0,0,0,0,0,normal__n256__seed20260823__unblocked_rank1__pp/runs.csv,replicated,3,1
RP,unblocked_rank1,1,normal,256,20260823,982d457444e177df,0,1.00999999,6,completed,23.929594,23.9300479889,full_fp64,0.0105813121251,6.23025689819,0.99853515625,0,251,176,0,0,0,0,0,0,0,466,0,normal__n256__seed20260823__unblocked_rank1__rp/runs.csv,replicated,3,1
RP,unblocked_rank1,1,normal,256,20260823,982d457444e177df,1,1.00999999,6,completed,23.181841,23.181728363,full_fp64,0.0105813121251,6.23025689819,0.99853515625,0,251,176,0,0,0,0,0,0,0,466,0,normal__n256__seed20260823__unblocked_rank1__rp/runs.csv,replicated,3,1
RP,unblocked_rank1,1,normal,256,20260823,982d457444e177df,2,1.00999999,6,completed,22.997176,22.9967365265,full_fp64,0.0105813121251,6.23025689819,0.99853515625,0,251,176,0,0,0,0,0,0,0,466,0,normal__n256__seed20260823__unblocked_rank1__rp/runs.csv,replicated,3,1
ScaP,unblocked_rank1,1,normal,256,20260823,982d457444e177df,0,1.00999999,6,completed,21.168841,21.1687679291,full_fp64,0.0104511973123,7.05613701237,0.99951171875,0,253,133,0,0,0,0,122,104,29,0,0,normal__n256__seed20260823__unblocked_rank1__scap/runs.csv,replicated,3,1
ScaP,unblocked_rank1,1,normal,256,20260823,982d457444e177df,1,1.00999999,6,completed,21.20055,21.2005767822,full_fp64,0.0104511973123,7.05613701237,0.99951171875,0,253,133,0,0,0,0,122,104,29,0,0,normal__n256__seed20260823__unblocked_rank1__scap/runs.csv,replicated,3,1
ScaP,unblocked_rank1,1,normal,256,20260823,982d457444e177df,2,1.00999999,6,completed,21.224483,21.2238712311,full_fp64,0.0104511973123,7.05613701237,0.99951171875,0,253,133,0,0,0,0,122,104,29,0,0,normal__n256__seed20260823__unblocked_rank1__scap/runs.csv,replicated,3,1
ScPP,unblocked_rank1,1,normal,256,20260823,982d457444e177df,0,1.00999999,6,completed,15.988347,15.9883518219,full_fp64,0.0134472884131,10.6260704091,1.3701171875,0,249,0,0,0,0,0,0,0,0,0,0,normal__n256__seed20260823__unblocked_rank1__scpp/runs.csv,replicated,3,1
ScPP,unblocked_rank1,1,normal,256,20260823,982d457444e177df,1,1.00999999,6,completed,16.253214,16.2519683838,full_fp64,0.0134472884131,10.6260704091,1.3701171875,0,249,0,0,0,0,0,0,0,0,0,0,normal__n256__seed20260823__unblocked_rank1__scpp/runs.csv,replicated,3,1
ScPP,unblocked_rank1,1,normal,256,20260823,982d457444e177df,2,1.00999999,6,completed,15.986621,15.9868164062,full_fp64,0.0134472884131,10.6260704091,1.3701171875,0,249,0,0,0,0,0,0,0,0,0,0,normal__n256__seed20260823__unblocked_rank1__scpp/runs.csv,replicated,3,1
CP,blocked_panel_local,64,normal,256,20260824,e72d6daf2d214e4e,0,1.00999999,6,completed,35.506121,35.5061759949,full_fp64,0.0102437650966,5.43026204565,0.99951171875,0,250,234,0,0,0,0,0,0,0,0,0,normal__n256__seed20260824__blocked_panel_local__cp/runs.csv,replicated,3,1
CP,blocked_panel_local,64,normal,256,20260824,e72d6daf2d214e4e,1,1.00999999,6,completed,35.490323,35.490272522,full_fp64,0.0102437650966,5.43026204565,0.99951171875,0,250,234,0,0,0,0,0,0,0,0,0,normal__n256__seed20260824__blocked_panel_local__cp/runs.csv,replicated,3,1
CP,blocked_panel_local,64,normal,256,20260824,e72d6daf2d214e4e,2,1.00999999,6,completed,35.401783,35.4015045166,full_fp64,0.0102437650966,5.43026204565,0.99951171875,0,250,234,0,0,0,0,0,0,0,0,0,normal__n256__seed20260824__blocked_panel_local__cp/runs.csv,replicated,3,1
DP,blocked_panel_local,64,normal,256,20260824,e72d6daf2d214e4e,0,1.00999999,6,completed,19.603943,19.6036472321,full_fp64,0.0133191864065,8.36517328825,0.98974609375,0,250,28,28,0,0,0,0,0,0,0,0,normal__n256__seed20260824__blocked_panel_local__dp/runs.csv,replicated,3,1
DP,blocked_panel_local,64,normal,256,20260824,e72d6daf2d214e4e,1,1.00999999,6,completed,19.51932,19.5196475983,full_fp64,0.0133191864065,8.36517328825,0.98974609375,0,250,28,28,0,0,0,0,0,0,0,0,normal__n256__seed20260824__blocked_panel_local__dp/runs.csv,replicated,3,1
DP,blocked_panel_local,64,normal,256,20260824,e72d6daf2d214e4e,2,1.00999999,6,completed,19.463352,19.4636478424,full_fp64,0.0133191864065,8.36517328825,0.98974609375,0,250,28,28,0,0,0,0,0,0,0,0,normal__n256__seed20260824__blocked_panel_local__dp/runs.csv,replicated,3,1
GP,blocked_panel_local,64,normal,256,20260824,e72d6daf2d214e4e,0,1.00999999,6,completed,22.641868,22.6422729492,full_fp64,0.012472608033,9.4809805579,1.009765625,0,248,0,0,0,23,15,0,0,0,0,0,normal__n256__seed20260824__blocked_panel_local__gp/runs.csv,replicated,3,1
GP,blocked_panel_local,64,normal,256,20260824,e72d6daf2d214e4e,1,1.00999999,6,completed,20.224462,20.2242889404,full_fp64,0.012472608033,9.4809805579,1.009765625,0,248,0,0,0,23,15,0,0,0,0,0,normal__n256__seed20260824__blocked_panel_local__gp/runs.csv,replicated,3,1
GP,blocked_panel_local,64,normal,256,20260824,e72d6daf2d214e4e,2,1.00999999,6,completed,19.581108,19.5807361603,full_fp64,0.012472608033,9.4809805579,1.009765625,0,248,0,0,0,23,15,0,0,0,0,0,normal__n256__seed20260824__blocked_panel_local__gp/runs.csv,replicated,3,1
PP,blocked_panel_local,64,normal,256,20260824,e72d6daf2d214e4e,0,1.00999999,6,completed,18.842588,18.842048645,full_fp64,0.0116913014313,7.87827557058,0.99951171875,0,251,0,0,0,0,0,0,0,0,0,0,normal__n256__seed20260824__blocked_panel_local__pp/runs.csv,replicated,3,1
PP,blocked_panel_local,64,normal,256,20260824,e72d6daf2d214e4e,1,1.00999999,6,completed,19.010281,19.0095996857,full_fp64,0.0116913014313,7.87827557058,0.99951171875,0,251,0,0,0,0,0,0,0,0,0,0,normal__n256__seed20260824__blocked_panel_local__pp/runs.csv,replicated,3,1
PP,blocked_panel_local,64,normal,256,20260824,e72d6daf2d214e4e,2,1.00999999,6,completed,18.784577,18.7845115662,full_fp64,0.0116913014313,7.87827557058,0.99951171875,0,251,0,0,0,0,0,0,0,0,0,0,normal__n256__seed20260824__blocked_panel_local__pp/runs.csv,replicated,3,1
RP,blocked_panel_local,64,normal,256,20260824,e72d6daf2d214e4e,0,1.00999999,6,completed,23.433518,23.4328327179,full_fp64,0.0118674153709,5.93744716822,1,0,249,116,0,0,0,0,0,0,0,381,0,normal__n256__seed20260824__blocked_panel_local__rp/runs.csv,replicated,3,1
RP,blocked_panel_local,64,normal,256,20260824,e72d6daf2d214e4e,1,1.00999999,6,completed,23.55561,23.5547847748,full_fp64,0.0118674153709,5.93744716822,1,0,249,116,0,0,0,0,0,0,0,381,0,normal__n256__seed20260824__blocked_panel_local__rp/runs.csv,replicated,3,1
RP,blocked_panel_local,64,normal,256,20260824,e72d6daf2d214e4e,2,1.00999999,6,completed,23.400035,23.4002876282,full_fp64,0.0118674153709,5.93744716822,1,0,249,116,0,0,0,0,0,0,0,381,0,normal__n256__seed20260824__blocked_panel_local__rp/runs.csv,replicated,3,1
ScaP,blocked_panel_local,64,normal,256,20260824,e72d6daf2d214e4e,0,1.00999999,6,completed,23.447064,23.446559906,full_fp64,0.0109449226979,7.9729501268,0.99853515625,0,248,130,0,0,0,0,125,101,29,0,0,normal__n256__seed20260824__blocked_panel_local__scap/runs.csv,replicated,3,1
ScaP,blocked_panel_local,64,normal,256,20260824,e72d6daf2d214e4e,1,1.00999999,6,completed,23.512473,23.5123519897,full_fp64,0.0109449226979,7.9729501268,0.99853515625,0,248,130,0,0,0,0,125,101,29,0,0,normal__n256__seed20260824__blocked_panel_local__scap/runs.csv,replicated,3,1
ScaP,blocked_panel_local,64,normal,256,20260824,e72d6daf2d214e4e,2,1.00999999,6,completed,23.53684,23.5365123749,full_fp64,0.0109449226979,7.9729501268,0.99853515625,0,248,130,0,0,0,0,125,101,29,0,0,normal__n256__seed20260824__blocked_panel_local__scap/runs.csv,replicated,3,1
ScPP,blocked_panel_local,64,normal,256,20260824,e72d6daf2d214e4e,0,1.00999999,6,completed,19.04796,19.0480003357,full_fp64,0.0162723993509,14.9585798817,1.3974609375,0,252,0,0,0,0,0,0,0,0,0,0,normal__n256__seed20260824__blocked_panel_local__scpp/runs.csv,replicated,3,1
ScPP,blocked_panel_local,64,normal,256,20260824,e72d6daf2d214e4e,1,1.00999999,6,completed,19.133016,19.1331520081,full_fp64,0.0162723993509,14.9585798817,1.3974609375,0,252,0,0,0,0,0,0,0,0,0,0,normal__n256__seed20260824__blocked_panel_local__scpp/runs.csv,replicated,3,1
ScPP,blocked_panel_local,64,normal,256,20260824,e72d6daf2d214e4e,2,1.00999999,6,completed,18.913402,18.9128322601,full_fp64,0.0162723993509,14.9585798817,1.3974609375,0,252,0,0,0,0,0,0,0,0,0,0,normal__n256__seed20260824__blocked_panel_local__scpp/runs.csv,replicated,3,1
CP,unblocked_rank1,1,normal,256,20260824,e72d6daf2d214e4e,0,1.00999999,6,completed,43.22292,43.2230072021,full_fp64,0.00904087690811,3.6382079459,0.99462890625,0,253,249,0,0,0,0,0,0,0,0,0,normal__n256__seed20260824__unblocked_rank1__cp/runs.csv,replicated,3,1
CP,unblocked_rank1,1,normal,256,20260824,e72d6daf2d214e4e,1,1.00999999,6,completed,43.075432,43.0753936768,full_fp64,0.00904087690811,3.6382079459,0.99462890625,0,253,249,0,0,0,0,0,0,0,0,0,normal__n256__seed20260824__unblocked_rank1__cp/runs.csv,replicated,3,1
CP,unblocked_rank1,1,normal,256,20260824,e72d6daf2d214e4e,2,1.00999999,6,completed,43.169877,43.1696014404,full_fp64,0.00904087690811,3.6382079459,0.99462890625,0,253,249,0,0,0,0,0,0,0,0,0,normal__n256__seed20260824__unblocked_rank1__cp/runs.csv,replicated,3,1
DP,unblocked_rank1,1,normal,256,20260824,e72d6daf2d214e4e,0,1.00999999,6,completed,16.741769,16.7413444519,full_fp64,0.0133191864065,8.36517328825,0.98974609375,0,250,28,28,0,0,0,0,0,0,0,0,normal__n256__seed20260824__unblocked_rank1__dp/runs.csv,replicated,3,1
DP,unblocked_rank1,1,normal,256,20260824,e72d6daf2d214e4e,1,1.00999999,6,completed,16.653542,16.6527671814,full_fp64,0.0133191864065,8.36517328825,0.98974609375,0,250,28,28,0,0,0,0,0,0,0,0,normal__n256__seed20260824__unblocked_rank1__dp/runs.csv,replicated,3,1
DP,unblocked_rank1,1,normal,256,20260824,e72d6daf2d214e4e,2,1.00999999,6,completed,16.747058,16.7470397949,full_fp64,0.0133191864065,8.36517328825,0.98974609375,0,250,28,28,0,0,0,0,0,0,0,0,normal__n256__seed20260824__unblocked_rank1__dp/runs.csv,replicated,3,1
GP,unblocked_rank1,1,normal,256,20260824,e72d6daf2d214e4e,0,1.00999999,6,completed,16.522382,16.5219841003,full_fp64,0.0113689937737,8.16906170752,1.0087890625,0,251,0,0,0,23,9,0,0,0,0,0,normal__n256__seed20260824__unblocked_rank1__gp/runs.csv,replicated,3,1
GP,unblocked_rank1,1,normal,256,20260824,e72d6daf2d214e4e,1,1.00999999,6,completed,16.845553,16.8448963165,full_fp64,0.0113689937737,8.16906170752,1.0087890625,0,251,0,0,0,23,9,0,0,0,0,0,normal__n256__seed20260824__unblocked_rank1__gp/runs.csv,replicated,3,1
GP,unblocked_rank1,1,normal,256,20260824,e72d6daf2d214e4e,2,1.00999999,6,completed,16.531521,16.5312957764,full_fp64,0.0113689937737,8.16906170752,1.0087890625,0,251,0,0,0,23,9,0,0,0,0,0,normal__n256__seed20260824__unblocked_rank1__gp/runs.csv,replicated,3,1
PP,unblocked_rank1,1,normal,256,20260824,e72d6daf2d214e4e,0,1.00999999,6,completed,16.10745,16.1067199707,full_fp64,0.0116913014313,7.94590025359,0.99951171875,0,251,0,0,0,0,0,0,0,0,0,0,normal__n256__seed20260824__unblocked_rank1__pp/runs.csv,replicated,3,1
PP,unblocked_rank1,1,normal,256,20260824,e72d6daf2d214e4e,1,1.00999999,6,completed,16.325484,16.3246078491,full_fp64,0.0116913014313,7.94590025359,0.99951171875,0,251,0,0,0,0,0,0,0,0,0,0,normal__n256__seed20260824__unblocked_rank1__pp/runs.csv,replicated,3,1
PP,unblocked_rank1,1,normal,256,20260824,e72d6daf2d214e4e,2,1.00999999,6,completed,16.059588,16.0594234467,full_fp64,0.0116913014313,7.94590025359,0.99951171875,0,251,0,0,0,0,0,0,0,0,0,0,normal__n256__seed20260824__unblocked_rank1__pp/runs.csv,replicated,3,1
RP,unblocked_rank1,1,normal,256,20260824,e72d6daf2d214e4e,0,1.00999999,6,completed,23.051798,23.0511360168,full_fp64,0.0105257461561,4.65595942519,0.99755859375,0,248,172,0,0,0,0,0,0,0,458,0,normal__n256__seed20260824__unblocked_rank1__rp/runs.csv,replicated,3,1
RP,unblocked_rank1,1,normal,256,20260824,e72d6daf2d214e4e,1,1.00999999,6,completed,23.101478,23.1013755798,full_fp64,0.0105257461561,4.65595942519,0.99755859375,0,248,172,0,0,0,0,0,0,0,458,0,normal__n256__seed20260824__unblocked_rank1__rp/runs.csv,replicated,3,1
RP,unblocked_rank1,1,normal,256,20260824,e72d6daf2d214e4e,2,1.00999999,6,completed,23.152725,23.15376091,full_fp64,0.0105257461561,4.65595942519,0.99755859375,0,248,172,0,0,0,0,0,0,0,458,0,normal__n256__seed20260824__unblocked_rank1__rp/runs.csv,replicated,3,1
ScaP,unblocked_rank1,1,normal,256,20260824,e72d6daf2d214e4e,0,1.00999999,6,completed,21.200385,21.1996479034,full_fp64,0.0139640721344,7.01267962806,0.99951171875,0,252,120,0,0,0,0,135,88,32,0,0,normal__n256__seed20260824__unblocked_rank1__scap/runs.csv,replicated,3,1
ScaP,unblocked_rank1,1,normal,256,20260824,e72d6daf2d214e4e,1,1.00999999,6,completed,21.204351,21.2032318115,full_fp64,0.0139640721344,7.01267962806,0.99951171875,0,252,120,0,0,0,0,135,88,32,0,0,normal__n256__seed20260824__unblocked_rank1__scap/runs.csv,replicated,3,1
ScaP,unblocked_rank1,1,normal,256,20260824,e72d6daf2d214e4e,2,1.00999999,6,completed,21.331133,21.3303031921,full_fp64,0.0139640721344,7.01267962806,0.99951171875,0,252,120,0,0,0,0,135,88,32,0,0,normal__n256__seed20260824__unblocked_rank1__scap/runs.csv,replicated,3,1
ScPP,unblocked_rank1,1,normal,256,20260824,e72d6daf2d214e4e,0,1.00999999,6,completed,16.295331,16.2944641113,full_fp64,0.0162723993509,14.9585798817,1.3974609375,0,252,0,0,0,0,0,0,0,0,0,0,normal__n256__seed20260824__unblocked_rank1__scpp/runs.csv,replicated,3,1
ScPP,unblocked_rank1,1,normal,256,20260824,e72d6daf2d214e4e,1,1.00999999,6,completed,16.299388,16.2985591888,full_fp64,0.0162723993509,14.9585798817,1.3974609375,0,252,0,0,0,0,0,0,0,0,0,0,normal__n256__seed20260824__unblocked_rank1__scpp/runs.csv,replicated,3,1
ScPP,unblocked_rank1,1,normal,256,20260824,e72d6daf2d214e4e,2,1.00999999,6,completed,16.177581,16.1767997742,full_fp64,0.0162723993509,14.9585798817,1.3974609375,0,252,0,0,0,0,0,0,0,0,0,0,normal__n256__seed20260824__unblocked_rank1__scpp/runs.csv,replicated,3,1
CP,blocked_panel_local,64,normal,256,20260825,38187298b3035142,0,1.00999999,6,completed,35.302918,35.3023681641,full_fp64,0.0102054332006,4.68233246301,1,0,248,236,0,0,0,0,0,0,0,0,0,normal__n256__seed20260825__blocked_panel_local__cp/runs.csv,replicated,3,1
CP,blocked_panel_local,64,normal,256,20260825,38187298b3035142,1,1.00999999,6,completed,35.402009,35.4014091492,full_fp64,0.0102054332006,4.68233246301,1,0,248,236,0,0,0,0,0,0,0,0,0,normal__n256__seed20260825__blocked_panel_local__cp/runs.csv,replicated,3,1
CP,blocked_panel_local,64,normal,256,20260825,38187298b3035142,2,1.00999999,6,completed,35.233383,35.2329902649,full_fp64,0.0102054332006,4.68233246301,1,0,248,236,0,0,0,0,0,0,0,0,0,normal__n256__seed20260825__blocked_panel_local__cp/runs.csv,replicated,3,1
DP,blocked_panel_local,64,normal,256,20260825,38187298b3035142,0,1.00999999,6,completed,19.061123,19.0616321564,full_fp64,0.0142402265049,10.7154046997,0.990234375,0,245,15,15,0,0,0,0,0,0,0,0,normal__n256__seed20260825__blocked_panel_local__dp/runs.csv,replicated,3,1
DP,blocked_panel_local,64,normal,256,20260825,38187298b3035142,1,1.00999999,6,completed,19.096024,19.0952644348,full_fp64,0.0142402265049,10.7154046997,0.990234375,0,245,15,15,0,0,0,0,0,0,0,0,normal__n256__seed20260825__blocked_panel_local__dp/runs.csv,replicated,3,1
DP,blocked_panel_local,64,normal,256,20260825,38187298b3035142,2,1.00999999,6,completed,19.30986,19.309343338,full_fp64,0.0142402265049,10.7154046997,0.990234375,0,245,15,15,0,0,0,0,0,0,0,0,normal__n256__seed20260825__blocked_panel_local__dp/runs.csv,replicated,3,1
GP,blocked_panel_local,64,normal,256,20260825,38187298b3035142,0,1.00999999,6,completed,19.071207,19.0711994171,full_fp64,0.0123054028802,11.5578764143,1.009765625,0,249,0,0,0,18,10,0,0,0,0,0,normal__n256__seed20260825__blocked_panel_local__gp/runs.csv,replicated,3,1
GP,blocked_panel_local,64,normal,256,20260825,38187298b3035142,1,1.00999999,6,completed,19.280846,19.2810878754,full_fp64,0.0123054028802,11.5578764143,1.009765625,0,249,0,0,0,18,10,0,0,0,0,0,normal__n256__seed20260825__blocked_panel_local__gp/runs.csv,replicated,3,1
GP,blocked_panel_local,64,normal,256,20260825,38187298b3035142,2,1.00999999,6,completed,19.164345,19.1637115479,full_fp64,0.0123054028802,11.5578764143,1.009765625,0,249,0,0,0,18,10,0,0,0,0,0,normal__n256__seed20260825__blocked_panel_local__gp/runs.csv,replicated,3,1
PP,blocked_panel_local,64,normal,256,20260825,38187298b3035142,0,1.00999999,6,completed,18.731001,18.7296638489,full_fp64,0.0140157011512,8.50826805918,1,0,252,0,0,0,0,0,0,0,0,0,0,normal__n256__seed20260825__blocked_panel_local__pp/runs.csv,replicated,3,1
PP,blocked_panel_local,64,normal,256,20260825,38187298b3035142,1,1.00999999,6,completed,18.65892,18.6590080261,full_fp64,0.0140157011512,8.50826805918,1,0,252,0,0,0,0,0,0,0,0,0,0,normal__n256__seed20260825__blocked_panel_local__pp/runs.csv,replicated,3,1
PP,blocked_panel_local,64,normal,256,20260825,38187298b3035142,2,1.00999999,6,completed,18.607029,18.6062717438,full_fp64,0.0140157011512,8.50826805918,1,0,252,0,0,0,0,0,0,0,0,0,0,normal__n256__seed20260825__blocked_panel_local__pp/runs.csv,replicated,3,1
RP,blocked_panel_local,64,normal,256,20260825,38187298b3035142,0,1.00999999,6,completed,23.526012,23.5262393951,full_fp64,0.0108392381793,6.86161879896,1,0,249,106,0,0,0,0,0,0,0,370,0,normal__n256__seed20260825__blocked_panel_local__rp/runs.csv,replicated,3,1
RP,blocked_panel_local,64,normal,256,20260825,38187298b3035142,1,1.00999999,6,completed,23.720912,23.7195205688,full_fp64,0.0108392381793,6.86161879896,1,0,249,106,0,0,0,0,0,0,0,370,0,normal__n256__seed20260825__blocked_panel_local__rp/runs.csv,replicated,3,1
RP,blocked_panel_local,64,normal,256,20260825,38187298b3035142,2,1.00999999,6,completed,23.622362,23.6217594147,full_fp64,0.0108392381793,6.86161879896,1,0,249,106,0,0,0,0,0,0,0,370,0,normal__n256__seed20260825__blocked_panel_local__rp/runs.csv,replicated,3,1
ScaP,blocked_panel_local,64,normal,256,20260825,38187298b3035142,0,1.00999999,6,completed,23.985584,23.9855365753,full_fp64,0.0133241685813,6.73281114012,0.99951171875,0,248,130,0,0,0,0,125,91,39,0,0,normal__n256__seed20260825__blocked_panel_local__scap/runs.csv,replicated,3,1
ScaP,blocked_panel_local,64,normal,256,20260825,38187298b3035142,1,1.00999999,6,completed,23.661587,23.6612167358,full_fp64,0.0133241685813,6.73281114012,0.99951171875,0,248,130,0,0,0,0,125,91,39,0,0,normal__n256__seed20260825__blocked_panel_local__scap/runs.csv,replicated,3,1
ScaP,blocked_panel_local,64,normal,256,20260825,38187298b3035142,2,1.00999999,6,completed,23.543025,23.5436153412,full_fp64,0.0133241685813,6.73281114012,0.99951171875,0,248,130,0,0,0,0,125,91,39,0,0,normal__n256__seed20260825__blocked_panel_local__scap/runs.csv,replicated,3,1
ScPP,blocked_panel_local,64,normal,256,20260825,38187298b3035142,0,1.00999999,6,completed,18.734556,18.7339515686,full_fp64,0.0176814534127,9.10704960836,1.396484375,0,248,0,0,0,0,0,0,0,0,0,0,normal__n256__seed20260825__blocked_panel_local__scpp/runs.csv,replicated,3,1
ScPP,blocked_panel_local,64,normal,256,20260825,38187298b3035142,1,1.00999999,6,completed,18.808325,18.8079681396,full_fp64,0.0176814534127,9.10704960836,1.396484375,0,248,0,0,0,0,0,0,0,0,0,0,normal__n256__seed20260825__blocked_panel_local__scpp/runs.csv,replicated,3,1
ScPP,blocked_panel_local,64,normal,256,20260825,38187298b3035142,2,1.00999999,6,completed,18.95056,18.9504642487,full_fp64,0.0176814534127,9.10704960836,1.396484375,0,248,0,0,0,0,0,0,0,0,0,0,normal__n256__seed20260825__blocked_panel_local__scpp/runs.csv,replicated,3,1
CP,unblocked_rank1,1,normal,256,20260825,38187298b3035142,0,1.00999999,6,completed,42.956973,42.9566726685,full_fp64,0.00791376507521,3.65535248042,0.99072265625,0,254,250,0,0,0,0,0,0,0,0,0,normal__n256__seed20260825__unblocked_rank1__cp/runs.csv,replicated,3,1
CP,unblocked_rank1,1,normal,256,20260825,38187298b3035142,1,1.00999999,6,completed,42.881212,42.8815689087,full_fp64,0.00791376507521,3.65535248042,0.99072265625,0,254,250,0,0,0,0,0,0,0,0,0,normal__n256__seed20260825__unblocked_rank1__cp/runs.csv,replicated,3,1
CP,unblocked_rank1,1,normal,256,20260825,38187298b3035142,2,1.00999999,6,completed,42.92035,42.9201927185,full_fp64,0.00791376507521,3.65535248042,0.99072265625,0,254,250,0,0,0,0,0,0,0,0,0,normal__n256__seed20260825__unblocked_rank1__cp/runs.csv,replicated,3,1
DP,unblocked_rank1,1,normal,256,20260825,38187298b3035142,0,1.00999999,6,completed,17.153264,17.1531848907,full_fp64,0.0142402265049,10.7154046997,0.990234375,0,245,15,15,0,0,0,0,0,0,0,0,normal__n256__seed20260825__unblocked_rank1__dp/runs.csv,replicated,3,1
DP,unblocked_rank1,1,normal,256,20260825,38187298b3035142,1,1.00999999,6,completed,16.594149,16.5931835175,full_fp64,0.0142402265049,10.7154046997,0.990234375,0,245,15,15,0,0,0,0,0,0,0,0,normal__n256__seed20260825__unblocked_rank1__dp/runs.csv,replicated,3,1
DP,unblocked_rank1,1,normal,256,20260825,38187298b3035142,2,1.00999999,6,completed,16.41001,16.4089927673,full_fp64,0.0142402265049,10.7154046997,0.990234375,0,245,15,15,0,0,0,0,0,0,0,0,normal__n256__seed20260825__unblocked_rank1__dp/runs.csv,replicated,3,1
GP,unblocked_rank1,1,normal,256,20260825,38187298b3035142,0,1.00999999,6,completed,17.123836,17.1239681244,full_fp64,0.011787587652,8.36901653612,1.0078125,0,249,0,0,0,16,12,0,0,0,0,0,normal__n256__seed20260825__unblocked_rank1__gp/runs.csv,replicated,3,1
GP,unblocked_rank1,1,normal,256,20260825,38187298b3035142,1,1.00999999,6,completed,16.771509,16.7706871033,full_fp64,0.011787587652,8.36901653612,1.0078125,0,249,0,0,0,16,12,0,0,0,0,0,normal__n256__seed20260825__unblocked_rank1__gp/runs.csv,replicated,3,1
GP,unblocked_rank1,1,normal,256,20260825,38187298b3035142,2,1.00999999,6,completed,16.313579,16.3127365112,full_fp64,0.011787587652,8.36901653612,1.0078125,0,249,0,0,0,16,12,0,0,0,0,0,normal__n256__seed20260825__unblocked_rank1__gp/runs.csv,replicated,3,1
PP,unblocked_rank1,1,normal,256,20260825,38187298b3035142,0,1.00999999,6,completed,16.228716,16.2289924622,full_fp64,0.0140157011512,8.50826805918,1,0,252,0,0,0,0,0,0,0,0,0,0,normal__n256__seed20260825__unblocked_rank1__pp/runs.csv,replicated,3,1
PP,unblocked_rank1,1,normal,256,20260825,38187298b3035142,1,1.00999999,6,completed,16.206414,16.2058563232,full_fp64,0.0140157011512,8.50826805918,1,0,252,0,0,0,0,0,0,0,0,0,0,normal__n256__seed20260825__unblocked_rank1__pp/runs.csv,replicated,3,1
PP,unblocked_rank1,1,normal,256,20260825,38187298b3035142,2,1.00999999,6,completed,16.119227,16.1193599701,full_fp64,0.0140157011512,8.50826805918,1,0,252,0,0,0,0,0,0,0,0,0,0,normal__n256__seed20260825__unblocked_rank1__pp/runs.csv,replicated,3,1
RP,unblocked_rank1,1,normal,256,20260825,38187298b3035142,0,1.00999999,6,completed,23.099982,23.0994873047,full_fp64,0.0103729766695,5.2045256745,0.9990234375,0,249,174,0,0,0,0,0,0,0,455,0,normal__n256__seed20260825__unblocked_rank1__rp/runs.csv,replicated,3,1
RP,unblocked_rank1,1,normal,256,20260825,38187298b3035142,1,1.00999999,6,completed,23.159675,23.1593914032,full_fp64,0.0103729766695,5.2045256745,0.9990234375,0,249,174,0,0,0,0,0,0,0,455,0,normal__n256__seed20260825__unblocked_rank1__rp/runs.csv,replicated,3,1
RP,unblocked_rank1,1,normal,256,20260825,38187298b3035142,2,1.00999999,6,completed,22.941045,22.9405117035,full_fp64,0.0103729766695,5.2045256745,0.9990234375,0,249,174,0,0,0,0,0,0,0,455,0,normal__n256__seed20260825__unblocked_rank1__rp/runs.csv,replicated,3,1
ScaP,unblocked_rank1,1,normal,256,20260825,38187298b3035142,0,1.00999999,6,completed,21.315704,21.3158073425,full_fp64,0.0102767055454,6.5274151436,0.99951171875,0,250,142,0,0,0,0,113,105,37,0,0,normal__n256__seed20260825__unblocked_rank1__scap/runs.csv,replicated,3,1
ScaP,unblocked_rank1,1,normal,256,20260825,38187298b3035142,1,1.00999999,6,completed,21.224455,21.2236156464,full_fp64,0.0102767055454,6.5274151436,0.99951171875,0,250,142,0,0,0,0,113,105,37,0,0,normal__n256__seed20260825__unblocked_rank1__scap/runs.csv,replicated,3,1
ScaP,unblocked_rank1,1,normal,256,20260825,38187298b3035142,2,1.00999999,6,completed,21.193116,21.1927032471,full_fp64,0.0102767055454,6.5274151436,0.99951171875,0,250,142,0,0,0,0,113,105,37,0,0,normal__n256__seed20260825__unblocked_rank1__scap/runs.csv,replicated,3,1
ScPP,unblocked_rank1,1,normal,256,20260825,38187298b3035142,0,1.00999999,6,completed,16.129779,16.1292152405,full_fp64,0.0176814534127,9.10704960836,1.396484375,0,248,0,0,0,0,0,0,0,0,0,0,normal__n256__seed20260825__unblocked_rank1__scpp/runs.csv,replicated,3,1
ScPP,unblocked_rank1,1,normal,256,20260825,38187298b3035142,1,1.00999999,6,completed,16.137934,16.1371192932,full_fp64,0.0176814534127,9.10704960836,1.396484375,0,248,0,0,0,0,0,0,0,0,0,0,normal__n256__seed20260825__unblocked_rank1__scpp/runs.csv,replicated,3,1
ScPP,unblocked_rank1,1,normal,256,20260825,38187298b3035142,2,1.00999999,6,completed,16.20535,16.2047996521,full_fp64,0.0176814534127,9.10704960836,1.396484375,0,248,0,0,0,0,0,0,0,0,0,0,normal__n256__seed20260825__unblocked_rank1__scpp/runs.csv,replicated,3,1
CP,blocked_panel_local,64,normal,512,20260823,d157af7587a5ed2c,0,1.00999999,6,completed,154.51527,154.515548706,sampled_fp64_32x32,0.010329440704,10.0504475183,1,0,509,474,0,0,0,0,0,0,0,0,0,normal__n512__seed20260823__blocked_panel_local__cp/runs.csv,replicated,3,1
CP,blocked_panel_local,64,normal,512,20260823,d157af7587a5ed2c,1,1.00999999,6,completed,155.180676,155.181060791,sampled_fp64_32x32,0.010329440704,10.0504475183,1,0,509,474,0,0,0,0,0,0,0,0,0,normal__n512__seed20260823__blocked_panel_local__cp/runs.csv,replicated,3,1
CP,blocked_panel_local,64,normal,512,20260823,d157af7587a5ed2c,2,1.00999999,6,completed,159.792068,159.792800903,sampled_fp64_32x32,0.010329440704,10.0504475183,1,0,509,474,0,0,0,0,0,0,0,0,0,normal__n512__seed20260823__blocked_panel_local__cp/runs.csv,replicated,3,1
DP,blocked_panel_local,64,normal,512,20260823,d157af7587a5ed2c,0,1.00999999,6,completed,40.005607,40.0050888062,sampled_fp64_32x32,0.0187194094532,15.7135882832,0.9912109375,0,505,35,35,1,0,0,0,0,0,0,0,normal__n512__seed20260823__blocked_panel_local__dp/runs.csv,replicated,3,1
DP,blocked_panel_local,64,normal,512,20260823,d157af7587a5ed2c,1,1.00999999,6,completed,39.997255,39.9968948364,sampled_fp64_32x32,0.0187194094532,15.7135882832,0.9912109375,0,505,35,35,1,0,0,0,0,0,0,0,normal__n512__seed20260823__blocked_panel_local__dp/runs.csv,replicated,3,1
DP,blocked_panel_local,64,normal,512,20260823,d157af7587a5ed2c,2,1.00999999,6,completed,39.909071,39.9089927673,sampled_fp64_32x32,0.0187194094532,15.7135882832,0.9912109375,0,505,35,35,1,0,0,0,0,0,0,0,normal__n512__seed20260823__blocked_panel_local__dp/runs.csv,replicated,3,1
GP,blocked_panel_local,64,normal,512,20260823,d157af7587a5ed2c,0,1.00999999,6,completed,40.977797,40.9774398804,sampled_fp64_32x32,0.0145333724552,15.3360455655,1.009765625,0,506,0,0,0,34,14,0,0,0,0,0,normal__n512__seed20260823__blocked_panel_local__gp/runs.csv,replicated,3,1
GP,blocked_panel_local,64,normal,512,20260823,d157af7587a5ed2c,1,1.00999999,6,completed,40.500268,40.4999694824,sampled_fp64_32x32,0.0145333724552,15.3360455655,1.009765625,0,506,0,0,0,34,14,0,0,0,0,0,normal__n512__seed20260823__blocked_panel_local__gp/runs.csv,replicated,3,1
GP,blocked_panel_local,64,normal,512,20260823,d157af7587a5ed2c,2,1.00999999,6,completed,40.415603,40.4151687622,sampled_fp64_32x32,0.0145333724552,15.3360455655,1.009765625,0,506,0,0,0,34,14,0,0,0,0,0,normal__n512__seed20260823__blocked_panel_local__gp/runs.csv,replicated,3,1
PP,blocked_panel_local,64,normal,512,20260823,d157af7587a5ed2c,0,1.00999999,6,completed,39.77218,39.7718086243,sampled_fp64_32x32,0.0169047845255,12.9796582587,1,0,506,0,0,0,0,0,0,0,0,0,0,normal__n512__seed20260823__blocked_panel_local__pp/runs.csv,replicated,3,1
PP,blocked_panel_local,64,normal,512,20260823,d157af7587a5ed2c,1,1.00999999,6,completed,39.720094,39.7198410034,sampled_fp64_32x32,0.0169047845255,12.9796582587,1,0,506,0,0,0,0,0,0,0,0,0,0,normal__n512__seed20260823__blocked_panel_local__pp/runs.csv,replicated,3,1
PP,blocked_panel_local,64,normal,512,20260823,d157af7587a5ed2c,2,1.00999999,6,completed,39.796064,39.7952957153,sampled_fp64_32x32,0.0169047845255,12.9796582587,1,0,506,0,0,0,0,0,0,0,0,0,0,normal__n512__seed20260823__blocked_panel_local__pp/runs.csv,replicated,3,1
RP,blocked_panel_local,64,normal,512,20260823,d157af7587a5ed2c,0,1.00999999,6,completed,48.791839,48.7913284302,sampled_fp64_32x32,0.0142323511486,8.70951993491,1,0,507,207,0,0,0,0,0,0,0,749,0,normal__n512__seed20260823__blocked_panel_local__rp/runs.csv,replicated,3,1
RP,blocked_panel_local,64,normal,512,20260823,d157af7587a5ed2c,1,1.00999999,6,completed,48.767929,48.7678413391,sampled_fp64_32x32,0.0142323511486,8.70951993491,1,0,507,207,0,0,0,0,0,0,0,749,0,normal__n512__seed20260823__blocked_panel_local__rp/runs.csv,replicated,3,1
RP,blocked_panel_local,64,normal,512,20260823,d157af7587a5ed2c,2,1.00999999,6,completed,48.953245,48.9530258179,sampled_fp64_32x32,0.0142323511486,8.70951993491,1,0,507,207,0,0,0,0,0,0,0,749,0,normal__n512__seed20260823__blocked_panel_local__rp/runs.csv,replicated,3,1
ScaP,blocked_panel_local,64,normal,512,20260823,d157af7587a5ed2c,0,1.00999999,6,completed,49.60316,49.6030731201,sampled_fp64_32x32,0.0162974851229,11.1960943857,1,0,509,259,0,0,0,0,252,207,52,0,0,normal__n512__seed20260823__blocked_panel_local__scap/runs.csv,replicated,3,1
ScaP,blocked_panel_local,64,normal,512,20260823,d157af7587a5ed2c,1,1.00999999,6,completed,49.815815,49.8158416748,sampled_fp64_32x32,0.0162974851229,11.1960943857,1,0,509,259,0,0,0,0,252,207,52,0,0,normal__n512__seed20260823__blocked_panel_local__scap/runs.csv,replicated,3,1
ScaP,blocked_panel_local,64,normal,512,20260823,d157af7587a5ed2c,2,1.00999999,6,completed,49.782554,49.7818222046,sampled_fp64_32x32,0.0162974851229,11.1960943857,1,0,509,259,0,0,0,0,252,207,52,0,0,normal__n512__seed20260823__blocked_panel_local__scap/runs.csv,replicated,3,1
ScPP,blocked_panel_local,64,normal,512,20260823,d157af7587a5ed2c,0,1.00999999,6,completed,39.399063,39.3986549377,sampled_fp64_32x32,0.0179301178379,12.016273393,1.4267578125,0,504,0,0,0,0,0,0,0,0,0,0,normal__n512__seed20260823__blocked_panel_local__scpp/runs.csv,replicated,3,1
ScPP,blocked_panel_local,64,normal,512,20260823,d157af7587a5ed2c,1,1.00999999,6,completed,39.360841,39.3659210205,sampled_fp64_32x32,0.0179301178379,12.016273393,1.4267578125,0,504,0,0,0,0,0,0,0,0,0,0,normal__n512__seed20260823__blocked_panel_local__scpp/runs.csv,replicated,3,1
ScPP,blocked_panel_local,64,normal,512,20260823,d157af7587a5ed2c,2,1.00999999,6,completed,39.446125,39.4455375671,sampled_fp64_32x32,0.0179301178379,12.016273393,1.4267578125,0,504,0,0,0,0,0,0,0,0,0,0,normal__n512__seed20260823__blocked_panel_local__scpp/runs.csv,replicated,3,1
CP,unblocked_rank1,1,normal,512,20260823,d157af7587a5ed2c,0,1.00999999,6,completed,243.87528,243.87612915,sampled_fp64_32x32,0.00860411505858,5.36696501221,0.99658203125,0,508,502,0,0,0,0,0,0,0,0,0,normal__n512__seed20260823__unblocked_rank1__cp/runs.csv,replicated,3,1
CP,unblocked_rank1,1,normal,512,20260823,d157af7587a5ed2c,1,1.00999999,6,completed,244.982684,244.983612061,sampled_fp64_32x32,0.00860411505858,5.36696501221,0.99658203125,0,508,502,0,0,0,0,0,0,0,0,0,normal__n512__seed20260823__unblocked_rank1__cp/runs.csv,replicated,3,1
CP,unblocked_rank1,1,normal,512,20260823,d157af7587a5ed2c,2,1.00999999,6,completed,240.642971,240.644348145,sampled_fp64_32x32,0.00860411505858,5.36696501221,0.99658203125,0,508,502,0,0,0,0,0,0,0,0,0,normal__n512__seed20260823__unblocked_rank1__cp/runs.csv,replicated,3,1
DP,unblocked_rank1,1,normal,512,20260823,d157af7587a5ed2c,0,1.00999999,6,completed,35.362974,35.3622093201,sampled_fp64_32x32,0.014761757493,17.4060211554,0.990234375,0,505,29,29,0,0,0,0,0,0,0,0,normal__n512__seed20260823__unblocked_rank1__dp/runs.csv,replicated,3,1
DP,unblocked_rank1,1,normal,512,20260823,d157af7587a5ed2c,1,1.00999999,6,completed,35.394722,35.3937606812,sampled_fp64_32x32,0.014761757493,17.4060211554,0.990234375,0,505,29,29,0,0,0,0,0,0,0,0,normal__n512__seed20260823__unblocked_rank1__dp/runs.csv,replicated,3,1
DP,unblocked_rank1,1,normal,512,20260823,d157af7587a5ed2c,2,1.00999999,6,completed,35.380139,35.3798065186,sampled_fp64_32x32,0.014761757493,17.4060211554,0.990234375,0,505,29,29,0,0,0,0,0,0,0,0,normal__n512__seed20260823__unblocked_rank1__dp/runs.csv,replicated,3,1
GP,unblocked_rank1,1,normal,512,20260823,d157af7587a5ed2c,0,1.00999999,6,completed,35.604261,35.603553772,sampled_fp64_32x32,0.0171756484491,11.0463791701,1.009765625,0,508,0,0,0,36,24,0,0,0,0,0,normal__n512__seed20260823__unblocked_rank1__gp/runs.csv,replicated,3,1
GP,unblocked_rank1,1,normal,512,20260823,d157af7587a5ed2c,1,1.00999999,6,completed,35.615659,35.6145935059,sampled_fp64_32x32,0.0171756484491,11.0463791701,1.009765625,0,508,0,0,0,36,24,0,0,0,0,0,normal__n512__seed20260823__unblocked_rank1__gp/runs.csv,replicated,3,1
GP,unblocked_rank1,1,normal,512,20260823,d157af7587a5ed2c,2,1.00999999,6,completed,35.443753,35.4431343079,sampled_fp64_32x32,0.0171756484491,11.0463791701,1.009765625,0,508,0,0,0,36,24,0,0,0,0,0,normal__n512__seed20260823__unblocked_rank1__gp/runs.csv,replicated,3,1
PP,unblocked_rank1,1,normal,512,20260823,d157af7587a5ed2c,0,1.00999999,6,completed,35.520236,35.5199356079,sampled_fp64_32x32,0.0169047845255,12.9796582587,1,0,506,0,0,0,0,0,0,0,0,0,0,normal__n512__seed20260823__unblocked_rank1__pp/runs.csv,replicated,3,1
PP,unblocked_rank1,1,normal,512,20260823,d157af7587a5ed2c,1,1.00999999,6,completed,34.726991,34.7268791199,sampled_fp64_32x32,0.0169047845255,12.9796582587,1,0,506,0,0,0,0,0,0,0,0,0,0,normal__n512__seed20260823__unblocked_rank1__pp/runs.csv,replicated,3,1
PP,unblocked_rank1,1,normal,512,20260823,d157af7587a5ed2c,2,1.00999999,6,completed,34.600458,34.600353241,sampled_fp64_32x32,0.0169047845255,12.9796582587,1,0,506,0,0,0,0,0,0,0,0,0,0,normal__n512__seed20260823__unblocked_rank1__pp/runs.csv,replicated,3,1
RP,unblocked_rank1,1,normal,512,20260823,d157af7587a5ed2c,0,1.00999999,6,completed,50.547294,50.5474243164,sampled_fp64_32x32,0.0250370520285,6.85435313263,1,0,506,371,0,0,0,0,0,0,0,960,0,normal__n512__seed20260823__unblocked_rank1__rp/runs.csv,replicated,3,1
RP,unblocked_rank1,1,normal,512,20260823,d157af7587a5ed2c,1,1.00999999,6,completed,50.879338,50.8787193298,sampled_fp64_32x32,0.0250370520285,6.85435313263,1,0,506,371,0,0,0,0,0,0,0,960,0,normal__n512__seed20260823__unblocked_rank1__rp/runs.csv,replicated,3,1
RP,unblocked_rank1,1,normal,512,20260823,d157af7587a5ed2c,2,1.00999999,6,completed,50.513165,50.5132789612,sampled_fp64_32x32,0.0250370520285,6.85435313263,1,0,506,371,0,0,0,0,0,0,0,960,0,normal__n512__seed20260823__unblocked_rank1__rp/runs.csv,replicated,3,1
ScaP,unblocked_rank1,1,normal,512,20260823,d157af7587a5ed2c,0,1.00999999,6,completed,44.912961,44.9125442505,sampled_fp64_32x32,0.0181231496211,9.08706265256,1,0,508,251,0,0,0,0,260,193,58,0,0,normal__n512__seed20260823__unblocked_rank1__scap/runs.csv,replicated,3,1
ScaP,unblocked_rank1,1,normal,512,20260823,d157af7587a5ed2c,1,1.00999999,6,completed,44.86441,44.8638381958,sampled_fp64_32x32,0.0181231496211,9.08706265256,1,0,508,251,0,0,0,0,260,193,58,0,0,normal__n512__seed20260823__unblocked_rank1__scap/runs.csv,replicated,3,1
ScaP,unblocked_rank1,1,normal,512,20260823,d157af7587a5ed2c,2,1.00999999,6,completed,44.829152,44.8291854858,sampled_fp64_32x32,0.0181231496211,9.08706265256,1,0,508,251,0,0,0,0,260,193,58,0,0,normal__n512__seed20260823__unblocked_rank1__scap/runs.csv,replicated,3,1
ScPP,unblocked_rank1,1,normal,512,20260823,d157af7587a5ed2c,0,1.00999999,6,completed,34.629537,34.6285438538,sampled_fp64_32x32,0.0179301178379,14.8543531326,1.4267578125,0,504,0,0,0,0,0,0,0,0,0,0,normal__n512__seed20260823__unblocked_rank1__scpp/runs.csv,replicated,3,1
ScPP,unblocked_rank1,1,normal,512,20260823,d157af7587a5ed2c,1,1.00999999,6,completed,34.68375,34.6833267212,sampled_fp64_32x32,0.0179301178379,14.8543531326,1.4267578125,0,504,0,0,0,0,0,0,0,0,0,0,normal__n512__seed20260823__unblocked_rank1__scpp/runs.csv,replicated,3,1
ScPP,unblocked_rank1,1,normal,512,20260823,d157af7587a5ed2c,2,1.00999999,6,completed,34.616662,34.6161613464,sampled_fp64_32x32,0.0179301178379,14.8543531326,1.4267578125,0,504,0,0,0,0,0,0,0,0,0,0,normal__n512__seed20260823__unblocked_rank1__scpp/runs.csv,replicated,3,1
CP,blocked_panel_local,64,normal,512,20260824,3e97e91f2ec389bb,0,1.00999999,6,completed,155.350654,155.351303101,sampled_fp64_32x32,0.0122804599905,8.8126561199,1,0,504,474,0,0,0,0,0,0,0,0,0,normal__n512__seed20260824__blocked_panel_local__cp/runs.csv,replicated,3,1
CP,blocked_panel_local,64,normal,512,20260824,3e97e91f2ec389bb,1,1.00999999,6,completed,155.746498,155.747009277,sampled_fp64_32x32,0.0122804599905,8.8126561199,1,0,504,474,0,0,0,0,0,0,0,0,0,normal__n512__seed20260824__blocked_panel_local__cp/runs.csv,replicated,3,1
CP,blocked_panel_local,64,normal,512,20260824,3e97e91f2ec389bb,2,1.00999999,6,completed,159.96535,159.965957642,sampled_fp64_32x32,0.0122804599905,8.8126561199,1,0,504,474,0,0,0,0,0,0,0,0,0,normal__n512__seed20260824__blocked_panel_local__cp/runs.csv,replicated,3,1
DP,blocked_panel_local,64,normal,512,20260824,3e97e91f2ec389bb,0,1.00999999,6,completed,40.424057,40.4233283997,sampled_fp64_32x32,0.0187231916643,13.5087427144,0.9892578125,0,506,39,39,0,0,0,0,0,0,0,0,normal__n512__seed20260824__blocked_panel_local__dp/runs.csv,replicated,3,1
DP,blocked_panel_local,64,normal,512,20260824,3e97e91f2ec389bb,1,1.00999999,6,completed,40.445187,40.444480896,sampled_fp64_32x32,0.0187231916643,13.5087427144,0.9892578125,0,506,39,39,0,0,0,0,0,0,0,0,normal__n512__seed20260824__blocked_panel_local__dp/runs.csv,replicated,3,1
DP,blocked_panel_local,64,normal,512,20260824,3e97e91f2ec389bb,2,1.00999999,6,completed,40.387062,40.3869438171,sampled_fp64_32x32,0.0187231916643,13.5087427144,0.9892578125,0,506,39,39,0,0,0,0,0,0,0,0,normal__n512__seed20260824__blocked_panel_local__dp/runs.csv,replicated,3,1
GP,blocked_panel_local,64,normal,512,20260824,3e97e91f2ec389bb,0,1.00999999,6,completed,40.024052,40.0232315063,sampled_fp64_32x32,0.0210124902657,13.8151540383,1.009765625,0,505,0,0,0,35,18,0,0,0,0,0,normal__n512__seed20260824__blocked_panel_local__gp/runs.csv,replicated,3,1
GP,blocked_panel_local,64,normal,512,20260824,3e97e91f2ec389bb,1,1.00999999,6,completed,40.099549,40.0985603333,sampled_fp64_32x32,0.0210124902657,13.8151540383,1.009765625,0,505,0,0,0,35,18,0,0,0,0,0,normal__n512__seed20260824__blocked_panel_local__gp/runs.csv,replicated,3,1
GP,blocked_panel_local,64,normal,512,20260824,3e97e91f2ec389bb,2,1.00999999,6,completed,40.02883,40.0280952454,sampled_fp64_32x32,0.0210124902657,13.8151540383,1.009765625,0,505,0,0,0,35,18,0,0,0,0,0,normal__n512__seed20260824__blocked_panel_local__gp/runs.csv,replicated,3,1
PP,blocked_panel_local,64,normal,512,20260824,3e97e91f2ec389bb,0,1.00999999,6,completed,40.021186,40.0204162598,sampled_fp64_32x32,0.0170713353752,11.696919234,1,0,507,0,0,0,0,0,0,0,0,0,0,normal__n512__seed20260824__blocked_panel_local__pp/runs.csv,replicated,3,1
PP,blocked_panel_local,64,normal,512,20260824,3e97e91f2ec389bb,1,1.00999999,6,completed,39.18312,39.1827850342,sampled_fp64_32x32,0.0170713353752,11.696919234,1,0,507,0,0,0,0,0,0,0,0,0,0,normal__n512__seed20260824__blocked_panel_local__pp/runs.csv,replicated,3,1
PP,blocked_panel_local,64,normal,512,20260824,3e97e91f2ec389bb,2,1.00999999,6,completed,39.046303,39.0461425781,sampled_fp64_32x32,0.0170713353752,11.696919234,1,0,507,0,0,0,0,0,0,0,0,0,0,normal__n512__seed20260824__blocked_panel_local__pp/runs.csv,replicated,3,1
RP,blocked_panel_local,64,normal,512,20260824,3e97e91f2ec389bb,0,1.00999999,6,completed,47.973279,47.9726409912,sampled_fp64_32x32,0.0157744767838,10.9575353872,1,0,507,195,0,0,0,0,0,0,0,723,0,normal__n512__seed20260824__blocked_panel_local__rp/runs.csv,replicated,3,1
RP,blocked_panel_local,64,normal,512,20260824,3e97e91f2ec389bb,1,1.00999999,6,completed,47.997984,47.9980812073,sampled_fp64_32x32,0.0157744767838,10.9575353872,1,0,507,195,0,0,0,0,0,0,0,723,0,normal__n512__seed20260824__blocked_panel_local__rp/runs.csv,replicated,3,1
RP,blocked_panel_local,64,normal,512,20260824,3e97e91f2ec389bb,2,1.00999999,6,completed,47.988577,47.9884147644,sampled_fp64_32x32,0.0157744767838,10.9575353872,1,0,507,195,0,0,0,0,0,0,0,723,0,normal__n512__seed20260824__blocked_panel_local__rp/runs.csv,replicated,3,1
ScaP,blocked_panel_local,64,normal,512,20260824,3e97e91f2ec389bb,0,1.00999999,6,completed,49.994279,49.994430542,sampled_fp64_32x32,0.0138709809252,11.2106577852,0.9990234375,0,498,285,0,0,0,0,226,223,62,0,0,normal__n512__seed20260824__blocked_panel_local__scap/runs.csv,replicated,3,1
ScaP,blocked_panel_local,64,normal,512,20260824,3e97e91f2ec389bb,1,1.00999999,6,completed,49.580389,49.5801925659,sampled_fp64_32x32,0.0138709809252,11.2106577852,0.9990234375,0,498,285,0,0,0,0,226,223,62,0,0,normal__n512__seed20260824__blocked_panel_local__scap/runs.csv,replicated,3,1
ScaP,blocked_panel_local,64,normal,512,20260824,3e97e91f2ec389bb,2,1.00999999,6,completed,49.458338,49.4581108093,sampled_fp64_32x32,0.0138709809252,11.2106577852,0.9990234375,0,498,285,0,0,0,0,226,223,62,0,0,normal__n512__seed20260824__blocked_panel_local__scap/runs.csv,replicated,3,1
ScPP,blocked_panel_local,64,normal,512,20260824,3e97e91f2ec389bb,0,1.00999999,6,completed,39.414168,39.4135665894,sampled_fp64_32x32,0.0175814069767,18.0116569525,1.462890625,0,505,0,0,0,0,0,0,0,0,0,0,normal__n512__seed20260824__blocked_panel_local__scpp/runs.csv,replicated,3,1
ScPP,blocked_panel_local,64,normal,512,20260824,3e97e91f2ec389bb,1,1.00999999,6,completed,39.683282,39.6832008362,sampled_fp64_32x32,0.0175814069767,18.0116569525,1.462890625,0,505,0,0,0,0,0,0,0,0,0,0,normal__n512__seed20260824__blocked_panel_local__scpp/runs.csv,replicated,3,1
ScPP,blocked_panel_local,64,normal,512,20260824,3e97e91f2ec389bb,2,1.00999999,6,completed,39.506862,39.5063667297,sampled_fp64_32x32,0.0175814069767,18.0116569525,1.462890625,0,505,0,0,0,0,0,0,0,0,0,0,normal__n512__seed20260824__blocked_panel_local__scpp/runs.csv,replicated,3,1
CP,unblocked_rank1,1,normal,512,20260824,3e97e91f2ec389bb,0,1.00999999,6,completed,239.538187,239.538848877,sampled_fp64_32x32,0.00920565023113,5.28226477935,0.99853515625,0,505,509,0,0,0,0,0,0,0,0,0,normal__n512__seed20260824__unblocked_rank1__cp/runs.csv,replicated,3,1
CP,unblocked_rank1,1,normal,512,20260824,3e97e91f2ec389bb,1,1.00999999,6,completed,239.05818,239.059356689,sampled_fp64_32x32,0.00920565023113,5.28226477935,0.99853515625,0,505,509,0,0,0,0,0,0,0,0,0,normal__n512__seed20260824__unblocked_rank1__cp/runs.csv,replicated,3,1
CP,unblocked_rank1,1,normal,512,20260824,3e97e91f2ec389bb,2,1.00999999,6,completed,239.672545,239.673370361,sampled_fp64_32x32,0.00920565023113,5.28226477935,0.99853515625,0,505,509,0,0,0,0,0,0,0,0,0,normal__n512__seed20260824__unblocked_rank1__cp/runs.csv,replicated,3,1
DP,unblocked_rank1,1,normal,512,20260824,3e97e91f2ec389bb,0,1.00999999,6,completed,35.501081,35.5002555847,sampled_fp64_32x32,0.0187231916643,13.5087427144,0.9892578125,0,506,39,39,0,0,0,0,0,0,0,0,normal__n512__seed20260824__unblocked_rank1__dp/runs.csv,replicated,3,1
DP,unblocked_rank1,1,normal,512,20260824,3e97e91f2ec389bb,1,1.00999999,6,completed,35.541764,35.5413742065,sampled_fp64_32x32,0.0187231916643,13.5087427144,0.9892578125,0,506,39,39,0,0,0,0,0,0,0,0,normal__n512__seed20260824__unblocked_rank1__dp/runs.csv,replicated,3,1
DP,unblocked_rank1,1,normal,512,20260824,3e97e91f2ec389bb,2,1.00999999,6,completed,35.583201,35.5824623108,sampled_fp64_32x32,0.0187231916643,13.5087427144,0.9892578125,0,506,39,39,0,0,0,0,0,0,0,0,normal__n512__seed20260824__unblocked_rank1__dp/runs.csv,replicated,3,1
GP,unblocked_rank1,1,normal,512,20260824,3e97e91f2ec389bb,0,1.00999999,6,completed,35.554661,35.5544013977,sampled_fp64_32x32,0.0227868364846,15.7601998335,1.009765625,0,503,0,0,0,40,17,0,0,0,0,0,normal__n512__seed20260824__unblocked_rank1__gp/runs.csv,replicated,3,1
GP,unblocked_rank1,1,normal,512,20260824,3e97e91f2ec389bb,1,1.00999999,6,completed,35.637499,35.6367034912,sampled_fp64_32x32,0.0227868364846,15.7601998335,1.009765625,0,503,0,0,0,40,17,0,0,0,0,0,normal__n512__seed20260824__unblocked_rank1__gp/runs.csv,replicated,3,1
GP,unblocked_rank1,1,normal,512,20260824,3e97e91f2ec389bb,2,1.00999999,6,completed,35.516995,35.5168304443,sampled_fp64_32x32,0.0227868364846,15.7601998335,1.009765625,0,503,0,0,0,40,17,0,0,0,0,0,normal__n512__seed20260824__unblocked_rank1__gp/runs.csv,replicated,3,1
PP,unblocked_rank1,1,normal,512,20260824,3e97e91f2ec389bb,0,1.00999999,6,completed,34.544217,34.5424957275,sampled_fp64_32x32,0.0170713353752,11.696919234,1,0,507,0,0,0,0,0,0,0,0,0,0,normal__n512__seed20260824__unblocked_rank1__pp/runs.csv,replicated,3,1
PP,unblocked_rank1,1,normal,512,20260824,3e97e91f2ec389bb,1,1.00999999,6,completed,34.650409,34.6501121521,sampled_fp64_32x32,0.0170713353752,11.696919234,1,0,507,0,0,0,0,0,0,0,0,0,0,normal__n512__seed20260824__unblocked_rank1__pp/runs.csv,replicated,3,1
PP,unblocked_rank1,1,normal,512,20260824,3e97e91f2ec389bb,2,1.00999999,6,completed,34.548762,34.5483207703,sampled_fp64_32x32,0.0170713353752,11.696919234,1,0,507,0,0,0,0,0,0,0,0,0,0,normal__n512__seed20260824__unblocked_rank1__pp/runs.csv,replicated,3,1
RP,unblocked_rank1,1,normal,512,20260824,3e97e91f2ec389bb,0,1.00999999,6,completed,50.040696,50.0389442444,sampled_fp64_32x32,0.0134908974983,7.30058284763,0.9990234375,0,505,370,0,0,0,0,0,0,0,940,0,normal__n512__seed20260824__unblocked_rank1__rp/runs.csv,replicated,3,1
RP,unblocked_rank1,1,normal,512,20260824,3e97e91f2ec389bb,1,1.00999999,6,completed,50.114587,50.1137924194,sampled_fp64_32x32,0.0134908974983,7.30058284763,0.9990234375,0,505,370,0,0,0,0,0,0,0,940,0,normal__n512__seed20260824__unblocked_rank1__rp/runs.csv,replicated,3,1
RP,unblocked_rank1,1,normal,512,20260824,3e97e91f2ec389bb,2,1.00999999,6,completed,50.294996,50.2949752808,sampled_fp64_32x32,0.0134908974983,7.30058284763,0.9990234375,0,505,370,0,0,0,0,0,0,0,940,0,normal__n512__seed20260824__unblocked_rank1__rp/runs.csv,replicated,3,1
ScaP,unblocked_rank1,1,normal,512,20260824,3e97e91f2ec389bb,0,1.00999999,6,completed,44.997217,44.9965133667,sampled_fp64_32x32,0.0186226954086,12.935886761,1,0,503,277,0,0,0,0,234,213,64,0,0,normal__n512__seed20260824__unblocked_rank1__scap/runs.csv,replicated,3,1
ScaP,unblocked_rank1,1,normal,512,20260824,3e97e91f2ec389bb,1,1.00999999,6,completed,45.073218,45.0731201172,sampled_fp64_32x32,0.0186226954086,12.935886761,1,0,503,277,0,0,0,0,234,213,64,0,0,normal__n512__seed20260824__unblocked_rank1__scap/runs.csv,replicated,3,1
ScaP,unblocked_rank1,1,normal,512,20260824,3e97e91f2ec389bb,2,1.00999999,6,completed,44.867819,44.8671684265,sampled_fp64_32x32,0.0186226954086,12.935886761,1,0,503,277,0,0,0,0,234,213,64,0,0,normal__n512__seed20260824__unblocked_rank1__scap/runs.csv,replicated,3,1
ScPP,unblocked_rank1,1,normal,512,20260824,3e97e91f2ec389bb,0,1.00999999,6,completed,34.421952,34.4224967957,sampled_fp64_32x32,0.0175814069767,18.0116569525,1.462890625,0,505,0,0,0,0,0,0,0,0,0,0,normal__n512__seed20260824__unblocked_rank1__scpp/runs.csv,replicated,3,1
ScPP,unblocked_rank1,1,normal,512,20260824,3e97e91f2ec389bb,1,1.00999999,6,completed,34.498946,34.4985923767,sampled_fp64_32x32,0.0175814069767,18.0116569525,1.462890625,0,505,0,0,0,0,0,0,0,0,0,0,normal__n512__seed20260824__unblocked_rank1__scpp/runs.csv,replicated,3,1
ScPP,unblocked_rank1,1,normal,512,20260824,3e97e91f2ec389bb,2,1.00999999,6,completed,34.43285,34.432384491,sampled_fp64_32x32,0.0175814069767,18.0116569525,1.462890625,0,505,0,0,0,0,0,0,0,0,0,0,normal__n512__seed20260824__unblocked_rank1__scpp/runs.csv,replicated,3,1
CP,blocked_panel_local,64,normal,512,20260825,6f4fbc5db1276efd,0,1.00999999,6,completed,155.179389,155.179260254,sampled_fp64_32x32,0.0107444002891,8.86930091185,0.99951171875,0,506,473,0,0,0,0,0,0,0,0,0,normal__n512__seed20260825__blocked_panel_local__cp/runs.csv,replicated,3,1
CP,blocked_panel_local,64,normal,512,20260825,6f4fbc5db1276efd,1,1.00999999,6,completed,155.074675,155.074432373,sampled_fp64_32x32,0.0107444002891,8.86930091185,0.99951171875,0,506,473,0,0,0,0,0,0,0,0,0,normal__n512__seed20260825__blocked_panel_local__cp/runs.csv,replicated,3,1
CP,blocked_panel_local,64,normal,512,20260825,6f4fbc5db1276efd,2,1.00999999,6,completed,153.285721,153.286178589,sampled_fp64_32x32,0.0107444002891,8.86930091185,0.99951171875,0,506,473,0,0,0,0,0,0,0,0,0,normal__n512__seed20260825__blocked_panel_local__cp/runs.csv,replicated,3,1
DP,blocked_panel_local,64,normal,512,20260825,6f4fbc5db1276efd,0,1.00999999,6,completed,40.196208,40.1960945129,sampled_fp64_32x32,0.0216362619029,11.5927051672,0.99169921875,0,505,42,42,1,0,0,0,0,0,0,0,normal__n512__seed20260825__blocked_panel_local__dp/runs.csv,replicated,3,1
DP,blocked_panel_local,64,normal,512,20260825,6f4fbc5db1276efd,1,1.00999999,6,completed,40.322643,40.3220787048,sampled_fp64_32x32,0.0216362619029,11.5927051672,0.99169921875,0,505,42,42,1,0,0,0,0,0,0,0,normal__n512__seed20260825__blocked_panel_local__dp/runs.csv,replicated,3,1
DP,blocked_panel_local,64,normal,512,20260825,6f4fbc5db1276efd,2,1.00999999,6,completed,40.284454,40.2835845947,sampled_fp64_32x32,0.0216362619029,11.5927051672,0.99169921875,0,505,42,42,1,0,0,0,0,0,0,0,normal__n512__seed20260825__blocked_panel_local__dp/runs.csv,replicated,3,1
GP,blocked_panel_local,64,normal,512,20260825,6f4fbc5db1276efd,0,1.00999999,6,completed,40.211718,40.2111053467,sampled_fp64_32x32,0.016545831153,12.9483282675,1.0087890625,0,504,0,0,0,43,25,0,0,0,0,0,normal__n512__seed20260825__blocked_panel_local__gp/runs.csv,replicated,3,1
GP,blocked_panel_local,64,normal,512,20260825,6f4fbc5db1276efd,1,1.00999999,6,completed,40.159075,40.1590080261,sampled_fp64_32x32,0.016545831153,12.9483282675,1.0087890625,0,504,0,0,0,43,25,0,0,0,0,0,normal__n512__seed20260825__blocked_panel_local__gp/runs.csv,replicated,3,1
GP,blocked_panel_local,64,normal,512,20260825,6f4fbc5db1276efd,2,1.00999999,6,completed,40.555128,40.5541763306,sampled_fp64_32x32,0.016545831153,12.9483282675,1.0087890625,0,504,0,0,0,43,25,0,0,0,0,0,normal__n512__seed20260825__blocked_panel_local__gp/runs.csv,replicated,3,1
PP,blocked_panel_local,64,normal,512,20260825,6f4fbc5db1276efd,0,1.00999999,6,completed,39.654745,39.65391922,sampled_fp64_32x32,0.0187813613102,10.8571428571,1,0,505,0,0,0,0,0,0,0,0,0,0,normal__n512__seed20260825__blocked_panel_local__pp/runs.csv,replicated,3,1
PP,blocked_panel_local,64,normal,512,20260825,6f4fbc5db1276efd,1,1.00999999,6,completed,40.221716,40.2212142944,sampled_fp64_32x32,0.0187813613102,10.8571428571,1,0,505,0,0,0,0,0,0,0,0,0,0,normal__n512__seed20260825__blocked_panel_local__pp/runs.csv,replicated,3,1
PP,blocked_panel_local,64,normal,512,20260825,6f4fbc5db1276efd,2,1.00999999,6,completed,40.414465,40.4136657715,sampled_fp64_32x32,0.0187813613102,10.8571428571,1,0,505,0,0,0,0,0,0,0,0,0,0,normal__n512__seed20260825__blocked_panel_local__pp/runs.csv,replicated,3,1
RP,blocked_panel_local,64,normal,512,20260825,6f4fbc5db1276efd,0,1.00999999,6,completed,48.05054,48.0500793457,sampled_fp64_32x32,0.0141973944469,9.7811550152,0.99951171875,0,506,186,0,0,0,0,0,0,0,714,0,normal__n512__seed20260825__blocked_panel_local__rp/runs.csv,replicated,3,1
RP,blocked_panel_local,64,normal,512,20260825,6f4fbc5db1276efd,1,1.00999999,6,completed,47.936723,47.9362869263,sampled_fp64_32x32,0.0141973944469,9.7811550152,0.99951171875,0,506,186,0,0,0,0,0,0,0,714,0,normal__n512__seed20260825__blocked_panel_local__rp/runs.csv,replicated,3,1
RP,blocked_panel_local,64,normal,512,20260825,6f4fbc5db1276efd,2,1.00999999,6,completed,48.040363,48.0397109985,sampled_fp64_32x32,0.0141973944469,9.7811550152,0.99951171875,0,506,186,0,0,0,0,0,0,0,714,0,normal__n512__seed20260825__blocked_panel_local__rp/runs.csv,replicated,3,1
ScaP,blocked_panel_local,64,normal,512,20260825,6f4fbc5db1276efd,0,1.00999999,6,completed,49.923787,49.9237747192,sampled_fp64_32x32,0.019092571417,10.0911854103,1,0,505,276,0,0,0,0,235,196,80,0,0,normal__n512__seed20260825__blocked_panel_local__scap/runs.csv,replicated,3,1
ScaP,blocked_panel_local,64,normal,512,20260825,6f4fbc5db1276efd,1,1.00999999,6,completed,49.967522,49.9663352966,sampled_fp64_32x32,0.019092571417,10.0911854103,1,0,505,276,0,0,0,0,235,196,80,0,0,normal__n512__seed20260825__blocked_panel_local__scap/runs.csv,replicated,3,1
ScaP,blocked_panel_local,64,normal,512,20260825,6f4fbc5db1276efd,2,1.00999999,6,completed,49.717995,49.7181129456,sampled_fp64_32x32,0.019092571417,10.0911854103,1,0,505,276,0,0,0,0,235,196,80,0,0,normal__n512__seed20260825__blocked_panel_local__scap/runs.csv,replicated,3,1
ScPP,blocked_panel_local,64,normal,512,20260825,6f4fbc5db1276efd,0,1.00999999,6,completed,40.184998,40.18409729,sampled_fp64_32x32,0.0153195173207,11.6534954407,1.41796875,0,504,0,0,0,0,0,0,0,0,0,0,normal__n512__seed20260825__blocked_panel_local__scpp/runs.csv,replicated,3,1
ScPP,blocked_panel_local,64,normal,512,20260825,6f4fbc5db1276efd,1,1.00999999,6,completed,40.239726,40.2397117615,sampled_fp64_32x32,0.0153195173207,11.6534954407,1.41796875,0,504,0,0,0,0,0,0,0,0,0,0,normal__n512__seed20260825__blocked_panel_local__scpp/runs.csv,replicated,3,1
ScPP,blocked_panel_local,64,normal,512,20260825,6f4fbc5db1276efd,2,1.00999999,6,completed,40.162616,40.1622085571,sampled_fp64_32x32,0.0153195173207,11.6534954407,1.41796875,0,504,0,0,0,0,0,0,0,0,0,0,normal__n512__seed20260825__blocked_panel_local__scpp/runs.csv,replicated,3,1
CP,unblocked_rank1,1,normal,512,20260825,6f4fbc5db1276efd,0,1.00999999,6,completed,240.043919,240.045318604,sampled_fp64_32x32,0.00805774041222,4.54711246201,0.99853515625,0,506,505,0,0,0,0,0,0,0,0,0,normal__n512__seed20260825__unblocked_rank1__cp/runs.csv,replicated,3,1
CP,unblocked_rank1,1,normal,512,20260825,6f4fbc5db1276efd,1,1.00999999,6,completed,241.190626,241.191680908,sampled_fp64_32x32,0.00805774041222,4.54711246201,0.99853515625,0,506,505,0,0,0,0,0,0,0,0,0,normal__n512__seed20260825__unblocked_rank1__cp/runs.csv,replicated,3,1
CP,unblocked_rank1,1,normal,512,20260825,6f4fbc5db1276efd,2,1.00999999,6,completed,246.09574,246.096603394,sampled_fp64_32x32,0.00805774041222,4.54711246201,0.99853515625,0,506,505,0,0,0,0,0,0,0,0,0,normal__n512__seed20260825__unblocked_rank1__cp/runs.csv,replicated,3,1
DP,unblocked_rank1,1,normal,512,20260825,6f4fbc5db1276efd,0,1.00999999,6,completed,36.310855,36.3100471497,sampled_fp64_32x32,0.0169819350038,14.4559270517,0.98974609375,0,505,47,47,0,0,0,0,0,0,0,0,normal__n512__seed20260825__unblocked_rank1__dp/runs.csv,replicated,3,1
DP,unblocked_rank1,1,normal,512,20260825,6f4fbc5db1276efd,1,1.00999999,6,completed,35.627438,35.6264648438,sampled_fp64_32x32,0.0169819350038,14.4559270517,0.98974609375,0,505,47,47,0,0,0,0,0,0,0,0,normal__n512__seed20260825__unblocked_rank1__dp/runs.csv,replicated,3,1
DP,unblocked_rank1,1,normal,512,20260825,6f4fbc5db1276efd,2,1.00999999,6,completed,35.542057,35.541343689,sampled_fp64_32x32,0.0169819350038,14.4559270517,0.98974609375,0,505,47,47,0,0,0,0,0,0,0,0,normal__n512__seed20260825__unblocked_rank1__dp/runs.csv,replicated,3,1
GP,unblocked_rank1,1,normal,512,20260825,6f4fbc5db1276efd,0,1.00999999,6,completed,35.820467,35.8192977905,sampled_fp64_32x32,0.0202736621513,12.7902735562,1.0087890625,0,507,0,0,0,47,17,0,0,0,0,0,normal__n512__seed20260825__unblocked_rank1__gp/runs.csv,replicated,3,1
GP,unblocked_rank1,1,normal,512,20260825,6f4fbc5db1276efd,1,1.00999999,6,completed,35.711292,35.710849762,sampled_fp64_32x32,0.0202736621513,12.7902735562,1.0087890625,0,507,0,0,0,47,17,0,0,0,0,0,normal__n512__seed20260825__unblocked_rank1__gp/runs.csv,replicated,3,1
GP,unblocked_rank1,1,normal,512,20260825,6f4fbc5db1276efd,2,1.00999999,6,completed,35.657309,35.6562576294,sampled_fp64_32x32,0.0202736621513,12.7902735562,1.0087890625,0,507,0,0,0,47,17,0,0,0,0,0,normal__n512__seed20260825__unblocked_rank1__gp/runs.csv,replicated,3,1
PP,unblocked_rank1,1,normal,512,20260825,6f4fbc5db1276efd,0,1.00999999,6,completed,34.552421,34.5526390076,sampled_fp64_32x32,0.0187813613102,12.103343465,1,0,505,0,0,0,0,0,0,0,0,0,0,normal__n512__seed20260825__unblocked_rank1__pp/runs.csv,replicated,3,1
PP,unblocked_rank1,1,normal,512,20260825,6f4fbc5db1276efd,1,1.00999999,6,completed,34.498564,34.4981765747,sampled_fp64_32x32,0.0187813613102,12.103343465,1,0,505,0,0,0,0,0,0,0,0,0,0,normal__n512__seed20260825__unblocked_rank1__pp/runs.csv,replicated,3,1
PP,unblocked_rank1,1,normal,512,20260825,6f4fbc5db1276efd,2,1.00999999,6,completed,34.567845,34.5672645569,sampled_fp64_32x32,0.0187813613102,12.103343465,1,0,505,0,0,0,0,0,0,0,0,0,0,normal__n512__seed20260825__unblocked_rank1__pp/runs.csv,replicated,3,1
RP,unblocked_rank1,1,normal,512,20260825,6f4fbc5db1276efd,0,1.00999999,6,completed,50.402797,50.4024963379,sampled_fp64_32x32,0.0146354756493,6.18844984802,1,0,504,370,0,0,0,0,0,0,0,957,0,normal__n512__seed20260825__unblocked_rank1__rp/runs.csv,replicated,3,1
RP,unblocked_rank1,1,normal,512,20260825,6f4fbc5db1276efd,1,1.00999999,6,completed,51.183687,51.1832008362,sampled_fp64_32x32,0.0146354756493,6.18844984802,1,0,504,370,0,0,0,0,0,0,0,957,0,normal__n512__seed20260825__unblocked_rank1__rp/runs.csv,replicated,3,1
RP,unblocked_rank1,1,normal,512,20260825,6f4fbc5db1276efd,2,1.00999999,6,completed,51.098082,51.0970573425,sampled_fp64_32x32,0.0146354756493,6.18844984802,1,0,504,370,0,0,0,0,0,0,0,957,0,normal__n512__seed20260825__unblocked_rank1__rp/runs.csv,replicated,3,1
ScaP,unblocked_rank1,1,normal,512,20260825,6f4fbc5db1276efd,0,1.00999999,6,completed,45.251901,45.2511672974,sampled_fp64_32x32,0.0133449018679,8.0547112462,1,0,507,277,0,0,0,0,234,220,57,0,0,normal__n512__seed20260825__unblocked_rank1__scap/runs.csv,replicated,3,1
ScaP,unblocked_rank1,1,normal,512,20260825,6f4fbc5db1276efd,1,1.00999999,6,completed,45.378466,45.378112793,sampled_fp64_32x32,0.0133449018679,8.0547112462,1,0,507,277,0,0,0,0,234,220,57,0,0,normal__n512__seed20260825__unblocked_rank1__scap/runs.csv,replicated,3,1
ScaP,unblocked_rank1,1,normal,512,20260825,6f4fbc5db1276efd,2,1.00999999,6,completed,45.151458,45.1504631042,sampled_fp64_32x32,0.0133449018679,8.0547112462,1,0,507,277,0,0,0,0,234,220,57,0,0,normal__n512__seed20260825__unblocked_rank1__scap/runs.csv,replicated,3,1
ScPP,unblocked_rank1,1,normal,512,20260825,6f4fbc5db1276efd,0,1.00999999,6,completed,34.470508,34.4695663452,sampled_fp64_32x32,0.0153195173207,13.2765957447,1.41796875,0,504,0,0,0,0,0,0,0,0,0,0,normal__n512__seed20260825__unblocked_rank1__scpp/runs.csv,replicated,3,1
ScPP,unblocked_rank1,1,normal,512,20260825,6f4fbc5db1276efd,1,1.00999999,6,completed,34.735791,34.7343673706,sampled_fp64_32x32,0.0153195173207,13.2765957447,1.41796875,0,504,0,0,0,0,0,0,0,0,0,0,normal__n512__seed20260825__unblocked_rank1__scpp/runs.csv,replicated,3,1
ScPP,unblocked_rank1,1,normal,512,20260825,6f4fbc5db1276efd,2,1.00999999,6,completed,34.448641,34.4483528137,sampled_fp64_32x32,0.0153195173207,13.2765957447,1.41796875,0,504,0,0,0,0,0,0,0,0,0,0,normal__n512__seed20260825__unblocked_rank1__scpp/runs.csv,replicated,3,1
CP,blocked_panel_local,64,uniform,1024,20260823,a4e772f4de51428c,0,1.00999999,6,completed,878.595768,878.600830078,sampled_fp64_32x32,0.0284291931603,18.453125,1,0,1015,950,0,0,0,0,0,0,0,0,0,uniform__n1024__seed20260823__blocked_panel_local__cp/runs.csv,replicated,3,1
CP,blocked_panel_local,64,uniform,1024,20260823,a4e772f4de51428c,1,1.00999999,6,completed,870.742098,870.747314453,sampled_fp64_32x32,0.0284291931603,18.453125,1,0,1015,950,0,0,0,0,0,0,0,0,0,uniform__n1024__seed20260823__blocked_panel_local__cp/runs.csv,replicated,3,1
CP,blocked_panel_local,64,uniform,1024,20260823,a4e772f4de51428c,2,1.00999999,6,completed,883.48949,883.494384766,sampled_fp64_32x32,0.0284291931603,18.453125,1,0,1015,950,0,0,0,0,0,0,0,0,0,uniform__n1024__seed20260823__blocked_panel_local__cp/runs.csv,replicated,3,1
DP,blocked_panel_local,64,uniform,1024,20260823,a4e772f4de51428c,0,1.00999999,6,completed,87.031184,87.0310058594,sampled_fp64_32x32,0.0370619027526,24.8125,0.99951171875,0,1019,86,86,2,0,0,0,0,0,0,0,uniform__n1024__seed20260823__blocked_panel_local__dp/runs.csv,replicated,3,1
DP,blocked_panel_local,64,uniform,1024,20260823,a4e772f4de51428c,1,1.00999999,6,completed,87.359418,87.3590393066,sampled_fp64_32x32,0.0370619027526,24.8125,0.99951171875,0,1019,86,86,2,0,0,0,0,0,0,0,uniform__n1024__seed20260823__blocked_panel_local__dp/runs.csv,replicated,3,1
DP,blocked_panel_local,64,uniform,1024,20260823,a4e772f4de51428c,2,1.00999999,6,completed,87.056689,87.0569915771,sampled_fp64_32x32,0.0370619027526,24.8125,0.99951171875,0,1019,86,86,2,0,0,0,0,0,0,0,uniform__n1024__seed20260823__blocked_panel_local__dp/runs.csv,replicated,3,1
GP,blocked_panel_local,64,uniform,1024,20260823,a4e772f4de51428c,0,1.00999999,6,completed,86.225479,86.225730896,sampled_fp64_32x32,0.0380347726633,24.984375,1.009765625,0,1017,0,0,0,97,48,0,0,0,0,0,uniform__n1024__seed20260823__blocked_panel_local__gp/runs.csv,replicated,3,1
GP,blocked_panel_local,64,uniform,1024,20260823,a4e772f4de51428c,1,1.00999999,6,completed,86.011104,86.0108795166,sampled_fp64_32x32,0.0380347726633,24.984375,1.009765625,0,1017,0,0,0,97,48,0,0,0,0,0,uniform__n1024__seed20260823__blocked_panel_local__gp/runs.csv,replicated,3,1
GP,blocked_panel_local,64,uniform,1024,20260823,a4e772f4de51428c,2,1.00999999,6,completed,86.068335,86.068321228,sampled_fp64_32x32,0.0380347726633,24.984375,1.009765625,0,1017,0,0,0,97,48,0,0,0,0,0,uniform__n1024__seed20260823__blocked_panel_local__gp/runs.csv,replicated,3,1
PP,blocked_panel_local,64,uniform,1024,20260823,a4e772f4de51428c,0,1.00999999,6,completed,83.866037,83.8659515381,sampled_fp64_32x32,0.0302828024724,24.78125,1,0,1019,0,0,0,0,0,0,0,0,0,0,uniform__n1024__seed20260823__blocked_panel_local__pp/runs.csv,replicated,3,1
PP,blocked_panel_local,64,uniform,1024,20260823,a4e772f4de51428c,1,1.00999999,6,completed,83.439802,83.4398727417,sampled_fp64_32x32,0.0302828024724,24.78125,1,0,1019,0,0,0,0,0,0,0,0,0,0,uniform__n1024__seed20260823__blocked_panel_local__pp/runs.csv,replicated,3,1
PP,blocked_panel_local,64,uniform,1024,20260823,a4e772f4de51428c,2,1.00999999,6,completed,83.41551,83.4152297974,sampled_fp64_32x32,0.0302828024724,24.78125,1,0,1019,0,0,0,0,0,0,0,0,0,0,uniform__n1024__seed20260823__blocked_panel_local__pp/runs.csv,replicated,3,1
RP,blocked_panel_local,64,uniform,1024,20260823,a4e772f4de51428c,0,1.00999999,6,completed,100.501137,100.501281738,sampled_fp64_32x32,0.033594739507,25.1875,1,0,1014,346,0,0,0,0,0,0,0,1405,0,uniform__n1024__seed20260823__blocked_panel_local__rp/runs.csv,replicated,3,1
RP,blocked_panel_local,64,uniform,1024,20260823,a4e772f4de51428c,1,1.00999999,6,completed,99.821448,99.820930481,sampled_fp64_32x32,0.033594739507,25.1875,1,0,1014,346,0,0,0,0,0,0,0,1405,0,uniform__n1024__seed20260823__blocked_panel_local__rp/runs.csv,replicated,3,1
RP,blocked_panel_local,64,uniform,1024,20260823,a4e772f4de51428c,2,1.00999999,6,completed,100.341263,100.341598511,sampled_fp64_32x32,0.033594739507,25.1875,1,0,1014,346,0,0,0,0,0,0,0,1405,0,uniform__n1024__seed20260823__blocked_panel_local__rp/runs.csv,replicated,3,1
ScaP,blocked_panel_local,64,uniform,1024,20260823,a4e772f4de51428c,0,1.00999999,6,completed,106.23153,106.231132507,sampled_fp64_32x32,0.0295058686752,21.359375,1,0,1016,520,0,0,0,0,503,414,106,0,0,uniform__n1024__seed20260823__blocked_panel_local__scap/runs.csv,replicated,3,1
ScaP,blocked_panel_local,64,uniform,1024,20260823,a4e772f4de51428c,1,1.00999999,6,completed,106.063421,106.063774109,sampled_fp64_32x32,0.0295058686752,21.359375,1,0,1016,520,0,0,0,0,503,414,106,0,0,uniform__n1024__seed20260823__blocked_panel_local__scap/runs.csv,replicated,3,1
ScaP,blocked_panel_local,64,uniform,1024,20260823,a4e772f4de51428c,2,1.00999999,6,completed,106.192111,106.19216156,sampled_fp64_32x32,0.0295058686752,21.359375,1,0,1016,520,0,0,0,0,503,414,106,0,0,uniform__n1024__seed20260823__blocked_panel_local__scap/runs.csv,replicated,3,1
ScPP,blocked_panel_local,64,uniform,1024,20260823,a4e772f4de51428c,0,1.00999999,6,completed,83.999479,83.9991378784,sampled_fp64_32x32,0.0308579651028,27.640625,1.001953125,0,1018,0,0,0,0,0,0,0,0,0,0,uniform__n1024__seed20260823__blocked_panel_local__scpp/runs.csv,replicated,3,1
ScPP,blocked_panel_local,64,uniform,1024,20260823,a4e772f4de51428c,1,1.00999999,6,completed,83.986567,83.986114502,sampled_fp64_32x32,0.0308579651028,27.640625,1.001953125,0,1018,0,0,0,0,0,0,0,0,0,0,uniform__n1024__seed20260823__blocked_panel_local__scpp/runs.csv,replicated,3,1
ScPP,blocked_panel_local,64,uniform,1024,20260823,a4e772f4de51428c,2,1.00999999,6,completed,83.976921,83.9768676758,sampled_fp64_32x32,0.0308579651028,27.640625,1.001953125,0,1018,0,0,0,0,0,0,0,0,0,0,uniform__n1024__seed20260823__blocked_panel_local__scpp/runs.csv,replicated,3,1
CP,unblocked_rank1,1,uniform,1024,20260823,a4e772f4de51428c,0,1.00999999,6,completed,1655.639146,1655.65002441,sampled_fp64_32x32,0.0215549417771,10.6328125,1,0,1014,1018,0,0,0,0,0,0,0,0,0,uniform__n1024__seed20260823__unblocked_rank1__cp/runs.csv,replicated,3,1
CP,unblocked_rank1,1,uniform,1024,20260823,a4e772f4de51428c,1,1.00999999,6,completed,1624.768858,1624.77941895,sampled_fp64_32x32,0.0215549417771,10.6328125,1,0,1014,1018,0,0,0,0,0,0,0,0,0,uniform__n1024__seed20260823__unblocked_rank1__cp/runs.csv,replicated,3,1
CP,unblocked_rank1,1,uniform,1024,20260823,a4e772f4de51428c,2,1.00999999,6,completed,1617.041074,1617.05102539,sampled_fp64_32x32,0.0215549417771,10.6328125,1,0,1014,1018,0,0,0,0,0,0,0,0,0,uniform__n1024__seed20260823__unblocked_rank1__cp/runs.csv,replicated,3,1
DP,unblocked_rank1,1,uniform,1024,20260823,a4e772f4de51428c,0,1.00999999,6,completed,85.13762,85.1375350952,sampled_fp64_32x32,0.0294479036238,30.453125,0.99951171875,0,1016,97,97,1,0,0,0,0,0,0,0,uniform__n1024__seed20260823__unblocked_rank1__dp/runs.csv,replicated,3,1
DP,unblocked_rank1,1,uniform,1024,20260823,a4e772f4de51428c,1,1.00999999,6,completed,85.098365,85.0981445312,sampled_fp64_32x32,0.0294479036238,30.453125,0.99951171875,0,1016,97,97,1,0,0,0,0,0,0,0,uniform__n1024__seed20260823__unblocked_rank1__dp/runs.csv,replicated,3,1
DP,unblocked_rank1,1,uniform,1024,20260823,a4e772f4de51428c,2,1.00999999,6,completed,85.248413,85.2478713989,sampled_fp64_32x32,0.0294479036238,30.453125,0.99951171875,0,1016,97,97,1,0,0,0,0,0,0,0,uniform__n1024__seed20260823__unblocked_rank1__dp/runs.csv,replicated,3,1
GP,unblocked_rank1,1,uniform,1024,20260823,a4e772f4de51428c,0,1.00999999,6,completed,87.259346,87.2596511841,sampled_fp64_32x32,0.0318459357992,30.03125,1.009765625,0,1012,0,0,0,117,59,0,0,0,0,0,uniform__n1024__seed20260823__unblocked_rank1__gp/runs.csv,replicated,3,1
GP,unblocked_rank1,1,uniform,1024,20260823,a4e772f4de51428c,1,1.00999999,6,completed,87.432174,87.4318084717,sampled_fp64_32x32,0.0318459357992,30.03125,1.009765625,0,1012,0,0,0,117,59,0,0,0,0,0,uniform__n1024__seed20260823__unblocked_rank1__gp/runs.csv,replicated,3,1
GP,unblocked_rank1,1,uniform,1024,20260823,a4e772f4de51428c,2,1.00999999,6,completed,87.092405,87.0919342041,sampled_fp64_32x32,0.0318459357992,30.03125,1.009765625,0,1012,0,0,0,117,59,0,0,0,0,0,uniform__n1024__seed20260823__unblocked_rank1__gp/runs.csv,replicated,3,1
PP,unblocked_rank1,1,uniform,1024,20260823,a4e772f4de51428c,0,1.00999999,6,completed,82.802255,82.8018569946,sampled_fp64_32x32,0.0302828024724,25.609375,1,0,1019,0,0,0,0,0,0,0,0,0,0,uniform__n1024__seed20260823__unblocked_rank1__pp/runs.csv,replicated,3,1
PP,unblocked_rank1,1,uniform,1024,20260823,a4e772f4de51428c,1,1.00999999,6,completed,82.618166,82.6177902222,sampled_fp64_32x32,0.0302828024724,25.609375,1,0,1019,0,0,0,0,0,0,0,0,0,0,uniform__n1024__seed20260823__unblocked_rank1__pp/runs.csv,replicated,3,1
PP,unblocked_rank1,1,uniform,1024,20260823,a4e772f4de51428c,2,1.00999999,6,completed,81.246877,81.2470092773,sampled_fp64_32x32,0.0302828024724,25.609375,1,0,1019,0,0,0,0,0,0,0,0,0,0,uniform__n1024__seed20260823__unblocked_rank1__pp/runs.csv,replicated,3,1
RP,unblocked_rank1,1,uniform,1024,20260823,a4e772f4de51428c,0,1.00999999,6,completed,123.956628,123.956924438,sampled_fp64_32x32,0.0255209010793,15.5625,1,0,1017,784,0,0,0,0,0,0,0,1982,0,uniform__n1024__seed20260823__unblocked_rank1__rp/runs.csv,replicated,3,1
RP,unblocked_rank1,1,uniform,1024,20260823,a4e772f4de51428c,1,1.00999999,6,completed,123.982539,123.982177734,sampled_fp64_32x32,0.0255209010793,15.5625,1,0,1017,784,0,0,0,0,0,0,0,1982,0,uniform__n1024__seed20260823__unblocked_rank1__rp/runs.csv,replicated,3,1
RP,unblocked_rank1,1,uniform,1024,20260823,a4e772f4de51428c,2,1.00999999,6,completed,123.820691,123.820930481,sampled_fp64_32x32,0.0255209010793,15.5625,1,0,1017,784,0,0,0,0,0,0,0,1982,0,uniform__n1024__seed20260823__unblocked_rank1__rp/runs.csv,replicated,3,1
ScaP,unblocked_rank1,1,uniform,1024,20260823,a4e772f4de51428c,0,1.00999999,6,completed,106.191834,106.191390991,sampled_fp64_32x32,0.0306156688603,23.484375,1,0,1015,505,0,0,0,0,518,382,123,0,0,uniform__n1024__seed20260823__unblocked_rank1__scap/runs.csv,replicated,3,1
ScaP,unblocked_rank1,1,uniform,1024,20260823,a4e772f4de51428c,1,1.00999999,6,completed,106.345822,106.345245361,sampled_fp64_32x32,0.0306156688603,23.484375,1,0,1015,505,0,0,0,0,518,382,123,0,0,uniform__n1024__seed20260823__unblocked_rank1__scap/runs.csv,replicated,3,1
ScaP,unblocked_rank1,1,uniform,1024,20260823,a4e772f4de51428c,2,1.00999999,6,completed,106.54349,106.543357849,sampled_fp64_32x32,0.0306156688603,23.484375,1,0,1015,505,0,0,0,0,518,382,123,0,0,uniform__n1024__seed20260823__unblocked_rank1__scap/runs.csv,replicated,3,1
ScPP,unblocked_rank1,1,uniform,1024,20260823,a4e772f4de51428c,0,1.00999999,6,completed,85.120293,85.1201248169,sampled_fp64_32x32,0.0308579651028,27.640625,1.001953125,0,1018,0,0,0,0,0,0,0,0,0,0,uniform__n1024__seed20260823__unblocked_rank1__scpp/runs.csv,replicated,3,1
ScPP,unblocked_rank1,1,uniform,1024,20260823,a4e772f4de51428c,1,1.00999999,6,completed,85.385741,85.3848342896,sampled_fp64_32x32,0.0308579651028,27.640625,1.001953125,0,1018,0,0,0,0,0,0,0,0,0,0,uniform__n1024__seed20260823__unblocked_rank1__scpp/runs.csv,replicated,3,1
ScPP,unblocked_rank1,1,uniform,1024,20260823,a4e772f4de51428c,2,1.00999999,6,completed,85.346387,85.3466873169,sampled_fp64_32x32,0.0308579651028,27.640625,1.001953125,0,1018,0,0,0,0,0,0,0,0,0,0,uniform__n1024__seed20260823__unblocked_rank1__scpp/runs.csv,replicated,3,1
CP,blocked_panel_local,64,uniform,1024,20260824,e764297a18909810,0,1.00999999,6,completed,879.964465,879.969787598,sampled_fp64_32x32,0.0244162762974,17.796875,1,0,1013,962,0,0,0,0,0,0,0,0,0,uniform__n1024__seed20260824__blocked_panel_local__cp/runs.csv,replicated,3,1
CP,blocked_panel_local,64,uniform,1024,20260824,e764297a18909810,1,1.00999999,6,completed,869.848719,869.854370117,sampled_fp64_32x32,0.0244162762974,17.796875,1,0,1013,962,0,0,0,0,0,0,0,0,0,uniform__n1024__seed20260824__blocked_panel_local__cp/runs.csv,replicated,3,1
CP,blocked_panel_local,64,uniform,1024,20260824,e764297a18909810,2,1.00999999,6,completed,881.632123,881.637329102,sampled_fp64_32x32,0.0244162762974,17.796875,1,0,1013,962,0,0,0,0,0,0,0,0,0,uniform__n1024__seed20260824__blocked_panel_local__cp/runs.csv,replicated,3,1
DP,blocked_panel_local,64,uniform,1024,20260824,e764297a18909810,0,1.00999999,6,completed,86.967987,86.9676132202,sampled_fp64_32x32,0.0315883230069,22.59375,1,0,1021,88,88,2,0,0,0,0,0,0,0,uniform__n1024__seed20260824__blocked_panel_local__dp/runs.csv,replicated,3,1
DP,blocked_panel_local,64,uniform,1024,20260824,e764297a18909810,1,1.00999999,6,completed,87.104642,87.1048965454,sampled_fp64_32x32,0.0315883230069,22.59375,1,0,1021,88,88,2,0,0,0,0,0,0,0,uniform__n1024__seed20260824__blocked_panel_local__dp/runs.csv,replicated,3,1
DP,blocked_panel_local,64,uniform,1024,20260824,e764297a18909810,2,1.00999999,6,completed,87.010912,87.010559082,sampled_fp64_32x32,0.0315883230069,22.59375,1,0,1021,88,88,2,0,0,0,0,0,0,0,uniform__n1024__seed20260824__blocked_panel_local__dp/runs.csv,replicated,3,1
GP,blocked_panel_local,64,uniform,1024,20260824,e764297a18909810,0,1.00999999,6,completed,85.22645,85.2270736694,sampled_fp64_32x32,0.0322582288354,25.96875,1.009765625,0,1017,0,0,0,101,56,0,0,0,0,0,uniform__n1024__seed20260824__blocked_panel_local__gp/runs.csv,replicated,3,1
GP,blocked_panel_local,64,uniform,1024,20260824,e764297a18909810,1,1.00999999,6,completed,85.563059,85.563041687,sampled_fp64_32x32,0.0322582288354,25.96875,1.009765625,0,1017,0,0,0,101,56,0,0,0,0,0,uniform__n1024__seed20260824__blocked_panel_local__gp/runs.csv,replicated,3,1
GP,blocked_panel_local,64,uniform,1024,20260824,e764297a18909810,2,1.00999999,6,completed,85.475092,85.4746856689,sampled_fp64_32x32,0.0322582288354,25.96875,1.009765625,0,1017,0,0,0,101,56,0,0,0,0,0,uniform__n1024__seed20260824__blocked_panel_local__gp/runs.csv,replicated,3,1
PP,blocked_panel_local,64,uniform,1024,20260824,e764297a18909810,0,1.00999999,6,completed,83.930348,83.9301452637,sampled_fp64_32x32,0.036511148588,24.15625,1,0,1012,0,0,0,0,0,0,0,0,0,0,uniform__n1024__seed20260824__blocked_panel_local__pp/runs.csv,replicated,3,1
PP,blocked_panel_local,64,uniform,1024,20260824,e764297a18909810,1,1.00999999,6,completed,83.543453,83.5438079834,sampled_fp64_32x32,0.036511148588,24.15625,1,0,1012,0,0,0,0,0,0,0,0,0,0,uniform__n1024__seed20260824__blocked_panel_local__pp/runs.csv,replicated,3,1
PP,blocked_panel_local,64,uniform,1024,20260824,e764297a18909810,2,1.00999999,6,completed,83.654989,83.6560974121,sampled_fp64_32x32,0.036511148588,24.15625,1,0,1012,0,0,0,0,0,0,0,0,0,0,uniform__n1024__seed20260824__blocked_panel_local__pp/runs.csv,replicated,3,1
RP,blocked_panel_local,64,uniform,1024,20260824,e764297a18909810,0,1.00999999,6,completed,101.606766,101.606109619,sampled_fp64_32x32,0.0300423879817,26.21875,1,0,1017,340,0,0,0,0,0,0,0,1409,0,uniform__n1024__seed20260824__blocked_panel_local__rp/runs.csv,replicated,3,1
RP,blocked_panel_local,64,uniform,1024,20260824,e764297a18909810,1,1.00999999,6,completed,101.837616,101.83782196,sampled_fp64_32x32,0.0300423879817,26.21875,1,0,1017,340,0,0,0,0,0,0,0,1409,0,uniform__n1024__seed20260824__blocked_panel_local__rp/runs.csv,replicated,3,1
RP,blocked_panel_local,64,uniform,1024,20260824,e764297a18909810,2,1.00999999,6,completed,101.358961,101.358978271,sampled_fp64_32x32,0.0300423879817,26.21875,1,0,1017,340,0,0,0,0,0,0,0,1409,0,uniform__n1024__seed20260824__blocked_panel_local__rp/runs.csv,replicated,3,1
ScaP,blocked_panel_local,64,uniform,1024,20260824,e764297a18909810,0,1.00999999,6,completed,105.181766,105.18208313,sampled_fp64_32x32,0.0370701509528,20.21875,1,0,1020,538,0,0,0,0,485,422,116,0,0,uniform__n1024__seed20260824__blocked_panel_local__scap/runs.csv,replicated,3,1
ScaP,blocked_panel_local,64,uniform,1024,20260824,e764297a18909810,1,1.00999999,6,completed,105.247447,105.247550964,sampled_fp64_32x32,0.0370701509528,20.21875,1,0,1020,538,0,0,0,0,485,422,116,0,0,uniform__n1024__seed20260824__blocked_panel_local__scap/runs.csv,replicated,3,1
ScaP,blocked_panel_local,64,uniform,1024,20260824,e764297a18909810,2,1.00999999,6,completed,105.306477,105.305953979,sampled_fp64_32x32,0.0370701509528,20.21875,1,0,1020,538,0,0,0,0,485,422,116,0,0,uniform__n1024__seed20260824__blocked_panel_local__scap/runs.csv,replicated,3,1
ScPP,blocked_panel_local,64,uniform,1024,20260824,e764297a18909810,0,1.00999999,6,completed,83.254712,83.2551345825,sampled_fp64_32x32,0.0266741655068,24.15625,1.0009765625,0,1014,0,0,0,0,0,0,0,0,0,0,uniform__n1024__seed20260824__blocked_panel_local__scpp/runs.csv,replicated,3,1
ScPP,blocked_panel_local,64,uniform,1024,20260824,e764297a18909810,1,1.00999999,6,completed,83.183487,83.1841278076,sampled_fp64_32x32,0.0266741655068,24.15625,1.0009765625,0,1014,0,0,0,0,0,0,0,0,0,0,uniform__n1024__seed20260824__blocked_panel_local__scpp/runs.csv,replicated,3,1
ScPP,blocked_panel_local,64,uniform,1024,20260824,e764297a18909810,2,1.00999999,6,completed,83.464221,83.4638366699,sampled_fp64_32x32,0.0266741655068,24.15625,1.0009765625,0,1014,0,0,0,0,0,0,0,0,0,0,uniform__n1024__seed20260824__blocked_panel_local__scpp/runs.csv,replicated,3,1
CP,unblocked_rank1,1,uniform,1024,20260824,e764297a18909810,0,1.00999999,6,completed,1620.258438,1620.26855469,sampled_fp64_32x32,0.0235792783787,10.7734375,1,0,1014,1015,0,0,0,0,0,0,0,0,0,uniform__n1024__seed20260824__unblocked_rank1__cp/runs.csv,replicated,3,1
CP,unblocked_rank1,1,uniform,1024,20260824,e764297a18909810,1,1.00999999,6,completed,1651.175055,1651.18579102,sampled_fp64_32x32,0.0235792783787,10.7734375,1,0,1014,1015,0,0,0,0,0,0,0,0,0,uniform__n1024__seed20260824__unblocked_rank1__cp/runs.csv,replicated,3,1
CP,unblocked_rank1,1,uniform,1024,20260824,e764297a18909810,2,1.00999999,6,completed,1608.626579,1608.63684082,sampled_fp64_32x32,0.0235792783787,10.7734375,1,0,1014,1015,0,0,0,0,0,0,0,0,0,uniform__n1024__seed20260824__unblocked_rank1__cp/runs.csv,replicated,3,1
DP,unblocked_rank1,1,uniform,1024,20260824,e764297a18909810,0,1.00999999,6,completed,85.365896,85.3660812378,sampled_fp64_32x32,0.0336237432493,34.75,1,0,1017,92,92,1,0,0,0,0,0,0,0,uniform__n1024__seed20260824__unblocked_rank1__dp/runs.csv,replicated,3,1
DP,unblocked_rank1,1,uniform,1024,20260824,e764297a18909810,1,1.00999999,6,completed,84.791092,84.791229248,sampled_fp64_32x32,0.0336237432493,34.75,1,0,1017,92,92,1,0,0,0,0,0,0,0,uniform__n1024__seed20260824__unblocked_rank1__dp/runs.csv,replicated,3,1
DP,unblocked_rank1,1,uniform,1024,20260824,e764297a18909810,2,1.00999999,6,completed,84.73204,84.7319717407,sampled_fp64_32x32,0.0336237432493,34.75,1,0,1017,92,92,1,0,0,0,0,0,0,0,uniform__n1024__seed20260824__unblocked_rank1__dp/runs.csv,replicated,3,1
GP,unblocked_rank1,1,uniform,1024,20260824,e764297a18909810,0,1.00999999,6,completed,87.356438,87.3564147949,sampled_fp64_32x32,0.0253205750196,25.578125,1.0087890625,0,1016,0,0,0,91,42,0,0,0,0,0,uniform__n1024__seed20260824__unblocked_rank1__gp/runs.csv,replicated,3,1
GP,unblocked_rank1,1,uniform,1024,20260824,e764297a18909810,1,1.00999999,6,completed,87.510206,87.5095977783,sampled_fp64_32x32,0.0253205750196,25.578125,1.0087890625,0,1016,0,0,0,91,42,0,0,0,0,0,uniform__n1024__seed20260824__unblocked_rank1__gp/runs.csv,replicated,3,1
GP,unblocked_rank1,1,uniform,1024,20260824,e764297a18909810,2,1.00999999,6,completed,87.110172,87.110206604,sampled_fp64_32x32,0.0253205750196,25.578125,1.0087890625,0,1016,0,0,0,91,42,0,0,0,0,0,uniform__n1024__seed20260824__unblocked_rank1__gp/runs.csv,replicated,3,1
PP,unblocked_rank1,1,uniform,1024,20260824,e764297a18909810,0,1.00999999,6,completed,82.085709,82.0855026245,sampled_fp64_32x32,0.036511148588,24.15625,1,0,1012,0,0,0,0,0,0,0,0,0,0,uniform__n1024__seed20260824__unblocked_rank1__pp/runs.csv,replicated,3,1
PP,unblocked_rank1,1,uniform,1024,20260824,e764297a18909810,1,1.00999999,6,completed,81.784536,81.78540802,sampled_fp64_32x32,0.036511148588,24.15625,1,0,1012,0,0,0,0,0,0,0,0,0,0,uniform__n1024__seed20260824__unblocked_rank1__pp/runs.csv,replicated,3,1
PP,unblocked_rank1,1,uniform,1024,20260824,e764297a18909810,2,1.00999999,6,completed,81.42364,81.4231338501,sampled_fp64_32x32,0.036511148588,24.15625,1,0,1012,0,0,0,0,0,0,0,0,0,0,uniform__n1024__seed20260824__unblocked_rank1__pp/runs.csv,replicated,3,1
RP,unblocked_rank1,1,uniform,1024,20260824,e764297a18909810,0,1.00999999,6,completed,122.613148,122.613311768,sampled_fp64_32x32,0.0217233441072,16.046875,1,0,1019,794,0,0,0,0,0,0,0,1986,0,uniform__n1024__seed20260824__unblocked_rank1__rp/runs.csv,replicated,3,1
RP,unblocked_rank1,1,uniform,1024,20260824,e764297a18909810,1,1.00999999,6,completed,122.690226,122.689949036,sampled_fp64_32x32,0.0217233441072,16.046875,1,0,1019,794,0,0,0,0,0,0,0,1986,0,uniform__n1024__seed20260824__unblocked_rank1__rp/runs.csv,replicated,3,1
RP,unblocked_rank1,1,uniform,1024,20260824,e764297a18909810,2,1.00999999,6,completed,122.638765,122.639068604,sampled_fp64_32x32,0.0217233441072,16.046875,1,0,1019,794,0,0,0,0,0,0,0,1986,0,uniform__n1024__seed20260824__unblocked_rank1__rp/runs.csv,replicated,3,1
ScaP,unblocked_rank1,1,uniform,1024,20260824,e764297a18909810,0,1.00999999,6,completed,107.434395,107.434814453,sampled_fp64_32x32,0.0297874420648,21.328125,1,0,1017,502,0,0,0,0,521,416,86,0,0,uniform__n1024__seed20260824__unblocked_rank1__scap/runs.csv,replicated,3,1
ScaP,unblocked_rank1,1,uniform,1024,20260824,e764297a18909810,1,1.00999999,6,completed,107.382432,107.382049561,sampled_fp64_32x32,0.0297874420648,21.328125,1,0,1017,502,0,0,0,0,521,416,86,0,0,uniform__n1024__seed20260824__unblocked_rank1__scap/runs.csv,replicated,3,1
ScaP,unblocked_rank1,1,uniform,1024,20260824,e764297a18909810,2,1.00999999,6,completed,107.183409,107.183425903,sampled_fp64_32x32,0.0297874420648,21.328125,1,0,1017,502,0,0,0,0,521,416,86,0,0,uniform__n1024__seed20260824__unblocked_rank1__scap/runs.csv,replicated,3,1
ScPP,unblocked_rank1,1,uniform,1024,20260824,e764297a18909810,0,1.00999999,6,completed,83.901943,83.9019165039,sampled_fp64_32x32,0.0266741655068,25.03125,1.0009765625,0,1014,0,0,0,0,0,0,0,0,0,0,uniform__n1024__seed20260824__unblocked_rank1__scpp/runs.csv,replicated,3,1
ScPP,unblocked_rank1,1,uniform,1024,20260824,e764297a18909810,1,1.00999999,6,completed,83.901332,83.9015045166,sampled_fp64_32x32,0.0266741655068,25.03125,1.0009765625,0,1014,0,0,0,0,0,0,0,0,0,0,uniform__n1024__seed20260824__unblocked_rank1__scpp/runs.csv,replicated,3,1
ScPP,unblocked_rank1,1,uniform,1024,20260824,e764297a18909810,2,1.00999999,6,completed,83.54343,83.543548584,sampled_fp64_32x32,0.0266741655068,25.03125,1.0009765625,0,1014,0,0,0,0,0,0,0,0,0,0,uniform__n1024__seed20260824__unblocked_rank1__scpp/runs.csv,replicated,3,1
CP,blocked_panel_local,64,uniform,1024,20260825,d11d32bf5161279e,0,1.00999999,6,completed,879.854597,879.860229492,sampled_fp64_32x32,0.0351557714166,17,0.99951171875,0,1012,949,0,0,0,0,0,0,0,0,0,uniform__n1024__seed20260825__blocked_panel_local__cp/runs.csv,replicated,3,1
CP,blocked_panel_local,64,uniform,1024,20260825,d11d32bf5161279e,1,1.00999999,6,completed,868.766573,868.771850586,sampled_fp64_32x32,0.0351557714166,17,0.99951171875,0,1012,949,0,0,0,0,0,0,0,0,0,uniform__n1024__seed20260825__blocked_panel_local__cp/runs.csv,replicated,3,1
CP,blocked_panel_local,64,uniform,1024,20260825,d11d32bf5161279e,2,1.00999999,6,completed,880.493635,880.498901367,sampled_fp64_32x32,0.0351557714166,17,0.99951171875,0,1012,949,0,0,0,0,0,0,0,0,0,uniform__n1024__seed20260825__blocked_panel_local__cp/runs.csv,replicated,3,1
DP,blocked_panel_local,64,uniform,1024,20260825,d11d32bf5161279e,0,1.00999999,6,completed,84.688122,84.6882553101,sampled_fp64_32x32,0.0322855541017,28.328125,0.99755859375,0,1013,93,93,2,0,0,0,0,0,0,0,uniform__n1024__seed20260825__blocked_panel_local__dp/runs.csv,replicated,3,1
DP,blocked_panel_local,64,uniform,1024,20260825,d11d32bf5161279e,1,1.00999999,6,completed,84.625758,84.6257247925,sampled_fp64_32x32,0.0322855541017,28.328125,0.99755859375,0,1013,93,93,2,0,0,0,0,0,0,0,uniform__n1024__seed20260825__blocked_panel_local__dp/runs.csv,replicated,3,1
DP,blocked_panel_local,64,uniform,1024,20260825,d11d32bf5161279e,2,1.00999999,6,completed,84.821898,84.8212814331,sampled_fp64_32x32,0.0322855541017,28.328125,0.99755859375,0,1013,93,93,2,0,0,0,0,0,0,0,uniform__n1024__seed20260825__blocked_panel_local__dp/runs.csv,replicated,3,1
GP,blocked_panel_local,64,uniform,1024,20260825,d11d32bf5161279e,0,1.00999999,6,completed,84.057692,84.0570220947,sampled_fp64_32x32,0.0326073366739,32.3125,1.009765625,0,1016,0,0,0,89,47,0,0,0,0,0,uniform__n1024__seed20260825__blocked_panel_local__gp/runs.csv,replicated,3,1
GP,blocked_panel_local,64,uniform,1024,20260825,d11d32bf5161279e,1,1.00999999,6,completed,84.27447,84.2750396729,sampled_fp64_32x32,0.0326073366739,32.3125,1.009765625,0,1016,0,0,0,89,47,0,0,0,0,0,uniform__n1024__seed20260825__blocked_panel_local__gp/runs.csv,replicated,3,1
GP,blocked_panel_local,64,uniform,1024,20260825,d11d32bf5161279e,2,1.00999999,6,completed,83.778585,83.7785263062,sampled_fp64_32x32,0.0326073366739,32.3125,1.009765625,0,1016,0,0,0,89,47,0,0,0,0,0,uniform__n1024__seed20260825__blocked_panel_local__gp/runs.csv,replicated,3,1
PP,blocked_panel_local,64,uniform,1024,20260825,d11d32bf5161279e,0,1.00999999,6,completed,83.525206,83.5248947144,sampled_fp64_32x32,0.0370027269087,42.21875,1,0,1021,0,0,0,0,0,0,0,0,0,0,uniform__n1024__seed20260825__blocked_panel_local__pp/runs.csv,replicated,3,1
PP,blocked_panel_local,64,uniform,1024,20260825,d11d32bf5161279e,1,1.00999999,6,completed,83.757371,83.7569580078,sampled_fp64_32x32,0.0370027269087,42.21875,1,0,1021,0,0,0,0,0,0,0,0,0,0,uniform__n1024__seed20260825__blocked_panel_local__pp/runs.csv,replicated,3,1
PP,blocked_panel_local,64,uniform,1024,20260825,d11d32bf5161279e,2,1.00999999,6,completed,83.622145,83.622428894,sampled_fp64_32x32,0.0370027269087,42.21875,1,0,1021,0,0,0,0,0,0,0,0,0,0,uniform__n1024__seed20260825__blocked_panel_local__pp/runs.csv,replicated,3,1
RP,blocked_panel_local,64,uniform,1024,20260825,d11d32bf5161279e,0,1.00999999,6,completed,98.086321,98.0862731934,sampled_fp64_32x32,0.0306366292162,20.9375,1,0,1013,352,0,0,0,0,0,0,0,1419,0,uniform__n1024__seed20260825__blocked_panel_local__rp/runs.csv,replicated,3,1
RP,blocked_panel_local,64,uniform,1024,20260825,d11d32bf5161279e,1,1.00999999,6,completed,98.20894,98.2093429565,sampled_fp64_32x32,0.0306366292162,20.9375,1,0,1013,352,0,0,0,0,0,0,0,1419,0,uniform__n1024__seed20260825__blocked_panel_local__rp/runs.csv,replicated,3,1
RP,blocked_panel_local,64,uniform,1024,20260825,d11d32bf5161279e,2,1.00999999,6,completed,98.285061,98.2849578857,sampled_fp64_32x32,0.0306366292162,20.9375,1,0,1013,352,0,0,0,0,0,0,0,1419,0,uniform__n1024__seed20260825__blocked_panel_local__rp/runs.csv,replicated,3,1
ScaP,blocked_panel_local,64,uniform,1024,20260825,d11d32bf5161279e,0,1.00999999,6,completed,102.389643,102.390274048,sampled_fp64_32x32,0.0275251531275,20.390625,1,0,1018,523,0,0,0,0,500,400,123,0,0,uniform__n1024__seed20260825__blocked_panel_local__scap/runs.csv,replicated,3,1
ScaP,blocked_panel_local,64,uniform,1024,20260825,d11d32bf5161279e,1,1.00999999,6,completed,102.767059,102.767074585,sampled_fp64_32x32,0.0275251531275,20.390625,1,0,1018,523,0,0,0,0,500,400,123,0,0,uniform__n1024__seed20260825__blocked_panel_local__scap/runs.csv,replicated,3,1
ScaP,blocked_panel_local,64,uniform,1024,20260825,d11d32bf5161279e,2,1.00999999,6,completed,102.729773,102.730178833,sampled_fp64_32x32,0.0275251531275,20.390625,1,0,1018,523,0,0,0,0,500,400,123,0,0,uniform__n1024__seed20260825__blocked_panel_local__scap/runs.csv,replicated,3,1
ScPP,blocked_panel_local,64,uniform,1024,20260825,d11d32bf5161279e,0,1.00999999,6,completed,83.428819,83.4292144775,sampled_fp64_32x32,0.0368556590693,28.796875,1.0009765625,0,1016,0,0,0,0,0,0,0,0,0,0,uniform__n1024__seed20260825__blocked_panel_local__scpp/runs.csv,replicated,3,1
ScPP,blocked_panel_local,64,uniform,1024,20260825,d11d32bf5161279e,1,1.00999999,6,completed,82.910239,82.9096603394,sampled_fp64_32x32,0.0368556590693,28.796875,1.0009765625,0,1016,0,0,0,0,0,0,0,0,0,0,uniform__n1024__seed20260825__blocked_panel_local__scpp/runs.csv,replicated,3,1
ScPP,blocked_panel_local,64,uniform,1024,20260825,d11d32bf5161279e,2,1.00999999,6,completed,82.813402,82.8134078979,sampled_fp64_32x32,0.0368556590693,28.796875,1.0009765625,0,1016,0,0,0,0,0,0,0,0,0,0,uniform__n1024__seed20260825__blocked_panel_local__scpp/runs.csv,replicated,3,1
CP,unblocked_rank1,1,uniform,1024,20260825,d11d32bf5161279e,0,1.00999999,6,completed,1613.6381,1613.64892578,sampled_fp64_32x32,0.0187105047589,10.71875,0.9990234375,0,1015,1017,0,0,0,0,0,0,0,0,0,uniform__n1024__seed20260825__unblocked_rank1__cp/runs.csv,replicated,3,1
CP,unblocked_rank1,1,uniform,1024,20260825,d11d32bf5161279e,1,1.00999999,6,completed,1652.689814,1652.70080566,sampled_fp64_32x32,0.0187105047589,10.71875,0.9990234375,0,1015,1017,0,0,0,0,0,0,0,0,0,uniform__n1024__seed20260825__unblocked_rank1__cp/runs.csv,replicated,3,1
CP,unblocked_rank1,1,uniform,1024,20260825,d11d32bf5161279e,2,1.00999999,6,completed,1605.936848,1605.94714355,sampled_fp64_32x32,0.0187105047589,10.71875,0.9990234375,0,1015,1017,0,0,0,0,0,0,0,0,0,uniform__n1024__seed20260825__unblocked_rank1__cp/runs.csv,replicated,3,1
DP,unblocked_rank1,1,uniform,1024,20260825,d11d32bf5161279e,0,1.00999999,6,completed,83.526274,83.5262374878,sampled_fp64_32x32,0.0384641619166,33.0625,0.99755859375,0,1018,96,96,1,0,0,0,0,0,0,0,uniform__n1024__seed20260825__unblocked_rank1__dp/runs.csv,replicated,3,1
DP,unblocked_rank1,1,uniform,1024,20260825,d11d32bf5161279e,1,1.00999999,6,completed,83.661845,83.6616287231,sampled_fp64_32x32,0.0384641619166,33.0625,0.99755859375,0,1018,96,96,1,0,0,0,0,0,0,0,uniform__n1024__seed20260825__unblocked_rank1__dp/runs.csv,replicated,3,1
DP,unblocked_rank1,1,uniform,1024,20260825,d11d32bf5161279e,2,1.00999999,6,completed,83.624154,83.623840332,sampled_fp64_32x32,0.0384641619166,33.0625,0.99755859375,0,1018,96,96,1,0,0,0,0,0,0,0,uniform__n1024__seed20260825__unblocked_rank1__dp/runs.csv,replicated,3,1
GP,unblocked_rank1,1,uniform,1024,20260825,d11d32bf5161279e,0,1.00999999,6,completed,85.854888,85.8552017212,sampled_fp64_32x32,0.0406005183467,27.046875,1.009765625,0,1014,0,0,0,96,47,0,0,0,0,0,uniform__n1024__seed20260825__unblocked_rank1__gp/runs.csv,replicated,3,1
GP,unblocked_rank1,1,uniform,1024,20260825,d11d32bf5161279e,1,1.00999999,6,completed,85.501819,85.5029449463,sampled_fp64_32x32,0.0406005183467,27.046875,1.009765625,0,1014,0,0,0,96,47,0,0,0,0,0,uniform__n1024__seed20260825__unblocked_rank1__gp/runs.csv,replicated,3,1
GP,unblocked_rank1,1,uniform,1024,20260825,d11d32bf5161279e,2,1.00999999,6,completed,84.947169,84.946144104,sampled_fp64_32x32,0.0406005183467,27.046875,1.009765625,0,1014,0,0,0,96,47,0,0,0,0,0,uniform__n1024__seed20260825__unblocked_rank1__gp/runs.csv,replicated,3,1
PP,unblocked_rank1,1,uniform,1024,20260825,d11d32bf5161279e,0,1.00999999,6,completed,81.466538,81.4665603638,sampled_fp64_32x32,0.0370027269087,42.21875,1,0,1021,0,0,0,0,0,0,0,0,0,0,uniform__n1024__seed20260825__unblocked_rank1__pp/runs.csv,replicated,3,1
PP,unblocked_rank1,1,uniform,1024,20260825,d11d32bf5161279e,1,1.00999999,6,completed,81.261761,81.26121521,sampled_fp64_32x32,0.0370027269087,42.21875,1,0,1021,0,0,0,0,0,0,0,0,0,0,uniform__n1024__seed20260825__unblocked_rank1__pp/runs.csv,replicated,3,1
PP,unblocked_rank1,1,uniform,1024,20260825,d11d32bf5161279e,2,1.00999999,6,completed,80.837091,80.8369598389,sampled_fp64_32x32,0.0370027269087,42.21875,1,0,1021,0,0,0,0,0,0,0,0,0,0,uniform__n1024__seed20260825__unblocked_rank1__pp/runs.csv,replicated,3,1
RP,unblocked_rank1,1,uniform,1024,20260825,d11d32bf5161279e,0,1.00999999,6,completed,121.411186,121.41129303,sampled_fp64_32x32,0.0290928889299,15.34375,1,0,1015,793,0,0,0,0,0,0,0,1988,0,uniform__n1024__seed20260825__unblocked_rank1__rp/runs.csv,replicated,3,1
RP,unblocked_rank1,1,uniform,1024,20260825,d11d32bf5161279e,1,1.00999999,6,completed,121.187721,121.187522888,sampled_fp64_32x32,0.0290928889299,15.34375,1,0,1015,793,0,0,0,0,0,0,0,1988,0,uniform__n1024__seed20260825__unblocked_rank1__rp/runs.csv,replicated,3,1
RP,unblocked_rank1,1,uniform,1024,20260825,d11d32bf5161279e,2,1.00999999,6,completed,121.465926,121.466560364,sampled_fp64_32x32,0.0290928889299,15.34375,1,0,1015,793,0,0,0,0,0,0,0,1988,0,uniform__n1024__seed20260825__unblocked_rank1__rp/runs.csv,replicated,3,1
ScaP,unblocked_rank1,1,uniform,1024,20260825,d11d32bf5161279e,0,1.00999999,6,completed,102.638405,102.639457703,sampled_fp64_32x32,0.0331262931861,20.921875,1,0,1017,507,0,0,0,0,516,393,114,0,0,uniform__n1024__seed20260825__unblocked_rank1__scap/runs.csv,replicated,3,1
ScaP,unblocked_rank1,1,uniform,1024,20260825,d11d32bf5161279e,1,1.00999999,6,completed,102.958287,102.958496094,sampled_fp64_32x32,0.0331262931861,20.921875,1,0,1017,507,0,0,0,0,516,393,114,0,0,uniform__n1024__seed20260825__unblocked_rank1__scap/runs.csv,replicated,3,1
ScaP,unblocked_rank1,1,uniform,1024,20260825,d11d32bf5161279e,2,1.00999999,6,completed,102.787679,102.788002014,sampled_fp64_32x32,0.0331262931861,20.921875,1,0,1017,507,0,0,0,0,516,393,114,0,0,uniform__n1024__seed20260825__unblocked_rank1__scap/runs.csv,replicated,3,1
ScPP,unblocked_rank1,1,uniform,1024,20260825,d11d32bf5161279e,0,1.00999999,6,completed,81.479499,81.4791717529,sampled_fp64_32x32,0.0368556590693,28.796875,1.0009765625,0,1016,0,0,0,0,0,0,0,0,0,0,uniform__n1024__seed20260825__unblocked_rank1__scpp/runs.csv,replicated,3,1
ScPP,unblocked_rank1,1,uniform,1024,20260825,d11d32bf5161279e,1,1.00999999,6,completed,80.821163,80.8206100464,sampled_fp64_32x32,0.0368556590693,28.796875,1.0009765625,0,1016,0,0,0,0,0,0,0,0,0,0,uniform__n1024__seed20260825__unblocked_rank1__scpp/runs.csv,replicated,3,1
ScPP,unblocked_rank1,1,uniform,1024,20260825,d11d32bf5161279e,2,1.00999999,6,completed,81.028696,81.0290527344,sampled_fp64_32x32,0.0368556590693,28.796875,1.0009765625,0,1016,0,0,0,0,0,0,0,0,0,0,uniform__n1024__seed20260825__unblocked_rank1__scpp/runs.csv,replicated,3,1
CP,blocked_panel_local,64,uniform,128,20260823,a3fb80c84d77259f,0,1.00999999,6,completed,11.778524,11.7773761749,full_fp64,0.00709150312468,4.92578125,0.998046875,0,124,119,0,0,0,0,0,0,0,0,0,uniform__n128__seed20260823__blocked_panel_local__cp/runs.csv,replicated,3,1
CP,blocked_panel_local,64,uniform,128,20260823,a3fb80c84d77259f,1,1.00999999,6,completed,11.741408,11.7409276962,full_fp64,0.00709150312468,4.92578125,0.998046875,0,124,119,0,0,0,0,0,0,0,0,0,uniform__n128__seed20260823__blocked_panel_local__cp/runs.csv,replicated,3,1
CP,blocked_panel_local,64,uniform,128,20260823,a3fb80c84d77259f,2,1.00999999,6,completed,11.868517,11.8690242767,full_fp64,0.00709150312468,4.92578125,0.998046875,0,124,119,0,0,0,0,0,0,0,0,0,uniform__n128__seed20260823__blocked_panel_local__cp/runs.csv,replicated,3,1
DP,blocked_panel_local,64,uniform,128,20260823,a3fb80c84d77259f,0,1.00999999,6,completed,8.748844,8.74864006042,full_fp64,0.00891039706767,7.359375,0.98974609375,0,122,4,4,0,0,0,0,0,0,0,0,uniform__n128__seed20260823__blocked_panel_local__dp/runs.csv,replicated,3,1
DP,blocked_panel_local,64,uniform,128,20260823,a3fb80c84d77259f,1,1.00999999,6,completed,8.835189,8.83500766754,full_fp64,0.00891039706767,7.359375,0.98974609375,0,122,4,4,0,0,0,0,0,0,0,0,uniform__n128__seed20260823__blocked_panel_local__dp/runs.csv,replicated,3,1
DP,blocked_panel_local,64,uniform,128,20260823,a3fb80c84d77259f,2,1.00999999,6,completed,8.693127,8.6924161911,full_fp64,0.00891039706767,7.359375,0.98974609375,0,122,4,4,0,0,0,0,0,0,0,0,uniform__n128__seed20260823__blocked_panel_local__dp/runs.csv,replicated,3,1
GP,blocked_panel_local,64,uniform,128,20260823,a3fb80c84d77259f,0,1.00999999,6,completed,8.903756,8.90303993225,full_fp64,0.0072595467791,7.55078125,1.009765625,0,122,0,0,0,14,7,0,0,0,0,0,uniform__n128__seed20260823__blocked_panel_local__gp/runs.csv,replicated,3,1
GP,blocked_panel_local,64,uniform,128,20260823,a3fb80c84d77259f,1,1.00999999,6,completed,8.96438,8.96371173859,full_fp64,0.0072595467791,7.55078125,1.009765625,0,122,0,0,0,14,7,0,0,0,0,0,uniform__n128__seed20260823__blocked_panel_local__gp/runs.csv,replicated,3,1
GP,blocked_panel_local,64,uniform,128,20260823,a3fb80c84d77259f,2,1.00999999,6,completed,9.037,9.03631973267,full_fp64,0.0072595467791,7.55078125,1.009765625,0,122,0,0,0,14,7,0,0,0,0,0,uniform__n128__seed20260823__blocked_panel_local__gp/runs.csv,replicated,3,1
PP,blocked_panel_local,64,uniform,128,20260823,a3fb80c84d77259f,0,1.00999999,6,completed,8.740608,8.74025630951,full_fp64,0.0093611611519,5.84375,0.9990234375,0,123,0,0,0,0,0,0,0,0,0,0,uniform__n128__seed20260823__blocked_panel_local__pp/runs.csv,replicated,3,1
PP,blocked_panel_local,64,uniform,128,20260823,a3fb80c84d77259f,1,1.00999999,6,completed,8.781268,8.78131198883,full_fp64,0.0093611611519,5.84375,0.9990234375,0,123,0,0,0,0,0,0,0,0,0,0,uniform__n128__seed20260823__blocked_panel_local__pp/runs.csv,replicated,3,1
PP,blocked_panel_local,64,uniform,128,20260823,a3fb80c84d77259f,2,1.00999999,6,completed,8.575308,8.57532787323,full_fp64,0.0093611611519,5.84375,0.9990234375,0,123,0,0,0,0,0,0,0,0,0,0,uniform__n128__seed20260823__blocked_panel_local__pp/runs.csv,replicated,3,1
RP,blocked_panel_local,64,uniform,128,20260823,a3fb80c84d77259f,0,1.00999999,6,completed,11.322378,11.3214082718,full_fp64,0.00727023370564,4.0625,0.99853515625,0,121,68,0,0,0,0,0,0,0,201,0,uniform__n128__seed20260823__blocked_panel_local__rp/runs.csv,replicated,3,1
RP,blocked_panel_local,64,uniform,128,20260823,a3fb80c84d77259f,1,1.00999999,6,completed,11.284047,11.2830724716,full_fp64,0.00727023370564,4.0625,0.99853515625,0,121,68,0,0,0,0,0,0,0,201,0,uniform__n128__seed20260823__blocked_panel_local__rp/runs.csv,replicated,3,1
RP,blocked_panel_local,64,uniform,128,20260823,a3fb80c84d77259f,2,1.00999999,6,completed,11.162439,11.1619520187,full_fp64,0.00727023370564,4.0625,0.99853515625,0,121,68,0,0,0,0,0,0,0,201,0,uniform__n128__seed20260823__blocked_panel_local__rp/runs.csv,replicated,3,1
ScaP,blocked_panel_local,64,uniform,128,20260823,a3fb80c84d77259f,0,1.00999999,6,completed,11.156534,11.1559362411,full_fp64,0.0083985774545,5.55859375,0.9951171875,0,124,75,0,0,0,0,52,62,13,0,0,uniform__n128__seed20260823__blocked_panel_local__scap/runs.csv,replicated,3,1
ScaP,blocked_panel_local,64,uniform,128,20260823,a3fb80c84d77259f,1,1.00999999,6,completed,11.342584,11.3425283432,full_fp64,0.0083985774545,5.55859375,0.9951171875,0,124,75,0,0,0,0,52,62,13,0,0,uniform__n128__seed20260823__blocked_panel_local__scap/runs.csv,replicated,3,1
ScaP,blocked_panel_local,64,uniform,128,20260823,a3fb80c84d77259f,2,1.00999999,6,completed,11.202422,11.2028160095,full_fp64,0.0083985774545,5.55859375,0.9951171875,0,124,75,0,0,0,0,52,62,13,0,0,uniform__n128__seed20260823__blocked_panel_local__scap/runs.csv,replicated,3,1
ScPP,blocked_panel_local,64,uniform,128,20260823,a3fb80c84d77259f,0,1.00999999,6,completed,8.788867,8.78860759735,full_fp64,0.0078914645128,8.828125,1.0283203125,0,120,0,0,0,0,0,0,0,0,0,0,uniform__n128__seed20260823__blocked_panel_local__scpp/runs.csv,replicated,3,1
ScPP,blocked_panel_local,64,uniform,128,20260823,a3fb80c84d77259f,1,1.00999999,6,completed,8.699154,8.69929599762,full_fp64,0.0078914645128,8.828125,1.0283203125,0,120,0,0,0,0,0,0,0,0,0,0,uniform__n128__seed20260823__blocked_panel_local__scpp/runs.csv,replicated,3,1
ScPP,blocked_panel_local,64,uniform,128,20260823,a3fb80c84d77259f,2,1.00999999,6,completed,8.799225,8.79849624634,full_fp64,0.0078914645128,8.828125,1.0283203125,0,120,0,0,0,0,0,0,0,0,0,0,uniform__n128__seed20260823__blocked_panel_local__scpp/runs.csv,replicated,3,1
CP,unblocked_rank1,1,uniform,128,20260823,a3fb80c84d77259f,0,1.00999999,6,completed,14.700879,14.7001276016,full_fp64,0.00658255442977,3.0546875,0.99609375,0,121,123,0,0,0,0,0,0,0,0,0,uniform__n128__seed20260823__unblocked_rank1__cp/runs.csv,replicated,3,1
CP,unblocked_rank1,1,uniform,128,20260823,a3fb80c84d77259f,1,1.00999999,6,completed,14.680664,14.6804161072,full_fp64,0.00658255442977,3.0546875,0.99609375,0,121,123,0,0,0,0,0,0,0,0,0,uniform__n128__seed20260823__unblocked_rank1__cp/runs.csv,replicated,3,1
CP,unblocked_rank1,1,uniform,128,20260823,a3fb80c84d77259f,2,1.00999999,6,completed,14.675997,14.6755523682,full_fp64,0.00658255442977,3.0546875,0.99609375,0,121,123,0,0,0,0,0,0,0,0,0,uniform__n128__seed20260823__unblocked_rank1__cp/runs.csv,replicated,3,1
DP,unblocked_rank1,1,uniform,128,20260823,a3fb80c84d77259f,0,1.00999999,6,completed,7.965949,7.96534395218,full_fp64,0.00891039706767,7.359375,0.98974609375,0,122,4,4,0,0,0,0,0,0,0,0,uniform__n128__seed20260823__unblocked_rank1__dp/runs.csv,replicated,3,1
DP,unblocked_rank1,1,uniform,128,20260823,a3fb80c84d77259f,1,1.00999999,6,completed,7.852911,7.85215997696,full_fp64,0.00891039706767,7.359375,0.98974609375,0,122,4,4,0,0,0,0,0,0,0,0,uniform__n128__seed20260823__unblocked_rank1__dp/runs.csv,replicated,3,1
DP,unblocked_rank1,1,uniform,128,20260823,a3fb80c84d77259f,2,1.00999999,6,completed,7.866302,7.86607980728,full_fp64,0.00891039706767,7.359375,0.98974609375,0,122,4,4,0,0,0,0,0,0,0,0,uniform__n128__seed20260823__unblocked_rank1__dp/runs.csv,replicated,3,1
GP,unblocked_rank1,1,uniform,128,20260823,a3fb80c84d77259f,0,1.00999999,6,completed,9.497392,9.49779224396,full_fp64,0.0106919854879,7.12109375,1.009765625,0,122,0,0,0,12,7,0,0,0,0,0,uniform__n128__seed20260823__unblocked_rank1__gp/runs.csv,replicated,3,1
GP,unblocked_rank1,1,uniform,128,20260823,a3fb80c84d77259f,1,1.00999999,6,completed,9.527139,9.52700805664,full_fp64,0.0106919854879,7.12109375,1.009765625,0,122,0,0,0,12,7,0,0,0,0,0,uniform__n128__seed20260823__unblocked_rank1__gp/runs.csv,replicated,3,1
GP,unblocked_rank1,1,uniform,128,20260823,a3fb80c84d77259f,2,1.00999999,6,completed,9.35312,9.35280036926,full_fp64,0.0106919854879,7.12109375,1.009765625,0,122,0,0,0,12,7,0,0,0,0,0,uniform__n128__seed20260823__unblocked_rank1__gp/runs.csv,replicated,3,1
PP,unblocked_rank1,1,uniform,128,20260823,a3fb80c84d77259f,0,1.00999999,6,completed,9.242598,9.24217605591,full_fp64,0.0093611611519,5.84375,0.9990234375,0,123,0,0,0,0,0,0,0,0,0,0,uniform__n128__seed20260823__unblocked_rank1__pp/runs.csv,replicated,3,1
PP,unblocked_rank1,1,uniform,128,20260823,a3fb80c84d77259f,1,1.00999999,6,completed,9.168967,9.16831970215,full_fp64,0.0093611611519,5.84375,0.9990234375,0,123,0,0,0,0,0,0,0,0,0,0,uniform__n128__seed20260823__unblocked_rank1__pp/runs.csv,replicated,3,1
PP,unblocked_rank1,1,uniform,128,20260823,a3fb80c84d77259f,2,1.00999999,6,completed,8.309405,8.30902385712,full_fp64,0.0093611611519,5.84375,0.9990234375,0,123,0,0,0,0,0,0,0,0,0,0,uniform__n128__seed20260823__unblocked_rank1__pp/runs.csv,replicated,3,1
RP,unblocked_rank1,1,uniform,128,20260823,a3fb80c84d77259f,0,1.00999999,6,completed,10.794295,10.7937278748,full_fp64,0.00746688176878,4.05859375,1,0,124,82,0,0,0,0,0,0,0,220,0,uniform__n128__seed20260823__unblocked_rank1__rp/runs.csv,replicated,3,1
RP,unblocked_rank1,1,uniform,128,20260823,a3fb80c84d77259f,1,1.00999999,6,completed,10.799992,10.7991676331,full_fp64,0.00746688176878,4.05859375,1,0,124,82,0,0,0,0,0,0,0,220,0,uniform__n128__seed20260823__unblocked_rank1__rp/runs.csv,replicated,3,1
RP,unblocked_rank1,1,uniform,128,20260823,a3fb80c84d77259f,2,1.00999999,6,completed,10.857045,10.8564481735,full_fp64,0.00746688176878,4.05859375,1,0,124,82,0,0,0,0,0,0,0,220,0,uniform__n128__seed20260823__unblocked_rank1__rp/runs.csv,replicated,3,1
ScaP,unblocked_rank1,1,uniform,128,20260823,a3fb80c84d77259f,0,1.00999999,6,completed,10.315597,10.3156480789,full_fp64,0.00754315592349,5.78125,0.998046875,0,121,72,0,0,0,0,55,59,13,0,0,uniform__n128__seed20260823__unblocked_rank1__scap/runs.csv,replicated,3,1
ScaP,unblocked_rank1,1,uniform,128,20260823,a3fb80c84d77259f,1,1.00999999,6,completed,10.233901,10.2350082397,full_fp64,0.00754315592349,5.78125,0.998046875,0,121,72,0,0,0,0,55,59,13,0,0,uniform__n128__seed20260823__unblocked_rank1__scap/runs.csv,replicated,3,1
ScaP,unblocked_rank1,1,uniform,128,20260823,a3fb80c84d77259f,2,1.00999999,6,completed,10.309351,10.3090238571,full_fp64,0.00754315592349,5.78125,0.998046875,0,121,72,0,0,0,0,55,59,13,0,0,uniform__n128__seed20260823__unblocked_rank1__scap/runs.csv,replicated,3,1
ScPP,unblocked_rank1,1,uniform,128,20260823,a3fb80c84d77259f,0,1.00999999,6,completed,7.869546,7.86950397491,full_fp64,0.0078914645128,8.828125,1.0283203125,0,120,0,0,0,0,0,0,0,0,0,0,uniform__n128__seed20260823__unblocked_rank1__scpp/runs.csv,replicated,3,1
ScPP,unblocked_rank1,1,uniform,128,20260823,a3fb80c84d77259f,1,1.00999999,6,completed,7.855924,7.8555521965,full_fp64,0.0078914645128,8.828125,1.0283203125,0,120,0,0,0,0,0,0,0,0,0,0,uniform__n128__seed20260823__unblocked_rank1__scpp/runs.csv,replicated,3,1
ScPP,unblocked_rank1,1,uniform,128,20260823,a3fb80c84d77259f,2,1.00999999,6,completed,7.887635,7.88646411896,full_fp64,0.0078914645128,8.828125,1.0283203125,0,120,0,0,0,0,0,0,0,0,0,0,uniform__n128__seed20260823__unblocked_rank1__scpp/runs.csv,replicated,3,1
CP,blocked_panel_local,64,uniform,128,20260824,e6360ef2ecdc422f,0,1.00999999,6,completed,11.949866,11.9491519928,full_fp64,0.0067669628188,4.421875,0.9990234375,0,122,116,0,0,0,0,0,0,0,0,0,uniform__n128__seed20260824__blocked_panel_local__cp/runs.csv,replicated,3,1
CP,blocked_panel_local,64,uniform,128,20260824,e6360ef2ecdc422f,1,1.00999999,6,completed,11.934665,11.9340162277,full_fp64,0.0067669628188,4.421875,0.9990234375,0,122,116,0,0,0,0,0,0,0,0,0,uniform__n128__seed20260824__blocked_panel_local__cp/runs.csv,replicated,3,1
CP,blocked_panel_local,64,uniform,128,20260824,e6360ef2ecdc422f,2,1.00999999,6,completed,11.876964,11.8759679794,full_fp64,0.0067669628188,4.421875,0.9990234375,0,122,116,0,0,0,0,0,0,0,0,0,uniform__n128__seed20260824__blocked_panel_local__cp/runs.csv,replicated,3,1
DP,blocked_panel_local,64,uniform,128,20260824,e6360ef2ecdc422f,0,1.00999999,6,completed,8.896049,8.89523220062,full_fp64,0.010302152019,8.8359375,0.9892578125,0,122,6,6,0,0,0,0,0,0,0,0,uniform__n128__seed20260824__blocked_panel_local__dp/runs.csv,replicated,3,1
DP,blocked_panel_local,64,uniform,128,20260824,e6360ef2ecdc422f,1,1.00999999,6,completed,8.754417,8.75465583801,full_fp64,0.010302152019,8.8359375,0.9892578125,0,122,6,6,0,0,0,0,0,0,0,0,uniform__n128__seed20260824__blocked_panel_local__dp/runs.csv,replicated,3,1
DP,blocked_panel_local,64,uniform,128,20260824,e6360ef2ecdc422f,2,1.00999999,6,completed,8.844567,8.8440322876,full_fp64,0.010302152019,8.8359375,0.9892578125,0,122,6,6,0,0,0,0,0,0,0,0,uniform__n128__seed20260824__blocked_panel_local__dp/runs.csv,replicated,3,1
GP,blocked_panel_local,64,uniform,128,20260824,e6360ef2ecdc422f,0,1.00999999,6,completed,10.092981,10.0928640366,full_fp64,0.0118519123644,9.34375,1.0029296875,0,122,0,0,0,4,2,0,0,0,0,0,uniform__n128__seed20260824__blocked_panel_local__gp/runs.csv,replicated,3,1
GP,blocked_panel_local,64,uniform,128,20260824,e6360ef2ecdc422f,1,1.00999999,6,completed,10.249531,10.2488641739,full_fp64,0.0118519123644,9.34375,1.0029296875,0,122,0,0,0,4,2,0,0,0,0,0,uniform__n128__seed20260824__blocked_panel_local__gp/runs.csv,replicated,3,1
GP,blocked_panel_local,64,uniform,128,20260824,e6360ef2ecdc422f,2,1.00999999,6,completed,10.34761,10.3473596573,full_fp64,0.0118519123644,9.34375,1.0029296875,0,122,0,0,0,4,2,0,0,0,0,0,uniform__n128__seed20260824__blocked_panel_local__gp/runs.csv,replicated,3,1
PP,blocked_panel_local,64,uniform,128,20260824,e6360ef2ecdc422f,0,1.00999999,6,completed,8.845945,8.84585571289,full_fp64,0.00772007228807,9.34375,1,0,121,0,0,0,0,0,0,0,0,0,0,uniform__n128__seed20260824__blocked_panel_local__pp/runs.csv,replicated,3,1
PP,blocked_panel_local,64,uniform,128,20260824,e6360ef2ecdc422f,1,1.00999999,6,completed,8.673271,8.6726398468,full_fp64,0.00772007228807,9.34375,1,0,121,0,0,0,0,0,0,0,0,0,0,uniform__n128__seed20260824__blocked_panel_local__pp/runs.csv,replicated,3,1
PP,blocked_panel_local,64,uniform,128,20260824,e6360ef2ecdc422f,2,1.00999999,6,completed,9.037731,9.03664016724,full_fp64,0.00772007228807,9.34375,1,0,121,0,0,0,0,0,0,0,0,0,0,uniform__n128__seed20260824__blocked_panel_local__pp/runs.csv,replicated,3,1
RP,blocked_panel_local,64,uniform,128,20260824,e6360ef2ecdc422f,0,1.00999999,6,completed,12.926849,12.9262723923,full_fp64,0.00854941876605,5.98046875,0.998046875,0,121,61,0,0,0,0,0,0,0,198,0,uniform__n128__seed20260824__blocked_panel_local__rp/runs.csv,replicated,3,1
RP,blocked_panel_local,64,uniform,128,20260824,e6360ef2ecdc422f,1,1.00999999,6,completed,13.143219,13.1429443359,full_fp64,0.00854941876605,5.98046875,0.998046875,0,121,61,0,0,0,0,0,0,0,198,0,uniform__n128__seed20260824__blocked_panel_local__rp/runs.csv,replicated,3,1
RP,blocked_panel_local,64,uniform,128,20260824,e6360ef2ecdc422f,2,1.00999999,6,completed,13.26947,13.2687044144,full_fp64,0.00854941876605,5.98046875,0.998046875,0,121,61,0,0,0,0,0,0,0,198,0,uniform__n128__seed20260824__blocked_panel_local__rp/runs.csv,replicated,3,1
ScaP,blocked_panel_local,64,uniform,128,20260824,e6360ef2ecdc422f,0,1.00999999,6,completed,11.239225,11.2382717133,full_fp64,0.0115160839632,7.1640625,1,0,121,77,0,0,0,0,50,58,19,0,0,uniform__n128__seed20260824__blocked_panel_local__scap/runs.csv,replicated,3,1
ScaP,blocked_panel_local,64,uniform,128,20260824,e6360ef2ecdc422f,1,1.00999999,6,completed,11.177975,11.1778564453,full_fp64,0.0115160839632,7.1640625,1,0,121,77,0,0,0,0,50,58,19,0,0,uniform__n128__seed20260824__blocked_panel_local__scap/runs.csv,replicated,3,1
ScaP,blocked_panel_local,64,uniform,128,20260824,e6360ef2ecdc422f,2,1.00999999,6,completed,11.222105,11.2215995789,full_fp64,0.0115160839632,7.1640625,1,0,121,77,0,0,0,0,50,58,19,0,0,uniform__n128__seed20260824__blocked_panel_local__scap/runs.csv,replicated,3,1
ScPP,blocked_panel_local,64,uniform,128,20260824,e6360ef2ecdc422f,0,1.00999999,6,completed,8.779751,8.77968025208,full_fp64,0.0111299213022,5.875,1.017578125,0,121,0,0,0,0,0,0,0,0,0,0,uniform__n128__seed20260824__blocked_panel_local__scpp/runs.csv,replicated,3,1
ScPP,blocked_panel_local,64,uniform,128,20260824,e6360ef2ecdc422f,1,1.00999999,6,completed,8.783068,8.78223991394,full_fp64,0.0111299213022,5.875,1.017578125,0,121,0,0,0,0,0,0,0,0,0,0,uniform__n128__seed20260824__blocked_panel_local__scpp/runs.csv,replicated,3,1
ScPP,blocked_panel_local,64,uniform,128,20260824,e6360ef2ecdc422f,2,1.00999999,6,completed,8.665784,8.66492843628,full_fp64,0.0111299213022,5.875,1.017578125,0,121,0,0,0,0,0,0,0,0,0,0,uniform__n128__seed20260824__blocked_panel_local__scpp/runs.csv,replicated,3,1
CP,unblocked_rank1,1,uniform,128,20260824,e6360ef2ecdc422f,0,1.00999999,6,completed,11.929479,11.928735733,full_fp64,0.00531658809632,3.298828125,0.99755859375,0,124,119,0,0,0,0,0,0,0,0,0,uniform__n128__seed20260824__unblocked_rank1__cp/runs.csv,replicated,3,1
CP,unblocked_rank1,1,uniform,128,20260824,e6360ef2ecdc422f,1,1.00999999,6,completed,11.843237,11.8432636261,full_fp64,0.00531658809632,3.298828125,0.99755859375,0,124,119,0,0,0,0,0,0,0,0,0,uniform__n128__seed20260824__unblocked_rank1__cp/runs.csv,replicated,3,1
CP,unblocked_rank1,1,uniform,128,20260824,e6360ef2ecdc422f,2,1.00999999,6,completed,11.812818,11.8119678497,full_fp64,0.00531658809632,3.298828125,0.99755859375,0,124,119,0,0,0,0,0,0,0,0,0,uniform__n128__seed20260824__unblocked_rank1__cp/runs.csv,replicated,3,1
DP,unblocked_rank1,1,uniform,128,20260824,e6360ef2ecdc422f,0,1.00999999,6,completed,7.811935,7.8111038208,full_fp64,0.010302152019,8.8359375,0.9892578125,0,122,6,6,0,0,0,0,0,0,0,0,uniform__n128__seed20260824__unblocked_rank1__dp/runs.csv,replicated,3,1
DP,unblocked_rank1,1,uniform,128,20260824,e6360ef2ecdc422f,1,1.00999999,6,completed,7.915399,7.91510391235,full_fp64,0.010302152019,8.8359375,0.9892578125,0,122,6,6,0,0,0,0,0,0,0,0,uniform__n128__seed20260824__unblocked_rank1__dp/runs.csv,replicated,3,1
DP,unblocked_rank1,1,uniform,128,20260824,e6360ef2ecdc422f,2,1.00999999,6,completed,7.780061,7.77929592133,full_fp64,0.010302152019,8.8359375,0.9892578125,0,122,6,6,0,0,0,0,0,0,0,0,uniform__n128__seed20260824__unblocked_rank1__dp/runs.csv,replicated,3,1
GP,unblocked_rank1,1,uniform,128,20260824,e6360ef2ecdc422f,0,1.00999999,6,completed,7.934036,7.93347215652,full_fp64,0.00980344973505,8.3125,1.0078125,0,124,0,0,0,10,6,0,0,0,0,0,uniform__n128__seed20260824__unblocked_rank1__gp/runs.csv,replicated,3,1
GP,unblocked_rank1,1,uniform,128,20260824,e6360ef2ecdc422f,1,1.00999999,6,completed,7.977023,7.97606420517,full_fp64,0.00980344973505,8.3125,1.0078125,0,124,0,0,0,10,6,0,0,0,0,0,uniform__n128__seed20260824__unblocked_rank1__gp/runs.csv,replicated,3,1
GP,unblocked_rank1,1,uniform,128,20260824,e6360ef2ecdc422f,2,1.00999999,6,completed,7.954385,7.95433616638,full_fp64,0.00980344973505,8.3125,1.0078125,0,124,0,0,0,10,6,0,0,0,0,0,uniform__n128__seed20260824__unblocked_rank1__gp/runs.csv,replicated,3,1
PP,unblocked_rank1,1,uniform,128,20260824,e6360ef2ecdc422f,0,1.00999999,6,completed,7.801584,7.80102396011,full_fp64,0.00772007228807,9.34375,1,0,121,0,0,0,0,0,0,0,0,0,0,uniform__n128__seed20260824__unblocked_rank1__pp/runs.csv,replicated,3,1
PP,unblocked_rank1,1,uniform,128,20260824,e6360ef2ecdc422f,1,1.00999999,6,completed,7.708832,7.70815992355,full_fp64,0.00772007228807,9.34375,1,0,121,0,0,0,0,0,0,0,0,0,0,uniform__n128__seed20260824__unblocked_rank1__pp/runs.csv,replicated,3,1
PP,unblocked_rank1,1,uniform,128,20260824,e6360ef2ecdc422f,2,1.00999999,6,completed,7.672018,7.67116785049,full_fp64,0.00772007228807,9.34375,1,0,121,0,0,0,0,0,0,0,0,0,0,uniform__n128__seed20260824__unblocked_rank1__pp/runs.csv,replicated,3,1
RP,unblocked_rank1,1,uniform,128,20260824,e6360ef2ecdc422f,0,1.00999999,6,completed,11.059859,11.059264183,full_fp64,0.00831476273015,4.53125,0.99853515625,0,124,77,0,0,0,0,0,0,0,221,0,uniform__n128__seed20260824__unblocked_rank1__rp/runs.csv,replicated,3,1
RP,unblocked_rank1,1,uniform,128,20260824,e6360ef2ecdc422f,1,1.00999999,6,completed,10.991916,10.9915838242,full_fp64,0.00831476273015,4.53125,0.99853515625,0,124,77,0,0,0,0,0,0,0,221,0,uniform__n128__seed20260824__unblocked_rank1__rp/runs.csv,replicated,3,1
RP,unblocked_rank1,1,uniform,128,20260824,e6360ef2ecdc422f,2,1.00999999,6,completed,10.994865,10.994591713,full_fp64,0.00831476273015,4.53125,0.99853515625,0,124,77,0,0,0,0,0,0,0,221,0,uniform__n128__seed20260824__unblocked_rank1__rp/runs.csv,replicated,3,1
ScaP,unblocked_rank1,1,uniform,128,20260824,e6360ef2ecdc422f,0,1.00999999,6,completed,10.076213,10.0755519867,full_fp64,0.00816810663673,6.890625,1,0,122,64,0,0,0,0,63,49,15,0,0,uniform__n128__seed20260824__unblocked_rank1__scap/runs.csv,replicated,3,1
ScaP,unblocked_rank1,1,uniform,128,20260824,e6360ef2ecdc422f,1,1.00999999,6,completed,10.098207,10.0983362198,full_fp64,0.00816810663673,6.890625,1,0,122,64,0,0,0,0,63,49,15,0,0,uniform__n128__seed20260824__unblocked_rank1__scap/runs.csv,replicated,3,1
ScaP,unblocked_rank1,1,uniform,128,20260824,e6360ef2ecdc422f,2,1.00999999,6,completed,10.15088,10.1508798599,full_fp64,0.00816810663673,6.890625,1,0,122,64,0,0,0,0,63,49,15,0,0,uniform__n128__seed20260824__unblocked_rank1__scap/runs.csv,replicated,3,1
ScPP,unblocked_rank1,1,uniform,128,20260824,e6360ef2ecdc422f,0,1.00999999,6,completed,8.026198,8.02582359314,full_fp64,0.0111299213022,5.875,1.017578125,0,121,0,0,0,0,0,0,0,0,0,0,uniform__n128__seed20260824__unblocked_rank1__scpp/runs.csv,replicated,3,1
ScPP,unblocked_rank1,1,uniform,128,20260824,e6360ef2ecdc422f,1,1.00999999,6,completed,7.72868,7.72796821594,full_fp64,0.0111299213022,5.875,1.017578125,0,121,0,0,0,0,0,0,0,0,0,0,uniform__n128__seed20260824__unblocked_rank1__scpp/runs.csv,replicated,3,1
ScPP,unblocked_rank1,1,uniform,128,20260824,e6360ef2ecdc422f,2,1.00999999,6,completed,7.934518,7.93404817581,full_fp64,0.0111299213022,5.875,1.017578125,0,121,0,0,0,0,0,0,0,0,0,0,uniform__n128__seed20260824__unblocked_rank1__scpp/runs.csv,replicated,3,1
CP,blocked_panel_local,64,uniform,128,20260825,465b0e7480d71a8e,0,1.00999999,6,completed,11.767815,11.7681598663,full_fp64,0.00742920907214,4.29296875,0.998046875,0,124,117,0,0,0,0,0,0,0,0,0,uniform__n128__seed20260825__blocked_panel_local__cp/runs.csv,replicated,3,1
CP,blocked_panel_local,64,uniform,128,20260825,465b0e7480d71a8e,1,1.00999999,6,completed,11.900805,11.900639534,full_fp64,0.00742920907214,4.29296875,0.998046875,0,124,117,0,0,0,0,0,0,0,0,0,uniform__n128__seed20260825__blocked_panel_local__cp/runs.csv,replicated,3,1
CP,blocked_panel_local,64,uniform,128,20260825,465b0e7480d71a8e,2,1.00999999,6,completed,11.92384,11.9237442017,full_fp64,0.00742920907214,4.29296875,0.998046875,0,124,117,0,0,0,0,0,0,0,0,0,uniform__n128__seed20260825__blocked_panel_local__cp/runs.csv,replicated,3,1
DP,blocked_panel_local,64,uniform,128,20260825,465b0e7480d71a8e,0,1.00999999,6,completed,8.903529,8.90281581879,full_fp64,0.0105514265597,7.38671875,0.98974609375,0,123,8,8,0,0,0,0,0,0,0,0,uniform__n128__seed20260825__blocked_panel_local__dp/runs.csv,replicated,3,1
DP,blocked_panel_local,64,uniform,128,20260825,465b0e7480d71a8e,1,1.00999999,6,completed,8.81645,8.81555175781,full_fp64,0.0105514265597,7.38671875,0.98974609375,0,123,8,8,0,0,0,0,0,0,0,0,uniform__n128__seed20260825__blocked_panel_local__dp/runs.csv,replicated,3,1
DP,blocked_panel_local,64,uniform,128,20260825,465b0e7480d71a8e,2,1.00999999,6,completed,8.903189,8.90252780914,full_fp64,0.0105514265597,7.38671875,0.98974609375,0,123,8,8,0,0,0,0,0,0,0,0,uniform__n128__seed20260825__blocked_panel_local__dp/runs.csv,replicated,3,1
GP,blocked_panel_local,64,uniform,128,20260825,465b0e7480d71a8e,0,1.00999999,6,completed,8.96009,8.96012783051,full_fp64,0.00942132622004,7.64453125,1.0068359375,0,120,0,0,0,12,6,0,0,0,0,0,uniform__n128__seed20260825__blocked_panel_local__gp/runs.csv,replicated,3,1
GP,blocked_panel_local,64,uniform,128,20260825,465b0e7480d71a8e,1,1.00999999,6,completed,8.959587,8.95884799957,full_fp64,0.00942132622004,7.64453125,1.0068359375,0,120,0,0,0,12,6,0,0,0,0,0,uniform__n128__seed20260825__blocked_panel_local__gp/runs.csv,replicated,3,1
GP,blocked_panel_local,64,uniform,128,20260825,465b0e7480d71a8e,2,1.00999999,6,completed,8.942372,8.94214439392,full_fp64,0.00942132622004,7.64453125,1.0068359375,0,120,0,0,0,12,6,0,0,0,0,0,uniform__n128__seed20260825__blocked_panel_local__gp/runs.csv,replicated,3,1
PP,blocked_panel_local,64,uniform,128,20260825,465b0e7480d71a8e,0,1.00999999,6,completed,8.990619,8.99071979523,full_fp64,0.0090002277866,5.890625,1,0,123,0,0,0,0,0,0,0,0,0,0,uniform__n128__seed20260825__blocked_panel_local__pp/runs.csv,replicated,3,1
PP,blocked_panel_local,64,uniform,128,20260825,465b0e7480d71a8e,1,1.00999999,6,completed,8.963185,8.96288013458,full_fp64,0.0090002277866,5.890625,1,0,123,0,0,0,0,0,0,0,0,0,0,uniform__n128__seed20260825__blocked_panel_local__pp/runs.csv,replicated,3,1
PP,blocked_panel_local,64,uniform,128,20260825,465b0e7480d71a8e,2,1.00999999,6,completed,8.706725,8.70633602142,full_fp64,0.0090002277866,5.890625,1,0,123,0,0,0,0,0,0,0,0,0,0,uniform__n128__seed20260825__blocked_panel_local__pp/runs.csv,replicated,3,1
RP,blocked_panel_local,64,uniform,128,20260825,465b0e7480d71a8e,0,1.00999999,6,completed,11.402066,11.4017915726,full_fp64,0.00785419193562,5.515625,1,0,120,71,0,0,0,0,0,0,0,204,0,uniform__n128__seed20260825__blocked_panel_local__rp/runs.csv,replicated,3,1
RP,blocked_panel_local,64,uniform,128,20260825,465b0e7480d71a8e,1,1.00999999,6,completed,11.423803,11.4232959747,full_fp64,0.00785419193562,5.515625,1,0,120,71,0,0,0,0,0,0,0,204,0,uniform__n128__seed20260825__blocked_panel_local__rp/runs.csv,replicated,3,1
RP,blocked_panel_local,64,uniform,128,20260825,465b0e7480d71a8e,2,1.00999999,6,completed,11.235233,11.2354240417,full_fp64,0.00785419193562,5.515625,1,0,120,71,0,0,0,0,0,0,0,204,0,uniform__n128__seed20260825__blocked_panel_local__rp/runs.csv,replicated,3,1
ScaP,blocked_panel_local,64,uniform,128,20260825,465b0e7480d71a8e,0,1.00999999,6,completed,11.040345,11.0401601791,full_fp64,0.00805997103453,4.8828125,0.9990234375,0,127,70,0,0,0,0,57,53,17,0,0,uniform__n128__seed20260825__blocked_panel_local__scap/runs.csv,replicated,3,1
ScaP,blocked_panel_local,64,uniform,128,20260825,465b0e7480d71a8e,1,1.00999999,6,completed,11.177263,11.1784324646,full_fp64,0.00805997103453,4.8828125,0.9990234375,0,127,70,0,0,0,0,57,53,17,0,0,uniform__n128__seed20260825__blocked_panel_local__scap/runs.csv,replicated,3,1
ScaP,blocked_panel_local,64,uniform,128,20260825,465b0e7480d71a8e,2,1.00999999,6,completed,11.13679,11.13667202,full_fp64,0.00805997103453,4.8828125,0.9990234375,0,127,70,0,0,0,0,57,53,17,0,0,uniform__n128__seed20260825__blocked_panel_local__scap/runs.csv,replicated,3,1
ScPP,blocked_panel_local,64,uniform,128,20260825,465b0e7480d71a8e,0,1.00999999,6,completed,8.701986,8.70143985748,full_fp64,0.00896649679635,6.96875,1.00390625,0,124,0,0,0,0,0,0,0,0,0,0,uniform__n128__seed20260825__blocked_panel_local__scpp/runs.csv,replicated,3,1
ScPP,blocked_panel_local,64,uniform,128,20260825,465b0e7480d71a8e,1,1.00999999,6,completed,8.706361,8.70601558685,full_fp64,0.00896649679635,6.96875,1.00390625,0,124,0,0,0,0,0,0,0,0,0,0,uniform__n128__seed20260825__blocked_panel_local__scpp/runs.csv,replicated,3,1
ScPP,blocked_panel_local,64,uniform,128,20260825,465b0e7480d71a8e,2,1.00999999,6,completed,8.78633,8.78524780273,full_fp64,0.00896649679635,6.96875,1.00390625,0,124,0,0,0,0,0,0,0,0,0,0,uniform__n128__seed20260825__blocked_panel_local__scpp/runs.csv,replicated,3,1
CP,unblocked_rank1,1,uniform,128,20260825,465b0e7480d71a8e,0,1.00999999,6,completed,11.707729,11.7072324753,full_fp64,0.00651292869588,2.931640625,0.99609375,0,122,121,0,0,0,0,0,0,0,0,0,uniform__n128__seed20260825__unblocked_rank1__cp/runs.csv,replicated,3,1
CP,unblocked_rank1,1,uniform,128,20260825,465b0e7480d71a8e,1,1.00999999,6,completed,11.877294,11.877120018,full_fp64,0.00651292869588,2.931640625,0.99609375,0,122,121,0,0,0,0,0,0,0,0,0,uniform__n128__seed20260825__unblocked_rank1__cp/runs.csv,replicated,3,1
CP,unblocked_rank1,1,uniform,128,20260825,465b0e7480d71a8e,2,1.00999999,6,completed,11.808917,11.8087358475,full_fp64,0.00651292869588,2.931640625,0.99609375,0,122,121,0,0,0,0,0,0,0,0,0,uniform__n128__seed20260825__unblocked_rank1__cp/runs.csv,replicated,3,1
DP,unblocked_rank1,1,uniform,128,20260825,465b0e7480d71a8e,0,1.00999999,6,completed,8.087252,8.0865278244,full_fp64,0.0105514265597,7.38671875,0.98974609375,0,123,8,8,0,0,0,0,0,0,0,0,uniform__n128__seed20260825__unblocked_rank1__dp/runs.csv,replicated,3,1
DP,unblocked_rank1,1,uniform,128,20260825,465b0e7480d71a8e,1,1.00999999,6,completed,7.964917,7.96457576752,full_fp64,0.0105514265597,7.38671875,0.98974609375,0,123,8,8,0,0,0,0,0,0,0,0,uniform__n128__seed20260825__unblocked_rank1__dp/runs.csv,replicated,3,1
DP,unblocked_rank1,1,uniform,128,20260825,465b0e7480d71a8e,2,1.00999999,6,completed,7.977726,7.97795200348,full_fp64,0.0105514265597,7.38671875,0.98974609375,0,123,8,8,0,0,0,0,0,0,0,0,uniform__n128__seed20260825__unblocked_rank1__dp/runs.csv,replicated,3,1
GP,unblocked_rank1,1,uniform,128,20260825,465b0e7480d71a8e,0,1.00999999,6,completed,8.027902,8.02703952789,full_fp64,0.00891020428389,6.91015625,1.009765625,0,125,0,0,0,10,3,0,0,0,0,0,uniform__n128__seed20260825__unblocked_rank1__gp/runs.csv,replicated,3,1
GP,unblocked_rank1,1,uniform,128,20260825,465b0e7480d71a8e,1,1.00999999,6,completed,7.94722,7.94704008102,full_fp64,0.00891020428389,6.91015625,1.009765625,0,125,0,0,0,10,3,0,0,0,0,0,uniform__n128__seed20260825__unblocked_rank1__gp/runs.csv,replicated,3,1
GP,unblocked_rank1,1,uniform,128,20260825,465b0e7480d71a8e,2,1.00999999,6,completed,7.872564,7.87161588669,full_fp64,0.00891020428389,6.91015625,1.009765625,0,125,0,0,0,10,3,0,0,0,0,0,uniform__n128__seed20260825__unblocked_rank1__gp/runs.csv,replicated,3,1
PP,unblocked_rank1,1,uniform,128,20260825,465b0e7480d71a8e,0,1.00999999,6,completed,7.968032,7.96761608124,full_fp64,0.0090002277866,5.890625,1,0,123,0,0,0,0,0,0,0,0,0,0,uniform__n128__seed20260825__unblocked_rank1__pp/runs.csv,replicated,3,1
PP,unblocked_rank1,1,uniform,128,20260825,465b0e7480d71a8e,1,1.00999999,6,completed,7.878846,7.87785577774,full_fp64,0.0090002277866,5.890625,1,0,123,0,0,0,0,0,0,0,0,0,0,uniform__n128__seed20260825__unblocked_rank1__pp/runs.csv,replicated,3,1
PP,unblocked_rank1,1,uniform,128,20260825,465b0e7480d71a8e,2,1.00999999,6,completed,7.941051,7.94038391113,full_fp64,0.0090002277866,5.890625,1,0,123,0,0,0,0,0,0,0,0,0,0,uniform__n128__seed20260825__unblocked_rank1__pp/runs.csv,replicated,3,1
RP,unblocked_rank1,1,uniform,128,20260825,465b0e7480d71a8e,0,1.00999999,6,completed,11.069849,11.0695676804,full_fp64,0.00554454512894,3.998046875,0.99609375,0,120,82,0,0,0,0,0,0,0,220,0,uniform__n128__seed20260825__unblocked_rank1__rp/runs.csv,replicated,3,1
RP,unblocked_rank1,1,uniform,128,20260825,465b0e7480d71a8e,1,1.00999999,6,completed,11.106597,11.1070718765,full_fp64,0.00554454512894,3.998046875,0.99609375,0,120,82,0,0,0,0,0,0,0,220,0,uniform__n128__seed20260825__unblocked_rank1__rp/runs.csv,replicated,3,1
RP,unblocked_rank1,1,uniform,128,20260825,465b0e7480d71a8e,2,1.00999999,6,completed,11.101716,11.1011838913,full_fp64,0.00554454512894,3.998046875,0.99609375,0,120,82,0,0,0,0,0,0,0,220,0,uniform__n128__seed20260825__unblocked_rank1__rp/runs.csv,replicated,3,1
ScaP,unblocked_rank1,1,uniform,128,20260825,465b0e7480d71a8e,0,1.00999999,6,completed,10.076969,10.0764160156,full_fp64,0.00892203114927,6.02734375,0.9990234375,0,124,63,0,0,0,0,64,44,19,0,0,uniform__n128__seed20260825__unblocked_rank1__scap/runs.csv,replicated,3,1
ScaP,unblocked_rank1,1,uniform,128,20260825,465b0e7480d71a8e,1,1.00999999,6,completed,10.224842,10.2246398926,full_fp64,0.00892203114927,6.02734375,0.9990234375,0,124,63,0,0,0,0,64,44,19,0,0,uniform__n128__seed20260825__unblocked_rank1__scap/runs.csv,replicated,3,1
ScaP,unblocked_rank1,1,uniform,128,20260825,465b0e7480d71a8e,2,1.00999999,6,completed,10.154735,10.1542081833,full_fp64,0.00892203114927,6.02734375,0.9990234375,0,124,63,0,0,0,0,64,44,19,0,0,uniform__n128__seed20260825__unblocked_rank1__scap/runs.csv,replicated,3,1
ScPP,unblocked_rank1,1,uniform,128,20260825,465b0e7480d71a8e,0,1.00999999,6,completed,7.918445,7.91824007034,full_fp64,0.00896649679635,6.96875,1.00390625,0,124,0,0,0,0,0,0,0,0,0,0,uniform__n128__seed20260825__unblocked_rank1__scpp/runs.csv,replicated,3,1
ScPP,unblocked_rank1,1,uniform,128,20260825,465b0e7480d71a8e,1,1.00999999,6,completed,7.815214,7.81487989426,full_fp64,0.00896649679635,6.96875,1.00390625,0,124,0,0,0,0,0,0,0,0,0,0,uniform__n128__seed20260825__unblocked_rank1__scpp/runs.csv,replicated,3,1
ScPP,unblocked_rank1,1,uniform,128,20260825,465b0e7480d71a8e,2,1.00999999,6,completed,7.811004,7.81065607071,full_fp64,0.00896649679635,6.96875,1.00390625,0,124,0,0,0,0,0,0,0,0,0,0,uniform__n128__seed20260825__unblocked_rank1__scpp/runs.csv,replicated,3,1
CP,blocked_panel_local,64,uniform,2048,20260823,ff1e8cd9799ee972,0,1.00999999,6,completed,5822.961646,5823.00390625,sampled_fp64_32x32,0.05491632548,33.875,1,0,2040,1891,0,0,0,0,0,0,0,0,0,uniform__n2048__seed20260823__blocked_panel_local__cp/runs.csv,replicated,3,1
CP,blocked_panel_local,64,uniform,2048,20260823,ff1e8cd9799ee972,1,1.00999999,6,completed,5898.796575,5898.83740234,sampled_fp64_32x32,0.05491632548,33.875,1,0,2040,1891,0,0,0,0,0,0,0,0,0,uniform__n2048__seed20260823__blocked_panel_local__cp/runs.csv,replicated,3,1
CP,blocked_panel_local,64,uniform,2048,20260823,ff1e8cd9799ee972,2,1.00999999,6,completed,5900.407221,5900.44873047,sampled_fp64_32x32,0.05491632548,33.875,1,0,2040,1891,0,0,0,0,0,0,0,0,0,uniform__n2048__seed20260823__blocked_panel_local__cp/runs.csv,replicated,3,1
DP,blocked_panel_local,64,uniform,2048,20260823,ff1e8cd9799ee972,0,1.00999999,6,completed,191.592522,191.593154907,sampled_fp64_32x32,0.0639368617558,50.4375,0.99951171875,0,2037,214,214,5,0,0,0,0,0,0,0,uniform__n2048__seed20260823__blocked_panel_local__dp/runs.csv,replicated,3,1
DP,blocked_panel_local,64,uniform,2048,20260823,ff1e8cd9799ee972,1,1.00999999,6,completed,191.521591,191.52204895,sampled_fp64_32x32,0.0639368617558,50.4375,0.99951171875,0,2037,214,214,5,0,0,0,0,0,0,0,uniform__n2048__seed20260823__blocked_panel_local__dp/runs.csv,replicated,3,1
DP,blocked_panel_local,64,uniform,2048,20260823,ff1e8cd9799ee972,2,1.00999999,6,completed,191.3631,191.363677979,sampled_fp64_32x32,0.0639368617558,50.4375,0.99951171875,0,2037,214,214,5,0,0,0,0,0,0,0,uniform__n2048__seed20260823__blocked_panel_local__dp/runs.csv,replicated,3,1
GP,blocked_panel_local,64,uniform,2048,20260823,ff1e8cd9799ee972,0,1.00999999,6,completed,190.590656,190.591491699,sampled_fp64_32x32,0.0669197092769,36.59375,1.009765625,0,2040,0,0,0,200,105,0,0,0,0,0,uniform__n2048__seed20260823__blocked_panel_local__gp/runs.csv,replicated,3,1
GP,blocked_panel_local,64,uniform,2048,20260823,ff1e8cd9799ee972,1,1.00999999,6,completed,190.273512,190.273666382,sampled_fp64_32x32,0.0669197092769,36.59375,1.009765625,0,2040,0,0,0,200,105,0,0,0,0,0,uniform__n2048__seed20260823__blocked_panel_local__gp/runs.csv,replicated,3,1
GP,blocked_panel_local,64,uniform,2048,20260823,ff1e8cd9799ee972,2,1.00999999,6,completed,190.388221,190.389724731,sampled_fp64_32x32,0.0669197092769,36.59375,1.009765625,0,2040,0,0,0,200,105,0,0,0,0,0,uniform__n2048__seed20260823__blocked_panel_local__gp/runs.csv,replicated,3,1
PP,blocked_panel_local,64,uniform,2048,20260823,ff1e8cd9799ee972,0,1.00999999,6,completed,194.433718,194.434051514,sampled_fp64_32x32,0.0799285354369,43.25,1,0,2038,0,0,0,0,0,0,0,0,0,0,uniform__n2048__seed20260823__blocked_panel_local__pp/runs.csv,replicated,3,1
PP,blocked_panel_local,64,uniform,2048,20260823,ff1e8cd9799ee972,1,1.00999999,6,completed,194.406398,194.406585693,sampled_fp64_32x32,0.0799285354369,43.25,1,0,2038,0,0,0,0,0,0,0,0,0,0,uniform__n2048__seed20260823__blocked_panel_local__pp/runs.csv,replicated,3,1
PP,blocked_panel_local,64,uniform,2048,20260823,ff1e8cd9799ee972,2,1.00999999,6,completed,194.350393,194.350845337,sampled_fp64_32x32,0.0799285354369,43.25,1,0,2038,0,0,0,0,0,0,0,0,0,0,uniform__n2048__seed20260823__blocked_panel_local__pp/runs.csv,replicated,3,1
RP,blocked_panel_local,64,uniform,2048,20260823,ff1e8cd9799ee972,0,1.00999999,6,completed,215.877986,215.879867554,sampled_fp64_32x32,0.0494501439098,42.65625,1,0,2039,581,0,0,0,0,0,0,0,2686,0,uniform__n2048__seed20260823__blocked_panel_local__rp/runs.csv,replicated,3,1
RP,blocked_panel_local,64,uniform,2048,20260823,ff1e8cd9799ee972,1,1.00999999,6,completed,215.459598,215.460250854,sampled_fp64_32x32,0.0494501439098,42.65625,1,0,2039,581,0,0,0,0,0,0,0,2686,0,uniform__n2048__seed20260823__blocked_panel_local__rp/runs.csv,replicated,3,1
RP,blocked_panel_local,64,uniform,2048,20260823,ff1e8cd9799ee972,2,1.00999999,6,completed,216.089738,216.090942383,sampled_fp64_32x32,0.0494501439098,42.65625,1,0,2039,581,0,0,0,0,0,0,0,2686,0,uniform__n2048__seed20260823__blocked_panel_local__rp/runs.csv,replicated,3,1
ScaP,blocked_panel_local,64,uniform,2048,20260823,ff1e8cd9799ee972,0,1.00999999,6,completed,234.437818,234.438720703,sampled_fp64_32x32,0.0616398945858,35.25,1,0,2040,1103,0,0,0,0,944,829,274,0,0,uniform__n2048__seed20260823__blocked_panel_local__scap/runs.csv,replicated,3,1
ScaP,blocked_panel_local,64,uniform,2048,20260823,ff1e8cd9799ee972,1,1.00999999,6,completed,234.981612,234.982269287,sampled_fp64_32x32,0.0616398945858,35.25,1,0,2040,1103,0,0,0,0,944,829,274,0,0,uniform__n2048__seed20260823__blocked_panel_local__scap/runs.csv,replicated,3,1
ScaP,blocked_panel_local,64,uniform,2048,20260823,ff1e8cd9799ee972,2,1.00999999,6,completed,234.501288,234.502593994,sampled_fp64_32x32,0.0616398945858,35.25,1,0,2040,1103,0,0,0,0,944,829,274,0,0,uniform__n2048__seed20260823__blocked_panel_local__scap/runs.csv,replicated,3,1
ScPP,blocked_panel_local,64,uniform,2048,20260823,ff1e8cd9799ee972,0,1.00999999,6,completed,187.065706,187.066818237,sampled_fp64_32x32,0.0613236957579,40.75,1.001953125,0,2039,0,0,0,0,0,0,0,0,0,0,uniform__n2048__seed20260823__blocked_panel_local__scpp/runs.csv,replicated,3,1
ScPP,blocked_panel_local,64,uniform,2048,20260823,ff1e8cd9799ee972,1,1.00999999,6,completed,186.058324,186.058273315,sampled_fp64_32x32,0.0613236957579,40.75,1.001953125,0,2039,0,0,0,0,0,0,0,0,0,0,uniform__n2048__seed20260823__blocked_panel_local__scpp/runs.csv,replicated,3,1
ScPP,blocked_panel_local,64,uniform,2048,20260823,ff1e8cd9799ee972,2,1.00999999,6,completed,186.856809,186.857788086,sampled_fp64_32x32,0.0613236957579,40.75,1.001953125,0,2039,0,0,0,0,0,0,0,0,0,0,uniform__n2048__seed20260823__blocked_panel_local__scpp/runs.csv,replicated,3,1
CP,unblocked_rank1,1,uniform,2048,20260823,ff1e8cd9799ee972,0,1.00999999,6,completed,12280.968286,12281.0546875,sampled_fp64_32x32,0.0483888313247,14.25,0.99951171875,0,2035,2038,0,0,0,0,0,0,0,0,0,uniform__n2048__seed20260823__unblocked_rank1__cp/runs.csv,replicated,3,1
CP,unblocked_rank1,1,uniform,2048,20260823,ff1e8cd9799ee972,1,1.00999999,6,completed,12596.512686,12596.6015625,sampled_fp64_32x32,0.0483888313247,14.25,0.99951171875,0,2035,2038,0,0,0,0,0,0,0,0,0,uniform__n2048__seed20260823__unblocked_rank1__cp/runs.csv,replicated,3,1
CP,unblocked_rank1,1,uniform,2048,20260823,ff1e8cd9799ee972,2,1.00999999,6,completed,12567.834742,12567.9248047,sampled_fp64_32x32,0.0483888313247,14.25,0.99951171875,0,2035,2038,0,0,0,0,0,0,0,0,0,uniform__n2048__seed20260823__unblocked_rank1__cp/runs.csv,replicated,3,1
DP,unblocked_rank1,1,uniform,2048,20260823,ff1e8cd9799ee972,0,1.00999999,6,completed,268.598423,268.599456787,sampled_fp64_32x32,0.0657513258047,47.5625,0.99951171875,0,2041,226,226,1,0,0,0,0,0,0,0,uniform__n2048__seed20260823__unblocked_rank1__dp/runs.csv,replicated,3,1
DP,unblocked_rank1,1,uniform,2048,20260823,ff1e8cd9799ee972,1,1.00999999,6,completed,268.45935,268.460449219,sampled_fp64_32x32,0.0657513258047,47.5625,0.99951171875,0,2041,226,226,1,0,0,0,0,0,0,0,uniform__n2048__seed20260823__unblocked_rank1__dp/runs.csv,replicated,3,1
DP,unblocked_rank1,1,uniform,2048,20260823,ff1e8cd9799ee972,2,1.00999999,6,completed,268.519234,268.520874023,sampled_fp64_32x32,0.0657513258047,47.5625,0.99951171875,0,2041,226,226,1,0,0,0,0,0,0,0,uniform__n2048__seed20260823__unblocked_rank1__dp/runs.csv,replicated,3,1
GP,unblocked_rank1,1,uniform,2048,20260823,ff1e8cd9799ee972,0,1.00999999,6,completed,274.437116,274.438720703,sampled_fp64_32x32,0.0633328950498,45.8125,1.009765625,0,2041,0,0,0,188,83,0,0,0,0,0,uniform__n2048__seed20260823__unblocked_rank1__gp/runs.csv,replicated,3,1
GP,unblocked_rank1,1,uniform,2048,20260823,ff1e8cd9799ee972,1,1.00999999,6,completed,273.870757,273.8722229,sampled_fp64_32x32,0.0633328950498,45.8125,1.009765625,0,2041,0,0,0,188,83,0,0,0,0,0,uniform__n2048__seed20260823__unblocked_rank1__gp/runs.csv,replicated,3,1
GP,unblocked_rank1,1,uniform,2048,20260823,ff1e8cd9799ee972,2,1.00999999,6,completed,273.484249,273.485809326,sampled_fp64_32x32,0.0633328950498,45.8125,1.009765625,0,2041,0,0,0,188,83,0,0,0,0,0,uniform__n2048__seed20260823__unblocked_rank1__gp/runs.csv,replicated,3,1
PP,unblocked_rank1,1,uniform,2048,20260823,ff1e8cd9799ee972,0,1.00999999,6,completed,261.378894,261.380645752,sampled_fp64_32x32,0.0799285354369,43.25,1,0,2038,0,0,0,0,0,0,0,0,0,0,uniform__n2048__seed20260823__unblocked_rank1__pp/runs.csv,replicated,3,1
PP,unblocked_rank1,1,uniform,2048,20260823,ff1e8cd9799ee972,1,1.00999999,6,completed,261.327002,261.328308105,sampled_fp64_32x32,0.0799285354369,43.25,1,0,2038,0,0,0,0,0,0,0,0,0,0,uniform__n2048__seed20260823__unblocked_rank1__pp/runs.csv,replicated,3,1
PP,unblocked_rank1,1,uniform,2048,20260823,ff1e8cd9799ee972,2,1.00999999,6,completed,261.118073,261.119598389,sampled_fp64_32x32,0.0799285354369,43.25,1,0,2038,0,0,0,0,0,0,0,0,0,0,uniform__n2048__seed20260823__unblocked_rank1__pp/runs.csv,replicated,3,1
RP,unblocked_rank1,1,uniform,2048,20260823,ff1e8cd9799ee972,0,1.00999999,6,completed,371.702802,371.705169678,sampled_fp64_32x32,0.0482363422634,20.875,1,0,2043,1635,0,0,0,0,0,0,0,4058,0,uniform__n2048__seed20260823__unblocked_rank1__rp/runs.csv,replicated,3,1
RP,unblocked_rank1,1,uniform,2048,20260823,ff1e8cd9799ee972,1,1.00999999,6,completed,371.490668,371.492980957,sampled_fp64_32x32,0.0482363422634,20.875,1,0,2043,1635,0,0,0,0,0,0,0,4058,0,uniform__n2048__seed20260823__unblocked_rank1__rp/runs.csv,replicated,3,1
RP,unblocked_rank1,1,uniform,2048,20260823,ff1e8cd9799ee972,2,1.00999999,6,completed,370.63947,370.641601562,sampled_fp64_32x32,0.0482363422634,20.875,1,0,2043,1635,0,0,0,0,0,0,0,4058,0,uniform__n2048__seed20260823__unblocked_rank1__rp/runs.csv,replicated,3,1
ScaP,unblocked_rank1,1,uniform,2048,20260823,ff1e8cd9799ee972,0,1.00999999,6,completed,310.737714,310.739746094,sampled_fp64_32x32,0.0591541905305,33.21875,1,0,2042,1021,0,0,0,0,1026,795,226,0,0,uniform__n2048__seed20260823__unblocked_rank1__scap/runs.csv,replicated,3,1
ScaP,unblocked_rank1,1,uniform,2048,20260823,ff1e8cd9799ee972,1,1.00999999,6,completed,311.143979,311.144927979,sampled_fp64_32x32,0.0591541905305,33.21875,1,0,2042,1021,0,0,0,0,1026,795,226,0,0,uniform__n2048__seed20260823__unblocked_rank1__scap/runs.csv,replicated,3,1
ScaP,unblocked_rank1,1,uniform,2048,20260823,ff1e8cd9799ee972,2,1.00999999,6,completed,312.186509,312.187561035,sampled_fp64_32x32,0.0591541905305,33.21875,1,0,2042,1021,0,0,0,0,1026,795,226,0,0,uniform__n2048__seed20260823__unblocked_rank1__scap/runs.csv,replicated,3,1
ScPP,unblocked_rank1,1,uniform,2048,20260823,ff1e8cd9799ee972,0,1.00999999,6,completed,262.865025,262.866363525,sampled_fp64_32x32,0.0613236957579,40.75,1.001953125,0,2039,0,0,0,0,0,0,0,0,0,0,uniform__n2048__seed20260823__unblocked_rank1__scpp/runs.csv,replicated,3,1
ScPP,unblocked_rank1,1,uniform,2048,20260823,ff1e8cd9799ee972,1,1.00999999,6,completed,262.852509,262.853637695,sampled_fp64_32x32,0.0613236957579,40.75,1.001953125,0,2039,0,0,0,0,0,0,0,0,0,0,uniform__n2048__seed20260823__unblocked_rank1__scpp/runs.csv,replicated,3,1
ScPP,unblocked_rank1,1,uniform,2048,20260823,ff1e8cd9799ee972,2,1.00999999,6,completed,262.827911,262.829467773,sampled_fp64_32x32,0.0613236957579,40.75,1.001953125,0,2039,0,0,0,0,0,0,0,0,0,0,uniform__n2048__seed20260823__unblocked_rank1__scpp/runs.csv,replicated,3,1
CP,blocked_panel_local,64,uniform,2048,20260824,97b90d1c9d20c51e,0,1.00999999,6,completed,5833.246811,5833.29003906,sampled_fp64_32x32,0.0464261166053,29.640625,1,0,2038,1900,0,0,0,0,0,0,0,0,0,uniform__n2048__seed20260824__blocked_panel_local__cp/runs.csv,replicated,3,1
CP,blocked_panel_local,64,uniform,2048,20260824,97b90d1c9d20c51e,1,1.00999999,6,completed,5916.798144,5916.84082031,sampled_fp64_32x32,0.0464261166053,29.640625,1,0,2038,1900,0,0,0,0,0,0,0,0,0,uniform__n2048__seed20260824__blocked_panel_local__cp/runs.csv,replicated,3,1
CP,blocked_panel_local,64,uniform,2048,20260824,97b90d1c9d20c51e,2,1.00999999,6,completed,5917.460492,5917.50390625,sampled_fp64_32x32,0.0464261166053,29.640625,1,0,2038,1900,0,0,0,0,0,0,0,0,0,uniform__n2048__seed20260824__blocked_panel_local__cp/runs.csv,replicated,3,1
DP,blocked_panel_local,64,uniform,2048,20260824,97b90d1c9d20c51e,0,1.00999999,6,completed,203.206332,203.207366943,sampled_fp64_32x32,0.0557089227805,40,1,0,2041,209,209,7,0,0,0,0,0,0,0,uniform__n2048__seed20260824__blocked_panel_local__dp/runs.csv,replicated,3,1
DP,blocked_panel_local,64,uniform,2048,20260824,97b90d1c9d20c51e,1,1.00999999,6,completed,203.131625,203.132217407,sampled_fp64_32x32,0.0557089227805,40,1,0,2041,209,209,7,0,0,0,0,0,0,0,uniform__n2048__seed20260824__blocked_panel_local__dp/runs.csv,replicated,3,1
DP,blocked_panel_local,64,uniform,2048,20260824,97b90d1c9d20c51e,2,1.00999999,6,completed,203.027414,203.02784729,sampled_fp64_32x32,0.0557089227805,40,1,0,2041,209,209,7,0,0,0,0,0,0,0,uniform__n2048__seed20260824__blocked_panel_local__dp/runs.csv,replicated,3,1
GP,blocked_panel_local,64,uniform,2048,20260824,97b90d1c9d20c51e,0,1.00999999,6,completed,201.164146,201.165084839,sampled_fp64_32x32,0.0584934699582,40.40625,1.009765625,0,2041,0,0,0,199,98,0,0,0,0,0,uniform__n2048__seed20260824__blocked_panel_local__gp/runs.csv,replicated,3,1
GP,blocked_panel_local,64,uniform,2048,20260824,97b90d1c9d20c51e,1,1.00999999,6,completed,200.849504,200.85017395,sampled_fp64_32x32,0.0584934699582,40.40625,1.009765625,0,2041,0,0,0,199,98,0,0,0,0,0,uniform__n2048__seed20260824__blocked_panel_local__gp/runs.csv,replicated,3,1
GP,blocked_panel_local,64,uniform,2048,20260824,97b90d1c9d20c51e,2,1.00999999,6,completed,200.344241,200.344863892,sampled_fp64_32x32,0.0584934699582,40.40625,1.009765625,0,2041,0,0,0,199,98,0,0,0,0,0,uniform__n2048__seed20260824__blocked_panel_local__gp/runs.csv,replicated,3,1
PP,blocked_panel_local,64,uniform,2048,20260824,97b90d1c9d20c51e,0,1.00999999,6,completed,187.128492,187.129592896,sampled_fp64_32x32,0.0668029537469,36.6875,1,0,2040,0,0,0,0,0,0,0,0,0,0,uniform__n2048__seed20260824__blocked_panel_local__pp/runs.csv,replicated,3,1
PP,blocked_panel_local,64,uniform,2048,20260824,97b90d1c9d20c51e,1,1.00999999,6,completed,187.16368,187.164505005,sampled_fp64_32x32,0.0668029537469,36.6875,1,0,2040,0,0,0,0,0,0,0,0,0,0,uniform__n2048__seed20260824__blocked_panel_local__pp/runs.csv,replicated,3,1
PP,blocked_panel_local,64,uniform,2048,20260824,97b90d1c9d20c51e,2,1.00999999,6,completed,186.644088,186.644668579,sampled_fp64_32x32,0.0668029537469,36.6875,1,0,2040,0,0,0,0,0,0,0,0,0,0,uniform__n2048__seed20260824__blocked_panel_local__pp/runs.csv,replicated,3,1
RP,blocked_panel_local,64,uniform,2048,20260824,97b90d1c9d20c51e,0,1.00999999,6,completed,216.431931,216.433242798,sampled_fp64_32x32,0.0538709217799,29.53125,1,0,2043,540,0,0,0,0,0,0,0,2645,0,uniform__n2048__seed20260824__blocked_panel_local__rp/runs.csv,replicated,3,1
RP,blocked_panel_local,64,uniform,2048,20260824,97b90d1c9d20c51e,1,1.00999999,6,completed,216.679104,216.679901123,sampled_fp64_32x32,0.0538709217799,29.53125,1,0,2043,540,0,0,0,0,0,0,0,2645,0,uniform__n2048__seed20260824__blocked_panel_local__rp/runs.csv,replicated,3,1
RP,blocked_panel_local,64,uniform,2048,20260824,97b90d1c9d20c51e,2,1.00999999,6,completed,216.528786,216.530685425,sampled_fp64_32x32,0.0538709217799,29.53125,1,0,2043,540,0,0,0,0,0,0,0,2645,0,uniform__n2048__seed20260824__blocked_panel_local__rp/runs.csv,replicated,3,1
ScaP,blocked_panel_local,64,uniform,2048,20260824,97b90d1c9d20c51e,0,1.00999999,6,completed,234.25946,234.260635376,sampled_fp64_32x32,0.0457014372805,33.4375,1,0,2043,1105,0,0,0,0,942,813,292,0,0,uniform__n2048__seed20260824__blocked_panel_local__scap/runs.csv,replicated,3,1
ScaP,blocked_panel_local,64,uniform,2048,20260824,97b90d1c9d20c51e,1,1.00999999,6,completed,234.598965,234.59954834,sampled_fp64_32x32,0.0457014372805,33.4375,1,0,2043,1105,0,0,0,0,942,813,292,0,0,uniform__n2048__seed20260824__blocked_panel_local__scap/runs.csv,replicated,3,1
ScaP,blocked_panel_local,64,uniform,2048,20260824,97b90d1c9d20c51e,2,1.00999999,6,completed,235.282772,235.283874512,sampled_fp64_32x32,0.0457014372805,33.4375,1,0,2043,1105,0,0,0,0,942,813,292,0,0,uniform__n2048__seed20260824__blocked_panel_local__scap/runs.csv,replicated,3,1
ScPP,blocked_panel_local,64,uniform,2048,20260824,97b90d1c9d20c51e,0,1.00999999,6,completed,185.649433,185.649597168,sampled_fp64_32x32,0.0665096691228,40.53125,1.00390625,0,2037,0,0,0,0,0,0,0,0,0,0,uniform__n2048__seed20260824__blocked_panel_local__scpp/runs.csv,replicated,3,1
ScPP,blocked_panel_local,64,uniform,2048,20260824,97b90d1c9d20c51e,1,1.00999999,6,completed,185.701013,185.701477051,sampled_fp64_32x32,0.0665096691228,40.53125,1.00390625,0,2037,0,0,0,0,0,0,0,0,0,0,uniform__n2048__seed20260824__blocked_panel_local__scpp/runs.csv,replicated,3,1
ScPP,blocked_panel_local,64,uniform,2048,20260824,97b90d1c9d20c51e,2,1.00999999,6,completed,185.630041,185.630844116,sampled_fp64_32x32,0.0665096691228,40.53125,1.00390625,0,2037,0,0,0,0,0,0,0,0,0,0,uniform__n2048__seed20260824__blocked_panel_local__scpp/runs.csv,replicated,3,1
CP,unblocked_rank1,1,uniform,2048,20260824,97b90d1c9d20c51e,0,1.00999999,6,completed,12289.431064,12289.5214844,sampled_fp64_32x32,0.0349221485376,15.234375,1,0,2041,2038,0,0,0,0,0,0,0,0,0,uniform__n2048__seed20260824__unblocked_rank1__cp/runs.csv,replicated,3,1
CP,unblocked_rank1,1,uniform,2048,20260824,97b90d1c9d20c51e,1,1.00999999,6,completed,12600.779336,12600.8720703,sampled_fp64_32x32,0.0349221485376,15.234375,1,0,2041,2038,0,0,0,0,0,0,0,0,0,uniform__n2048__seed20260824__unblocked_rank1__cp/runs.csv,replicated,3,1
CP,unblocked_rank1,1,uniform,2048,20260824,97b90d1c9d20c51e,2,1.00999999,6,completed,12592.507249,12592.6005859,sampled_fp64_32x32,0.0349221485376,15.234375,1,0,2041,2038,0,0,0,0,0,0,0,0,0,uniform__n2048__seed20260824__unblocked_rank1__cp/runs.csv,replicated,3,1
DP,unblocked_rank1,1,uniform,2048,20260824,97b90d1c9d20c51e,0,1.00999999,6,completed,268.482043,268.483673096,sampled_fp64_32x32,0.0541623083409,48.5,1,0,2039,238,238,1,0,0,0,0,0,0,0,uniform__n2048__seed20260824__unblocked_rank1__dp/runs.csv,replicated,3,1
DP,unblocked_rank1,1,uniform,2048,20260824,97b90d1c9d20c51e,1,1.00999999,6,completed,268.644937,268.646362305,sampled_fp64_32x32,0.0541623083409,48.5,1,0,2039,238,238,1,0,0,0,0,0,0,0,uniform__n2048__seed20260824__unblocked_rank1__dp/runs.csv,replicated,3,1
DP,unblocked_rank1,1,uniform,2048,20260824,97b90d1c9d20c51e,2,1.00999999,6,completed,268.085059,268.086120605,sampled_fp64_32x32,0.0541623083409,48.5,1,0,2039,238,238,1,0,0,0,0,0,0,0,uniform__n2048__seed20260824__unblocked_rank1__dp/runs.csv,replicated,3,1
GP,unblocked_rank1,1,uniform,2048,20260824,97b90d1c9d20c51e,0,1.00999999,6,completed,273.779484,273.780639648,sampled_fp64_32x32,0.0708796702675,42.34375,1.009765625,0,2037,0,0,0,236,115,0,0,0,0,0,uniform__n2048__seed20260824__unblocked_rank1__gp/runs.csv,replicated,3,1
GP,unblocked_rank1,1,uniform,2048,20260824,97b90d1c9d20c51e,1,1.00999999,6,completed,274.10062,274.102172852,sampled_fp64_32x32,0.0708796702675,42.34375,1.009765625,0,2037,0,0,0,236,115,0,0,0,0,0,uniform__n2048__seed20260824__unblocked_rank1__gp/runs.csv,replicated,3,1
GP,unblocked_rank1,1,uniform,2048,20260824,97b90d1c9d20c51e,2,1.00999999,6,completed,273.665,273.665802002,sampled_fp64_32x32,0.0708796702675,42.34375,1.009765625,0,2037,0,0,0,236,115,0,0,0,0,0,uniform__n2048__seed20260824__unblocked_rank1__gp/runs.csv,replicated,3,1
PP,unblocked_rank1,1,uniform,2048,20260824,97b90d1c9d20c51e,0,1.00999999,6,completed,261.80612,261.807617188,sampled_fp64_32x32,0.0668029537469,43,1,0,2040,0,0,0,0,0,0,0,0,0,0,uniform__n2048__seed20260824__unblocked_rank1__pp/runs.csv,replicated,3,1
PP,unblocked_rank1,1,uniform,2048,20260824,97b90d1c9d20c51e,1,1.00999999,6,completed,261.449548,261.450744629,sampled_fp64_32x32,0.0668029537469,43,1,0,2040,0,0,0,0,0,0,0,0,0,0,uniform__n2048__seed20260824__unblocked_rank1__pp/runs.csv,replicated,3,1
PP,unblocked_rank1,1,uniform,2048,20260824,97b90d1c9d20c51e,2,1.00999999,6,completed,261.054478,261.056304932,sampled_fp64_32x32,0.0668029537469,43,1,0,2040,0,0,0,0,0,0,0,0,0,0,uniform__n2048__seed20260824__unblocked_rank1__pp/runs.csv,replicated,3,1
RP,unblocked_rank1,1,uniform,2048,20260824,97b90d1c9d20c51e,0,1.00999999,6,completed,373.83975,373.841247559,sampled_fp64_32x32,0.0417838004869,21.515625,1,0,2039,1634,0,0,0,0,0,0,0,4070,0,uniform__n2048__seed20260824__unblocked_rank1__rp/runs.csv,replicated,3,1
RP,unblocked_rank1,1,uniform,2048,20260824,97b90d1c9d20c51e,1,1.00999999,6,completed,373.987105,373.989715576,sampled_fp64_32x32,0.0417838004869,21.515625,1,0,2039,1634,0,0,0,0,0,0,0,4070,0,uniform__n2048__seed20260824__unblocked_rank1__rp/runs.csv,replicated,3,1
RP,unblocked_rank1,1,uniform,2048,20260824,97b90d1c9d20c51e,2,1.00999999,6,completed,373.793101,373.79574585,sampled_fp64_32x32,0.0417838004869,21.515625,1,0,2039,1634,0,0,0,0,0,0,0,4070,0,uniform__n2048__seed20260824__unblocked_rank1__rp/runs.csv,replicated,3,1
ScaP,unblocked_rank1,1,uniform,2048,20260824,97b90d1c9d20c51e,0,1.00999999,6,completed,310.056691,310.057891846,sampled_fp64_32x32,0.0577009087137,34.15625,1,0,2037,1002,0,0,0,0,1045,806,196,0,0,uniform__n2048__seed20260824__unblocked_rank1__scap/runs.csv,replicated,3,1
ScaP,unblocked_rank1,1,uniform,2048,20260824,97b90d1c9d20c51e,1,1.00999999,6,completed,310.75288,310.7550354,sampled_fp64_32x32,0.0577009087137,34.15625,1,0,2037,1002,0,0,0,0,1045,806,196,0,0,uniform__n2048__seed20260824__unblocked_rank1__scap/runs.csv,replicated,3,1
ScaP,unblocked_rank1,1,uniform,2048,20260824,97b90d1c9d20c51e,2,1.00999999,6,completed,310.237456,310.239044189,sampled_fp64_32x32,0.0577009087137,34.15625,1,0,2037,1002,0,0,0,0,1045,806,196,0,0,uniform__n2048__seed20260824__unblocked_rank1__scap/runs.csv,replicated,3,1
ScPP,unblocked_rank1,1,uniform,2048,20260824,97b90d1c9d20c51e,0,1.00999999,6,completed,262.900323,262.901550293,sampled_fp64_32x32,0.0665096691228,40.53125,1.00390625,0,2037,0,0,0,0,0,0,0,0,0,0,uniform__n2048__seed20260824__unblocked_rank1__scpp/runs.csv,replicated,3,1
ScPP,unblocked_rank1,1,uniform,2048,20260824,97b90d1c9d20c51e,1,1.00999999,6,completed,262.505709,262.506866455,sampled_fp64_32x32,0.0665096691228,40.53125,1.00390625,0,2037,0,0,0,0,0,0,0,0,0,0,uniform__n2048__seed20260824__unblocked_rank1__scpp/runs.csv,replicated,3,1
ScPP,unblocked_rank1,1,uniform,2048,20260824,97b90d1c9d20c51e,2,1.00999999,6,completed,261.969112,261.970336914,sampled_fp64_32x32,0.0665096691228,40.53125,1.00390625,0,2037,0,0,0,0,0,0,0,0,0,0,uniform__n2048__seed20260824__unblocked_rank1__scpp/runs.csv,replicated,3,1
CP,blocked_panel_local,64,uniform,2048,20260825,db0e80a4b6e8e201,0,1.00999999,6,completed,5927.248684,5927.29296875,sampled_fp64_32x32,0.0407754515763,28.828125,1,0,2041,1891,0,0,0,0,0,0,0,0,0,uniform__n2048__seed20260825__blocked_panel_local__cp/runs.csv,replicated,3,1
CP,blocked_panel_local,64,uniform,2048,20260825,db0e80a4b6e8e201,1,1.00999999,6,completed,5832.666268,5832.70947266,sampled_fp64_32x32,0.0407754515763,28.828125,1,0,2041,1891,0,0,0,0,0,0,0,0,0,uniform__n2048__seed20260825__blocked_panel_local__cp/runs.csv,replicated,3,1
CP,blocked_panel_local,64,uniform,2048,20260825,db0e80a4b6e8e201,2,1.00999999,6,completed,5829.201233,5829.24462891,sampled_fp64_32x32,0.0407754515763,28.828125,1,0,2041,1891,0,0,0,0,0,0,0,0,0,uniform__n2048__seed20260825__blocked_panel_local__cp/runs.csv,replicated,3,1
DP,blocked_panel_local,64,uniform,2048,20260825,db0e80a4b6e8e201,0,1.00999999,6,completed,193.489735,193.490463257,sampled_fp64_32x32,0.0626988638764,38.09375,0.99951171875,0,2038,214,214,3,0,0,0,0,0,0,0,uniform__n2048__seed20260825__blocked_panel_local__dp/runs.csv,replicated,3,1
DP,blocked_panel_local,64,uniform,2048,20260825,db0e80a4b6e8e201,1,1.00999999,6,completed,192.790548,192.791488647,sampled_fp64_32x32,0.0626988638764,38.09375,0.99951171875,0,2038,214,214,3,0,0,0,0,0,0,0,uniform__n2048__seed20260825__blocked_panel_local__dp/runs.csv,replicated,3,1
DP,blocked_panel_local,64,uniform,2048,20260825,db0e80a4b6e8e201,2,1.00999999,6,completed,192.766887,192.768386841,sampled_fp64_32x32,0.0626988638764,38.09375,0.99951171875,0,2038,214,214,3,0,0,0,0,0,0,0,uniform__n2048__seed20260825__blocked_panel_local__dp/runs.csv,replicated,3,1
GP,blocked_panel_local,64,uniform,2048,20260825,db0e80a4b6e8e201,0,1.00999999,6,completed,190.647715,190.648696899,sampled_fp64_32x32,0.050360011257,46.6875,1.009765625,0,2043,0,0,0,213,105,0,0,0,0,0,uniform__n2048__seed20260825__blocked_panel_local__gp/runs.csv,replicated,3,1
GP,blocked_panel_local,64,uniform,2048,20260825,db0e80a4b6e8e201,1,1.00999999,6,completed,190.690655,190.691421509,sampled_fp64_32x32,0.050360011257,46.6875,1.009765625,0,2043,0,0,0,213,105,0,0,0,0,0,uniform__n2048__seed20260825__blocked_panel_local__gp/runs.csv,replicated,3,1
GP,blocked_panel_local,64,uniform,2048,20260825,db0e80a4b6e8e201,2,1.00999999,6,completed,190.710638,190.711868286,sampled_fp64_32x32,0.050360011257,46.6875,1.009765625,0,2043,0,0,0,213,105,0,0,0,0,0,uniform__n2048__seed20260825__blocked_panel_local__gp/runs.csv,replicated,3,1
PP,blocked_panel_local,64,uniform,2048,20260825,db0e80a4b6e8e201,0,1.00999999,6,completed,186.712952,186.713531494,sampled_fp64_32x32,0.0561189415979,37.03125,1,0,2038,0,0,0,0,0,0,0,0,0,0,uniform__n2048__seed20260825__blocked_panel_local__pp/runs.csv,replicated,3,1
PP,blocked_panel_local,64,uniform,2048,20260825,db0e80a4b6e8e201,1,1.00999999,6,completed,187.234682,187.235549927,sampled_fp64_32x32,0.0561189415979,37.03125,1,0,2038,0,0,0,0,0,0,0,0,0,0,uniform__n2048__seed20260825__blocked_panel_local__pp/runs.csv,replicated,3,1
PP,blocked_panel_local,64,uniform,2048,20260825,db0e80a4b6e8e201,2,1.00999999,6,completed,187.053154,187.053665161,sampled_fp64_32x32,0.0561189415979,37.03125,1,0,2038,0,0,0,0,0,0,0,0,0,0,uniform__n2048__seed20260825__blocked_panel_local__pp/runs.csv,replicated,3,1
RP,blocked_panel_local,64,uniform,2048,20260825,db0e80a4b6e8e201,0,1.00999999,6,completed,215.707537,215.707717896,sampled_fp64_32x32,0.0685914100585,32.3125,1,0,2036,552,0,0,0,0,0,0,0,2649,0,uniform__n2048__seed20260825__blocked_panel_local__rp/runs.csv,replicated,3,1
RP,blocked_panel_local,64,uniform,2048,20260825,db0e80a4b6e8e201,1,1.00999999,6,completed,215.90393,215.904571533,sampled_fp64_32x32,0.0685914100585,32.3125,1,0,2036,552,0,0,0,0,0,0,0,2649,0,uniform__n2048__seed20260825__blocked_panel_local__rp/runs.csv,replicated,3,1
RP,blocked_panel_local,64,uniform,2048,20260825,db0e80a4b6e8e201,2,1.00999999,6,completed,215.77399,215.774887085,sampled_fp64_32x32,0.0685914100585,32.3125,1,0,2036,552,0,0,0,0,0,0,0,2649,0,uniform__n2048__seed20260825__blocked_panel_local__rp/runs.csv,replicated,3,1
ScaP,blocked_panel_local,64,uniform,2048,20260825,db0e80a4b6e8e201,0,1.00999999,6,completed,236.476496,236.47769165,sampled_fp64_32x32,0.0523593419348,36.53125,1,0,2043,1101,0,0,0,0,946,843,258,0,0,uniform__n2048__seed20260825__blocked_panel_local__scap/runs.csv,replicated,3,1
ScaP,blocked_panel_local,64,uniform,2048,20260825,db0e80a4b6e8e201,1,1.00999999,6,completed,235.722119,235.723419189,sampled_fp64_32x32,0.0523593419348,36.53125,1,0,2043,1101,0,0,0,0,946,843,258,0,0,uniform__n2048__seed20260825__blocked_panel_local__scap/runs.csv,replicated,3,1
ScaP,blocked_panel_local,64,uniform,2048,20260825,db0e80a4b6e8e201,2,1.00999999,6,completed,235.694359,235.695648193,sampled_fp64_32x32,0.0523593419348,36.53125,1,0,2043,1101,0,0,0,0,946,843,258,0,0,uniform__n2048__seed20260825__blocked_panel_local__scap/runs.csv,replicated,3,1
ScPP,blocked_panel_local,64,uniform,2048,20260825,db0e80a4b6e8e201,0,1.00999999,6,completed,186.803062,186.803512573,sampled_fp64_32x32,0.0744950968074,45.84375,1.0009765625,0,2034,0,0,0,0,0,0,0,0,0,0,uniform__n2048__seed20260825__blocked_panel_local__scpp/runs.csv,replicated,3,1
ScPP,blocked_panel_local,64,uniform,2048,20260825,db0e80a4b6e8e201,1,1.00999999,6,completed,186.139223,186.140228271,sampled_fp64_32x32,0.0744950968074,45.84375,1.0009765625,0,2034,0,0,0,0,0,0,0,0,0,0,uniform__n2048__seed20260825__blocked_panel_local__scpp/runs.csv,replicated,3,1
ScPP,blocked_panel_local,64,uniform,2048,20260825,db0e80a4b6e8e201,2,1.00999999,6,completed,186.381235,186.382110596,sampled_fp64_32x32,0.0744950968074,45.84375,1.0009765625,0,2034,0,0,0,0,0,0,0,0,0,0,uniform__n2048__seed20260825__blocked_panel_local__scpp/runs.csv,replicated,3,1
CP,unblocked_rank1,1,uniform,2048,20260825,db0e80a4b6e8e201,0,1.00999999,6,completed,12259.148337,12259.2392578,sampled_fp64_32x32,0.0418581166887,15.578125,1,0,2041,2039,0,0,0,0,0,0,0,0,0,uniform__n2048__seed20260825__unblocked_rank1__cp/runs.csv,replicated,3,1
CP,unblocked_rank1,1,uniform,2048,20260825,db0e80a4b6e8e201,1,1.00999999,6,completed,12248.653918,12248.7460938,sampled_fp64_32x32,0.0418581166887,15.578125,1,0,2041,2039,0,0,0,0,0,0,0,0,0,uniform__n2048__seed20260825__unblocked_rank1__cp/runs.csv,replicated,3,1
CP,unblocked_rank1,1,uniform,2048,20260825,db0e80a4b6e8e201,2,1.00999999,6,completed,12238.589866,12238.6816406,sampled_fp64_32x32,0.0418581166887,15.578125,1,0,2041,2039,0,0,0,0,0,0,0,0,0,uniform__n2048__seed20260825__unblocked_rank1__cp/runs.csv,replicated,3,1
DP,unblocked_rank1,1,uniform,2048,20260825,db0e80a4b6e8e201,0,1.00999999,6,completed,269.736636,269.738647461,sampled_fp64_32x32,0.0664808384397,44.625,0.99951171875,0,2037,240,240,1,0,0,0,0,0,0,0,uniform__n2048__seed20260825__unblocked_rank1__dp/runs.csv,replicated,3,1
DP,unblocked_rank1,1,uniform,2048,20260825,db0e80a4b6e8e201,1,1.00999999,6,completed,269.333814,269.335479736,sampled_fp64_32x32,0.0664808384397,44.625,0.99951171875,0,2037,240,240,1,0,0,0,0,0,0,0,uniform__n2048__seed20260825__unblocked_rank1__dp/runs.csv,replicated,3,1
DP,unblocked_rank1,1,uniform,2048,20260825,db0e80a4b6e8e201,2,1.00999999,6,completed,269.235772,269.237335205,sampled_fp64_32x32,0.0664808384397,44.625,0.99951171875,0,2037,240,240,1,0,0,0,0,0,0,0,uniform__n2048__seed20260825__unblocked_rank1__dp/runs.csv,replicated,3,1
GP,unblocked_rank1,1,uniform,2048,20260825,db0e80a4b6e8e201,0,1.00999999,6,completed,272.304231,272.305603027,sampled_fp64_32x32,0.0641538238851,41.625,1.009765625,0,2039,0,0,0,208,107,0,0,0,0,0,uniform__n2048__seed20260825__unblocked_rank1__gp/runs.csv,replicated,3,1
GP,unblocked_rank1,1,uniform,2048,20260825,db0e80a4b6e8e201,1,1.00999999,6,completed,272.402348,272.403533936,sampled_fp64_32x32,0.0641538238851,41.625,1.009765625,0,2039,0,0,0,208,107,0,0,0,0,0,uniform__n2048__seed20260825__unblocked_rank1__gp/runs.csv,replicated,3,1
GP,unblocked_rank1,1,uniform,2048,20260825,db0e80a4b6e8e201,2,1.00999999,6,completed,271.858685,271.860107422,sampled_fp64_32x32,0.0641538238851,41.625,1.009765625,0,2039,0,0,0,208,107,0,0,0,0,0,uniform__n2048__seed20260825__unblocked_rank1__gp/runs.csv,replicated,3,1
PP,unblocked_rank1,1,uniform,2048,20260825,db0e80a4b6e8e201,0,1.00999999,6,completed,262.578149,262.57925415,sampled_fp64_32x32,0.0561189415979,37.03125,1,0,2038,0,0,0,0,0,0,0,0,0,0,uniform__n2048__seed20260825__unblocked_rank1__pp/runs.csv,replicated,3,1
PP,unblocked_rank1,1,uniform,2048,20260825,db0e80a4b6e8e201,1,1.00999999,6,completed,262.103487,262.104736328,sampled_fp64_32x32,0.0561189415979,37.03125,1,0,2038,0,0,0,0,0,0,0,0,0,0,uniform__n2048__seed20260825__unblocked_rank1__pp/runs.csv,replicated,3,1
PP,unblocked_rank1,1,uniform,2048,20260825,db0e80a4b6e8e201,2,1.00999999,6,completed,261.84153,261.842376709,sampled_fp64_32x32,0.0561189415979,37.03125,1,0,2038,0,0,0,0,0,0,0,0,0,0,uniform__n2048__seed20260825__unblocked_rank1__pp/runs.csv,replicated,3,1
RP,unblocked_rank1,1,uniform,2048,20260825,db0e80a4b6e8e201,0,1.00999999,6,completed,372.307292,372.309448242,sampled_fp64_32x32,0.0468198480667,23.578125,1,0,2038,1614,0,0,0,0,0,0,0,4029,0,uniform__n2048__seed20260825__unblocked_rank1__rp/runs.csv,replicated,3,1
RP,unblocked_rank1,1,uniform,2048,20260825,db0e80a4b6e8e201,1,1.00999999,6,completed,370.950639,370.95300293,sampled_fp64_32x32,0.0468198480667,23.578125,1,0,2038,1614,0,0,0,0,0,0,0,4029,0,uniform__n2048__seed20260825__unblocked_rank1__rp/runs.csv,replicated,3,1
RP,unblocked_rank1,1,uniform,2048,20260825,db0e80a4b6e8e201,2,1.00999999,6,completed,371.212774,371.214508057,sampled_fp64_32x32,0.0468198480667,23.578125,1,0,2038,1614,0,0,0,0,0,0,0,4029,0,uniform__n2048__seed20260825__unblocked_rank1__rp/runs.csv,replicated,3,1
ScaP,unblocked_rank1,1,uniform,2048,20260825,db0e80a4b6e8e201,0,1.00999999,6,completed,312.001251,312.002441406,sampled_fp64_32x32,0.071356266475,36.90625,1,0,2038,997,0,0,0,0,1050,775,222,0,0,uniform__n2048__seed20260825__unblocked_rank1__scap/runs.csv,replicated,3,1
ScaP,unblocked_rank1,1,uniform,2048,20260825,db0e80a4b6e8e201,1,1.00999999,6,completed,312.5632,312.564819336,sampled_fp64_32x32,0.071356266475,36.90625,1,0,2038,997,0,0,0,0,1050,775,222,0,0,uniform__n2048__seed20260825__unblocked_rank1__scap/runs.csv,replicated,3,1
ScaP,unblocked_rank1,1,uniform,2048,20260825,db0e80a4b6e8e201,2,1.00999999,6,completed,312.271318,312.273376465,sampled_fp64_32x32,0.071356266475,36.90625,1,0,2038,997,0,0,0,0,1050,775,222,0,0,uniform__n2048__seed20260825__unblocked_rank1__scap/runs.csv,replicated,3,1
ScPP,unblocked_rank1,1,uniform,2048,20260825,db0e80a4b6e8e201,0,1.00999999,6,completed,261.874177,261.876525879,sampled_fp64_32x32,0.0744950968074,45.84375,1.0009765625,0,2034,0,0,0,0,0,0,0,0,0,0,uniform__n2048__seed20260825__unblocked_rank1__scpp/runs.csv,replicated,3,1
ScPP,unblocked_rank1,1,uniform,2048,20260825,db0e80a4b6e8e201,1,1.00999999,6,completed,262.967904,262.968994141,sampled_fp64_32x32,0.0744950968074,45.84375,1.0009765625,0,2034,0,0,0,0,0,0,0,0,0,0,uniform__n2048__seed20260825__unblocked_rank1__scpp/runs.csv,replicated,3,1
ScPP,unblocked_rank1,1,uniform,2048,20260825,db0e80a4b6e8e201,2,1.00999999,6,completed,262.250182,262.25201416,sampled_fp64_32x32,0.0744950968074,45.84375,1.0009765625,0,2034,0,0,0,0,0,0,0,0,0,0,uniform__n2048__seed20260825__unblocked_rank1__scpp/runs.csv,replicated,3,1
CP,blocked_panel_local,64,uniform,256,20260823,833ae60d404748ac,0,1.00999999,6,completed,35.559725,35.558719635,full_fp64,0.0125608209637,7.22265625,0.99609375,0,249,232,0,0,0,0,0,0,0,0,0,uniform__n256__seed20260823__blocked_panel_local__cp/runs.csv,replicated,3,1
CP,blocked_panel_local,64,uniform,256,20260823,833ae60d404748ac,1,1.00999999,6,completed,35.700097,35.6998405457,full_fp64,0.0125608209637,7.22265625,0.99609375,0,249,232,0,0,0,0,0,0,0,0,0,uniform__n256__seed20260823__blocked_panel_local__cp/runs.csv,replicated,3,1
CP,blocked_panel_local,64,uniform,256,20260823,833ae60d404748ac,2,1.00999999,6,completed,35.525518,35.5255050659,full_fp64,0.0125608209637,7.22265625,0.99609375,0,249,232,0,0,0,0,0,0,0,0,0,uniform__n256__seed20260823__blocked_panel_local__cp/runs.csv,replicated,3,1
DP,blocked_panel_local,64,uniform,256,20260823,833ae60d404748ac,0,1.00999999,6,completed,19.029203,19.0289592743,full_fp64,0.0202878421405,13.6953125,0.9990234375,0,247,23,23,1,0,0,0,0,0,0,0,uniform__n256__seed20260823__blocked_panel_local__dp/runs.csv,replicated,3,1
DP,blocked_panel_local,64,uniform,256,20260823,833ae60d404748ac,1,1.00999999,6,completed,19.02708,19.0262088776,full_fp64,0.0202878421405,13.6953125,0.9990234375,0,247,23,23,1,0,0,0,0,0,0,0,uniform__n256__seed20260823__blocked_panel_local__dp/runs.csv,replicated,3,1
DP,blocked_panel_local,64,uniform,256,20260823,833ae60d404748ac,2,1.00999999,6,completed,19.121744,19.1214084625,full_fp64,0.0202878421405,13.6953125,0.9990234375,0,247,23,23,1,0,0,0,0,0,0,0,uniform__n256__seed20260823__blocked_panel_local__dp/runs.csv,replicated,3,1
GP,blocked_panel_local,64,uniform,256,20260823,833ae60d404748ac,0,1.00999999,6,completed,18.952841,18.9519367218,full_fp64,0.0196553640708,14.09375,1.009765625,0,248,0,0,0,15,8,0,0,0,0,0,uniform__n256__seed20260823__blocked_panel_local__gp/runs.csv,replicated,3,1
GP,blocked_panel_local,64,uniform,256,20260823,833ae60d404748ac,1,1.00999999,6,completed,19.051555,19.0507526398,full_fp64,0.0196553640708,14.09375,1.009765625,0,248,0,0,0,15,8,0,0,0,0,0,uniform__n256__seed20260823__blocked_panel_local__gp/runs.csv,replicated,3,1
GP,blocked_panel_local,64,uniform,256,20260823,833ae60d404748ac,2,1.00999999,6,completed,18.898085,18.8978233337,full_fp64,0.0196553640708,14.09375,1.009765625,0,248,0,0,0,15,8,0,0,0,0,0,uniform__n256__seed20260823__blocked_panel_local__gp/runs.csv,replicated,3,1
PP,blocked_panel_local,64,uniform,256,20260823,833ae60d404748ac,0,1.00999999,6,completed,18.526752,18.5262393951,full_fp64,0.0165131508838,12.6171875,0.99951171875,0,248,0,0,0,0,0,0,0,0,0,0,uniform__n256__seed20260823__blocked_panel_local__pp/runs.csv,replicated,3,1
PP,blocked_panel_local,64,uniform,256,20260823,833ae60d404748ac,1,1.00999999,6,completed,18.763861,18.7637119293,full_fp64,0.0165131508838,12.6171875,0.99951171875,0,248,0,0,0,0,0,0,0,0,0,0,uniform__n256__seed20260823__blocked_panel_local__pp/runs.csv,replicated,3,1
PP,blocked_panel_local,64,uniform,256,20260823,833ae60d404748ac,2,1.00999999,6,completed,18.561182,18.5606079102,full_fp64,0.0165131508838,12.6171875,0.99951171875,0,248,0,0,0,0,0,0,0,0,0,0,uniform__n256__seed20260823__blocked_panel_local__pp/runs.csv,replicated,3,1
RP,blocked_panel_local,64,uniform,256,20260823,833ae60d404748ac,0,1.00999999,6,completed,23.602879,23.6031036377,full_fp64,0.0153163010255,8.6640625,0.99951171875,0,252,117,0,0,0,0,0,0,0,388,0,uniform__n256__seed20260823__blocked_panel_local__rp/runs.csv,replicated,3,1
RP,blocked_panel_local,64,uniform,256,20260823,833ae60d404748ac,1,1.00999999,6,completed,23.79313,23.7933769226,full_fp64,0.0153163010255,8.6640625,0.99951171875,0,252,117,0,0,0,0,0,0,0,388,0,uniform__n256__seed20260823__blocked_panel_local__rp/runs.csv,replicated,3,1
RP,blocked_panel_local,64,uniform,256,20260823,833ae60d404748ac,2,1.00999999,6,completed,23.722112,23.7221126556,full_fp64,0.0153163010255,8.6640625,0.99951171875,0,252,117,0,0,0,0,0,0,0,388,0,uniform__n256__seed20260823__blocked_panel_local__rp/runs.csv,replicated,3,1
ScaP,blocked_panel_local,64,uniform,256,20260823,833ae60d404748ac,0,1.00999999,6,completed,23.682035,23.6820163727,full_fp64,0.0147277537035,9.9765625,1,0,247,140,0,0,0,0,115,100,40,0,0,uniform__n256__seed20260823__blocked_panel_local__scap/runs.csv,replicated,3,1
ScaP,blocked_panel_local,64,uniform,256,20260823,833ae60d404748ac,1,1.00999999,6,completed,23.647102,23.6467514038,full_fp64,0.0147277537035,9.9765625,1,0,247,140,0,0,0,0,115,100,40,0,0,uniform__n256__seed20260823__blocked_panel_local__scap/runs.csv,replicated,3,1
ScaP,blocked_panel_local,64,uniform,256,20260823,833ae60d404748ac,2,1.00999999,6,completed,23.6236,23.6234874725,full_fp64,0.0147277537035,9.9765625,1,0,247,140,0,0,0,0,115,100,40,0,0,uniform__n256__seed20260823__blocked_panel_local__scap/runs.csv,replicated,3,1
ScPP,blocked_panel_local,64,uniform,256,20260823,833ae60d404748ac,0,1.00999999,6,completed,18.713019,18.7127685547,full_fp64,0.0163070282433,18.65625,1.0107421875,0,250,0,0,0,0,0,0,0,0,0,0,uniform__n256__seed20260823__blocked_panel_local__scpp/runs.csv,replicated,3,1
ScPP,blocked_panel_local,64,uniform,256,20260823,833ae60d404748ac,1,1.00999999,6,completed,18.769065,18.7685432434,full_fp64,0.0163070282433,18.65625,1.0107421875,0,250,0,0,0,0,0,0,0,0,0,0,uniform__n256__seed20260823__blocked_panel_local__scpp/runs.csv,replicated,3,1
ScPP,blocked_panel_local,64,uniform,256,20260823,833ae60d404748ac,2,1.00999999,6,completed,18.729547,18.7295036316,full_fp64,0.0163070282433,18.65625,1.0107421875,0,250,0,0,0,0,0,0,0,0,0,0,uniform__n256__seed20260823__blocked_panel_local__scpp/runs.csv,replicated,3,1
CP,unblocked_rank1,1,uniform,256,20260823,833ae60d404748ac,0,1.00999999,6,completed,42.955452,42.9547843933,full_fp64,0.0105336171837,4.77734375,0.99658203125,0,249,249,0,0,0,0,0,0,0,0,0,uniform__n256__seed20260823__unblocked_rank1__cp/runs.csv,replicated,3,1
CP,unblocked_rank1,1,uniform,256,20260823,833ae60d404748ac,1,1.00999999,6,completed,42.736409,42.7358703613,full_fp64,0.0105336171837,4.77734375,0.99658203125,0,249,249,0,0,0,0,0,0,0,0,0,uniform__n256__seed20260823__unblocked_rank1__cp/runs.csv,replicated,3,1
CP,unblocked_rank1,1,uniform,256,20260823,833ae60d404748ac,2,1.00999999,6,completed,42.840092,42.8392333984,full_fp64,0.0105336171837,4.77734375,0.99658203125,0,249,249,0,0,0,0,0,0,0,0,0,uniform__n256__seed20260823__unblocked_rank1__cp/runs.csv,replicated,3,1
DP,unblocked_rank1,1,uniform,256,20260823,833ae60d404748ac,0,1.00999999,6,completed,17.598598,17.6061763763,full_fp64,0.0154568178577,12.421875,0.98974609375,0,251,23,23,0,0,0,0,0,0,0,0,uniform__n256__seed20260823__unblocked_rank1__dp/runs.csv,replicated,3,1
DP,unblocked_rank1,1,uniform,256,20260823,833ae60d404748ac,1,1.00999999,6,completed,17.248615,17.2479686737,full_fp64,0.0154568178577,12.421875,0.98974609375,0,251,23,23,0,0,0,0,0,0,0,0,uniform__n256__seed20260823__unblocked_rank1__dp/runs.csv,replicated,3,1
DP,unblocked_rank1,1,uniform,256,20260823,833ae60d404748ac,2,1.00999999,6,completed,17.03389,17.0337600708,full_fp64,0.0154568178577,12.421875,0.98974609375,0,251,23,23,0,0,0,0,0,0,0,0,uniform__n256__seed20260823__unblocked_rank1__dp/runs.csv,replicated,3,1
GP,unblocked_rank1,1,uniform,256,20260823,833ae60d404748ac,0,1.00999999,6,completed,16.595546,16.594783783,full_fp64,0.0162662044168,12.0859375,1.009765625,0,249,0,0,0,17,9,0,0,0,0,0,uniform__n256__seed20260823__unblocked_rank1__gp/runs.csv,replicated,3,1
GP,unblocked_rank1,1,uniform,256,20260823,833ae60d404748ac,1,1.00999999,6,completed,16.670746,16.6707191467,full_fp64,0.0162662044168,12.0859375,1.009765625,0,249,0,0,0,17,9,0,0,0,0,0,uniform__n256__seed20260823__unblocked_rank1__gp/runs.csv,replicated,3,1
GP,unblocked_rank1,1,uniform,256,20260823,833ae60d404748ac,2,1.00999999,6,completed,16.588975,16.5881595612,full_fp64,0.0162662044168,12.0859375,1.009765625,0,249,0,0,0,17,9,0,0,0,0,0,uniform__n256__seed20260823__unblocked_rank1__gp/runs.csv,replicated,3,1
PP,unblocked_rank1,1,uniform,256,20260823,833ae60d404748ac,0,1.00999999,6,completed,16.235407,16.2347831726,full_fp64,0.0165131508838,12.6171875,0.99951171875,0,248,0,0,0,0,0,0,0,0,0,0,uniform__n256__seed20260823__unblocked_rank1__pp/runs.csv,replicated,3,1
PP,unblocked_rank1,1,uniform,256,20260823,833ae60d404748ac,1,1.00999999,6,completed,15.990881,15.9915838242,full_fp64,0.0165131508838,12.6171875,0.99951171875,0,248,0,0,0,0,0,0,0,0,0,0,uniform__n256__seed20260823__unblocked_rank1__pp/runs.csv,replicated,3,1
PP,unblocked_rank1,1,uniform,256,20260823,833ae60d404748ac,2,1.00999999,6,completed,15.93837,15.9376316071,full_fp64,0.0165131508838,12.6171875,0.99951171875,0,248,0,0,0,0,0,0,0,0,0,0,uniform__n256__seed20260823__unblocked_rank1__pp/runs.csv,replicated,3,1
RP,unblocked_rank1,1,uniform,256,20260823,833ae60d404748ac,0,1.00999999,6,completed,22.973923,22.9733753204,full_fp64,0.0131650841795,7.18359375,0.998046875,0,249,179,0,0,0,0,0,0,0,457,0,uniform__n256__seed20260823__unblocked_rank1__rp/runs.csv,replicated,3,1
RP,unblocked_rank1,1,uniform,256,20260823,833ae60d404748ac,1,1.00999999,6,completed,23.124881,23.1246070862,full_fp64,0.0131650841795,7.18359375,0.998046875,0,249,179,0,0,0,0,0,0,0,457,0,uniform__n256__seed20260823__unblocked_rank1__rp/runs.csv,replicated,3,1
RP,unblocked_rank1,1,uniform,256,20260823,833ae60d404748ac,2,1.00999999,6,completed,23.05873,23.0583686829,full_fp64,0.0131650841795,7.18359375,0.998046875,0,249,179,0,0,0,0,0,0,0,457,0,uniform__n256__seed20260823__unblocked_rank1__rp/runs.csv,replicated,3,1
ScaP,unblocked_rank1,1,uniform,256,20260823,833ae60d404748ac,0,1.00999999,6,completed,21.120178,21.1195526123,full_fp64,0.0131483030273,8.2890625,1,0,250,117,0,0,0,0,138,84,33,0,0,uniform__n256__seed20260823__unblocked_rank1__scap/runs.csv,replicated,3,1
ScaP,unblocked_rank1,1,uniform,256,20260823,833ae60d404748ac,1,1.00999999,6,completed,21.242405,21.2424964905,full_fp64,0.0131483030273,8.2890625,1,0,250,117,0,0,0,0,138,84,33,0,0,uniform__n256__seed20260823__unblocked_rank1__scap/runs.csv,replicated,3,1
ScaP,unblocked_rank1,1,uniform,256,20260823,833ae60d404748ac,2,1.00999999,6,completed,21.260825,21.2609596252,full_fp64,0.0131483030273,8.2890625,1,0,250,117,0,0,0,0,138,84,33,0,0,uniform__n256__seed20260823__unblocked_rank1__scap/runs.csv,replicated,3,1
ScPP,unblocked_rank1,1,uniform,256,20260823,833ae60d404748ac,0,1.00999999,6,completed,16.103686,16.1034889221,full_fp64,0.0163070282433,18.65625,1.0107421875,0,250,0,0,0,0,0,0,0,0,0,0,uniform__n256__seed20260823__unblocked_rank1__scpp/runs.csv,replicated,3,1
ScPP,unblocked_rank1,1,uniform,256,20260823,833ae60d404748ac,1,1.00999999,6,completed,16.092432,16.0922241211,full_fp64,0.0163070282433,18.65625,1.0107421875,0,250,0,0,0,0,0,0,0,0,0,0,uniform__n256__seed20260823__unblocked_rank1__scpp/runs.csv,replicated,3,1
ScPP,unblocked_rank1,1,uniform,256,20260823,833ae60d404748ac,2,1.00999999,6,completed,16.120612,16.1196155548,full_fp64,0.0163070282433,18.65625,1.0107421875,0,250,0,0,0,0,0,0,0,0,0,0,uniform__n256__seed20260823__unblocked_rank1__scpp/runs.csv,replicated,3,1
CP,blocked_panel_local,64,uniform,256,20260824,f62d325d71c8987a,0,1.00999999,6,completed,35.63168,35.6312332153,full_fp64,0.0139013542794,7.19140625,0.998046875,0,253,243,0,0,0,0,0,0,0,0,0,uniform__n256__seed20260824__blocked_panel_local__cp/runs.csv,replicated,3,1
CP,blocked_panel_local,64,uniform,256,20260824,f62d325d71c8987a,1,1.00999999,6,completed,35.74051,35.7407035828,full_fp64,0.0139013542794,7.19140625,0.998046875,0,253,243,0,0,0,0,0,0,0,0,0,uniform__n256__seed20260824__blocked_panel_local__cp/runs.csv,replicated,3,1
CP,blocked_panel_local,64,uniform,256,20260824,f62d325d71c8987a,2,1.00999999,6,completed,35.686529,35.6861763,full_fp64,0.0139013542794,7.19140625,0.998046875,0,253,243,0,0,0,0,0,0,0,0,0,uniform__n256__seed20260824__blocked_panel_local__cp/runs.csv,replicated,3,1
DP,blocked_panel_local,64,uniform,256,20260824,f62d325d71c8987a,0,1.00999999,6,completed,19.899231,19.8993606567,full_fp64,0.0198094379157,12.5078125,0.99365234375,0,251,27,27,1,0,0,0,0,0,0,0,uniform__n256__seed20260824__blocked_panel_local__dp/runs.csv,replicated,3,1
DP,blocked_panel_local,64,uniform,256,20260824,f62d325d71c8987a,1,1.00999999,6,completed,19.296769,19.2965431213,full_fp64,0.0198094379157,12.5078125,0.99365234375,0,251,27,27,1,0,0,0,0,0,0,0,uniform__n256__seed20260824__blocked_panel_local__dp/runs.csv,replicated,3,1
DP,blocked_panel_local,64,uniform,256,20260824,f62d325d71c8987a,2,1.00999999,6,completed,19.118973,19.1188793182,full_fp64,0.0198094379157,12.5078125,0.99365234375,0,251,27,27,1,0,0,0,0,0,0,0,uniform__n256__seed20260824__blocked_panel_local__dp/runs.csv,replicated,3,1
GP,blocked_panel_local,64,uniform,256,20260824,f62d325d71c8987a,0,1.00999999,6,completed,19.155071,19.1548805237,full_fp64,0.0164113210049,11.6953125,1.0087890625,0,248,0,0,0,30,13,0,0,0,0,0,uniform__n256__seed20260824__blocked_panel_local__gp/runs.csv,replicated,3,1
GP,blocked_panel_local,64,uniform,256,20260824,f62d325d71c8987a,1,1.00999999,6,completed,19.353292,19.3527030945,full_fp64,0.0164113210049,11.6953125,1.0087890625,0,248,0,0,0,30,13,0,0,0,0,0,uniform__n256__seed20260824__blocked_panel_local__gp/runs.csv,replicated,3,1
GP,blocked_panel_local,64,uniform,256,20260824,f62d325d71c8987a,2,1.00999999,6,completed,19.132045,19.1312961578,full_fp64,0.0164113210049,11.6953125,1.0087890625,0,248,0,0,0,30,13,0,0,0,0,0,uniform__n256__seed20260824__blocked_panel_local__gp/runs.csv,replicated,3,1
PP,blocked_panel_local,64,uniform,256,20260824,f62d325d71c8987a,0,1.00999999,6,completed,18.796917,18.7965755463,full_fp64,0.0189578896388,11.890625,1,0,242,0,0,0,0,0,0,0,0,0,0,uniform__n256__seed20260824__blocked_panel_local__pp/runs.csv,replicated,3,1
PP,blocked_panel_local,64,uniform,256,20260824,f62d325d71c8987a,1,1.00999999,6,completed,18.776,18.775680542,full_fp64,0.0189578896388,11.890625,1,0,242,0,0,0,0,0,0,0,0,0,0,uniform__n256__seed20260824__blocked_panel_local__pp/runs.csv,replicated,3,1
PP,blocked_panel_local,64,uniform,256,20260824,f62d325d71c8987a,2,1.00999999,6,completed,18.774694,18.7741127014,full_fp64,0.0189578896388,11.890625,1,0,242,0,0,0,0,0,0,0,0,0,0,uniform__n256__seed20260824__blocked_panel_local__pp/runs.csv,replicated,3,1
RP,blocked_panel_local,64,uniform,256,20260824,f62d325d71c8987a,0,1.00999999,6,completed,23.71143,23.7106246948,full_fp64,0.0158723687055,9.0625,0.9990234375,0,250,128,0,0,0,0,0,0,0,400,0,uniform__n256__seed20260824__blocked_panel_local__rp/runs.csv,replicated,3,1
RP,blocked_panel_local,64,uniform,256,20260824,f62d325d71c8987a,1,1.00999999,6,completed,23.831286,23.8310718536,full_fp64,0.0158723687055,9.0625,0.9990234375,0,250,128,0,0,0,0,0,0,0,400,0,uniform__n256__seed20260824__blocked_panel_local__rp/runs.csv,replicated,3,1
RP,blocked_panel_local,64,uniform,256,20260824,f62d325d71c8987a,2,1.00999999,6,completed,23.687839,23.6870727539,full_fp64,0.0158723687055,9.0625,0.9990234375,0,250,128,0,0,0,0,0,0,0,400,0,uniform__n256__seed20260824__blocked_panel_local__rp/runs.csv,replicated,3,1
ScaP,blocked_panel_local,64,uniform,256,20260824,f62d325d71c8987a,0,1.00999999,6,completed,23.337196,23.3368320465,full_fp64,0.0218186988495,8.4765625,1,0,244,131,0,0,0,0,124,93,38,0,0,uniform__n256__seed20260824__blocked_panel_local__scap/runs.csv,replicated,3,1
ScaP,blocked_panel_local,64,uniform,256,20260824,f62d325d71c8987a,1,1.00999999,6,completed,23.560035,23.5599994659,full_fp64,0.0218186988495,8.4765625,1,0,244,131,0,0,0,0,124,93,38,0,0,uniform__n256__seed20260824__blocked_panel_local__scap/runs.csv,replicated,3,1
ScaP,blocked_panel_local,64,uniform,256,20260824,f62d325d71c8987a,2,1.00999999,6,completed,23.591028,23.5907516479,full_fp64,0.0218186988495,8.4765625,1,0,244,131,0,0,0,0,124,93,38,0,0,uniform__n256__seed20260824__blocked_panel_local__scap/runs.csv,replicated,3,1
ScPP,blocked_panel_local,64,uniform,256,20260824,f62d325d71c8987a,0,1.00999999,6,completed,18.713083,18.7127990723,full_fp64,0.0169959304621,10.1953125,1.029296875,0,248,0,0,0,0,0,0,0,0,0,0,uniform__n256__seed20260824__blocked_panel_local__scpp/runs.csv,replicated,3,1
ScPP,blocked_panel_local,64,uniform,256,20260824,f62d325d71c8987a,1,1.00999999,6,completed,18.742822,18.7426872253,full_fp64,0.0169959304621,10.1953125,1.029296875,0,248,0,0,0,0,0,0,0,0,0,0,uniform__n256__seed20260824__blocked_panel_local__scpp/runs.csv,replicated,3,1
ScPP,blocked_panel_local,64,uniform,256,20260824,f62d325d71c8987a,2,1.00999999,6,completed,18.670753,18.670463562,full_fp64,0.0169959304621,10.1953125,1.029296875,0,248,0,0,0,0,0,0,0,0,0,0,uniform__n256__seed20260824__blocked_panel_local__scpp/runs.csv,replicated,3,1
CP,unblocked_rank1,1,uniform,256,20260824,f62d325d71c8987a,0,1.00999999,6,completed,43.002912,43.0026893616,full_fp64,0.0110785452416,4.59375,0.99755859375,0,251,250,0,0,0,0,0,0,0,0,0,uniform__n256__seed20260824__unblocked_rank1__cp/runs.csv,replicated,3,1
CP,unblocked_rank1,1,uniform,256,20260824,f62d325d71c8987a,1,1.00999999,6,completed,43.068922,43.0691184998,full_fp64,0.0110785452416,4.59375,0.99755859375,0,251,250,0,0,0,0,0,0,0,0,0,uniform__n256__seed20260824__unblocked_rank1__cp/runs.csv,replicated,3,1
CP,unblocked_rank1,1,uniform,256,20260824,f62d325d71c8987a,2,1.00999999,6,completed,43.020809,43.0217590332,full_fp64,0.0110785452416,4.59375,0.99755859375,0,251,250,0,0,0,0,0,0,0,0,0,uniform__n256__seed20260824__unblocked_rank1__cp/runs.csv,replicated,3,1
DP,unblocked_rank1,1,uniform,256,20260824,f62d325d71c8987a,0,1.00999999,6,completed,16.688837,16.6882553101,full_fp64,0.0202909247018,12.625,0.990234375,0,247,26,26,0,0,0,0,0,0,0,0,uniform__n256__seed20260824__unblocked_rank1__dp/runs.csv,replicated,3,1
DP,unblocked_rank1,1,uniform,256,20260824,f62d325d71c8987a,1,1.00999999,6,completed,16.633501,16.6334075928,full_fp64,0.0202909247018,12.625,0.990234375,0,247,26,26,0,0,0,0,0,0,0,0,uniform__n256__seed20260824__unblocked_rank1__dp/runs.csv,replicated,3,1
DP,unblocked_rank1,1,uniform,256,20260824,f62d325d71c8987a,2,1.00999999,6,completed,16.656619,16.6566390991,full_fp64,0.0202909247018,12.625,0.990234375,0,247,26,26,0,0,0,0,0,0,0,0,uniform__n256__seed20260824__unblocked_rank1__dp/runs.csv,replicated,3,1
GP,unblocked_rank1,1,uniform,256,20260824,f62d325d71c8987a,0,1.00999999,6,completed,17.217629,17.2170562744,full_fp64,0.016919889953,12.1171875,1.009765625,0,251,0,0,0,16,10,0,0,0,0,0,uniform__n256__seed20260824__unblocked_rank1__gp/runs.csv,replicated,3,1
GP,unblocked_rank1,1,uniform,256,20260824,f62d325d71c8987a,1,1.00999999,6,completed,16.939745,16.93932724,full_fp64,0.016919889953,12.1171875,1.009765625,0,251,0,0,0,16,10,0,0,0,0,0,uniform__n256__seed20260824__unblocked_rank1__gp/runs.csv,replicated,3,1
GP,unblocked_rank1,1,uniform,256,20260824,f62d325d71c8987a,2,1.00999999,6,completed,16.444381,16.4437446594,full_fp64,0.016919889953,12.1171875,1.009765625,0,251,0,0,0,16,10,0,0,0,0,0,uniform__n256__seed20260824__unblocked_rank1__gp/runs.csv,replicated,3,1
PP,unblocked_rank1,1,uniform,256,20260824,f62d325d71c8987a,0,1.00999999,6,completed,16.444723,16.4447364807,full_fp64,0.0189578896388,11.890625,1,0,242,0,0,0,0,0,0,0,0,0,0,uniform__n256__seed20260824__unblocked_rank1__pp/runs.csv,replicated,3,1
PP,unblocked_rank1,1,uniform,256,20260824,f62d325d71c8987a,1,1.00999999,6,completed,16.14681,16.1466236115,full_fp64,0.0189578896388,11.890625,1,0,242,0,0,0,0,0,0,0,0,0,0,uniform__n256__seed20260824__unblocked_rank1__pp/runs.csv,replicated,3,1
PP,unblocked_rank1,1,uniform,256,20260824,f62d325d71c8987a,2,1.00999999,6,completed,16.129243,16.1283836365,full_fp64,0.0189578896388,11.890625,1,0,242,0,0,0,0,0,0,0,0,0,0,uniform__n256__seed20260824__unblocked_rank1__pp/runs.csv,replicated,3,1
RP,unblocked_rank1,1,uniform,256,20260824,f62d325d71c8987a,0,1.00999999,6,completed,23.31788,23.3172473907,full_fp64,0.0131164994673,7.66015625,0.99951171875,0,251,182,0,0,0,0,0,0,0,463,0,uniform__n256__seed20260824__unblocked_rank1__rp/runs.csv,replicated,3,1
RP,unblocked_rank1,1,uniform,256,20260824,f62d325d71c8987a,1,1.00999999,6,completed,23.381675,23.381023407,full_fp64,0.0131164994673,7.66015625,0.99951171875,0,251,182,0,0,0,0,0,0,0,463,0,uniform__n256__seed20260824__unblocked_rank1__rp/runs.csv,replicated,3,1
RP,unblocked_rank1,1,uniform,256,20260824,f62d325d71c8987a,2,1.00999999,6,completed,23.775398,23.7751998901,full_fp64,0.0131164994673,7.66015625,0.99951171875,0,251,182,0,0,0,0,0,0,0,463,0,uniform__n256__seed20260824__unblocked_rank1__rp/runs.csv,replicated,3,1
ScaP,unblocked_rank1,1,uniform,256,20260824,f62d325d71c8987a,0,1.00999999,6,completed,21.170533,21.1702404022,full_fp64,0.0149992308579,8.09375,1,0,248,125,0,0,0,0,130,91,34,0,0,uniform__n256__seed20260824__unblocked_rank1__scap/runs.csv,replicated,3,1
ScaP,unblocked_rank1,1,uniform,256,20260824,f62d325d71c8987a,1,1.00999999,6,completed,21.177673,21.1771202087,full_fp64,0.0149992308579,8.09375,1,0,248,125,0,0,0,0,130,91,34,0,0,uniform__n256__seed20260824__unblocked_rank1__scap/runs.csv,replicated,3,1
ScaP,unblocked_rank1,1,uniform,256,20260824,f62d325d71c8987a,2,1.00999999,6,completed,21.12397,21.1231689453,full_fp64,0.0149992308579,8.09375,1,0,248,125,0,0,0,0,130,91,34,0,0,uniform__n256__seed20260824__unblocked_rank1__scap/runs.csv,replicated,3,1
ScPP,unblocked_rank1,1,uniform,256,20260824,f62d325d71c8987a,0,1.00999999,6,completed,16.106581,16.1066875458,full_fp64,0.0169959304621,12.453125,1.029296875,0,248,0,0,0,0,0,0,0,0,0,0,uniform__n256__seed20260824__unblocked_rank1__scpp/runs.csv,replicated,3,1
ScPP,unblocked_rank1,1,uniform,256,20260824,f62d325d71c8987a,1,1.00999999,6,completed,16.267489,16.266752243,full_fp64,0.0169959304621,12.453125,1.029296875,0,248,0,0,0,0,0,0,0,0,0,0,uniform__n256__seed20260824__unblocked_rank1__scpp/runs.csv,replicated,3,1
ScPP,unblocked_rank1,1,uniform,256,20260824,f62d325d71c8987a,2,1.00999999,6,completed,16.35178,16.3512325287,full_fp64,0.0169959304621,12.453125,1.029296875,0,248,0,0,0,0,0,0,0,0,0,0,uniform__n256__seed20260824__unblocked_rank1__scpp/runs.csv,replicated,3,1
CP,blocked_panel_local,64,uniform,256,20260825,a3835bdd53eb2b03,0,1.00999999,6,completed,35.326865,35.3261756897,full_fp64,0.0141082871705,7.296875,0.99951171875,0,253,234,0,0,0,0,0,0,0,0,0,uniform__n256__seed20260825__blocked_panel_local__cp/runs.csv,replicated,3,1
CP,blocked_panel_local,64,uniform,256,20260825,a3835bdd53eb2b03,1,1.00999999,6,completed,35.746635,35.7462081909,full_fp64,0.0141082871705,7.296875,0.99951171875,0,253,234,0,0,0,0,0,0,0,0,0,uniform__n256__seed20260825__blocked_panel_local__cp/runs.csv,replicated,3,1
CP,blocked_panel_local,64,uniform,256,20260825,a3835bdd53eb2b03,2,1.00999999,6,completed,35.402332,35.4024963379,full_fp64,0.0141082871705,7.296875,0.99951171875,0,253,234,0,0,0,0,0,0,0,0,0,uniform__n256__seed20260825__blocked_panel_local__cp/runs.csv,replicated,3,1
DP,blocked_panel_local,64,uniform,256,20260825,a3835bdd53eb2b03,0,1.00999999,6,completed,19.077874,19.077375412,full_fp64,0.0247722263448,12.4296875,0.98974609375,0,250,21,21,0,0,0,0,0,0,0,0,uniform__n256__seed20260825__blocked_panel_local__dp/runs.csv,replicated,3,1
DP,blocked_panel_local,64,uniform,256,20260825,a3835bdd53eb2b03,1,1.00999999,6,completed,19.139864,19.1395835876,full_fp64,0.0247722263448,12.4296875,0.98974609375,0,250,21,21,0,0,0,0,0,0,0,0,uniform__n256__seed20260825__blocked_panel_local__dp/runs.csv,replicated,3,1
DP,blocked_panel_local,64,uniform,256,20260825,a3835bdd53eb2b03,2,1.00999999,6,completed,19.107433,19.1071681976,full_fp64,0.0247722263448,12.4296875,0.98974609375,0,250,21,21,0,0,0,0,0,0,0,0,uniform__n256__seed20260825__blocked_panel_local__dp/runs.csv,replicated,3,1
GP,blocked_panel_local,64,uniform,256,20260825,a3835bdd53eb2b03,0,1.00999999,6,completed,19.161149,19.1607036591,full_fp64,0.0157288455521,12.5703125,1.009765625,0,250,0,0,0,20,14,0,0,0,0,0,uniform__n256__seed20260825__blocked_panel_local__gp/runs.csv,replicated,3,1
GP,blocked_panel_local,64,uniform,256,20260825,a3835bdd53eb2b03,1,1.00999999,6,completed,19.14822,19.1481285095,full_fp64,0.0157288455521,12.5703125,1.009765625,0,250,0,0,0,20,14,0,0,0,0,0,uniform__n256__seed20260825__blocked_panel_local__gp/runs.csv,replicated,3,1
GP,blocked_panel_local,64,uniform,256,20260825,a3835bdd53eb2b03,2,1.00999999,6,completed,19.17951,19.1789112091,full_fp64,0.0157288455521,12.5703125,1.009765625,0,250,0,0,0,20,14,0,0,0,0,0,uniform__n256__seed20260825__blocked_panel_local__gp/runs.csv,replicated,3,1
PP,blocked_panel_local,64,uniform,256,20260825,a3835bdd53eb2b03,0,1.00999999,6,completed,18.92666,18.9268474579,full_fp64,0.0154069671407,10.6875,1,0,250,0,0,0,0,0,0,0,0,0,0,uniform__n256__seed20260825__blocked_panel_local__pp/runs.csv,replicated,3,1
PP,blocked_panel_local,64,uniform,256,20260825,a3835bdd53eb2b03,1,1.00999999,6,completed,18.874059,18.8735046387,full_fp64,0.0154069671407,10.6875,1,0,250,0,0,0,0,0,0,0,0,0,0,uniform__n256__seed20260825__blocked_panel_local__pp/runs.csv,replicated,3,1
PP,blocked_panel_local,64,uniform,256,20260825,a3835bdd53eb2b03,2,1.00999999,6,completed,18.772722,18.7720966339,full_fp64,0.0154069671407,10.6875,1,0,250,0,0,0,0,0,0,0,0,0,0,uniform__n256__seed20260825__blocked_panel_local__pp/runs.csv,replicated,3,1
RP,blocked_panel_local,64,uniform,256,20260825,a3835bdd53eb2b03,0,1.00999999,6,completed,23.884497,23.8838710785,full_fp64,0.0156695237383,7.87109375,1,0,253,123,0,0,0,0,0,0,0,393,0,uniform__n256__seed20260825__blocked_panel_local__rp/runs.csv,replicated,3,1
RP,blocked_panel_local,64,uniform,256,20260825,a3835bdd53eb2b03,1,1.00999999,6,completed,24.024561,24.0241928101,full_fp64,0.0156695237383,7.87109375,1,0,253,123,0,0,0,0,0,0,0,393,0,uniform__n256__seed20260825__blocked_panel_local__rp/runs.csv,replicated,3,1
RP,blocked_panel_local,64,uniform,256,20260825,a3835bdd53eb2b03,2,1.00999999,6,completed,23.860531,23.8603515625,full_fp64,0.0156695237383,7.87109375,1,0,253,123,0,0,0,0,0,0,0,393,0,uniform__n256__seed20260825__blocked_panel_local__rp/runs.csv,replicated,3,1
ScaP,blocked_panel_local,64,uniform,256,20260825,a3835bdd53eb2b03,0,1.00999999,6,completed,23.596633,23.5965442657,full_fp64,0.0160507330438,9.453125,0.9990234375,0,251,139,0,0,0,0,116,93,46,0,0,uniform__n256__seed20260825__blocked_panel_local__scap/runs.csv,replicated,3,1
ScaP,blocked_panel_local,64,uniform,256,20260825,a3835bdd53eb2b03,1,1.00999999,6,completed,23.772322,23.7717437744,full_fp64,0.0160507330438,9.453125,0.9990234375,0,251,139,0,0,0,0,116,93,46,0,0,uniform__n256__seed20260825__blocked_panel_local__scap/runs.csv,replicated,3,1
ScaP,blocked_panel_local,64,uniform,256,20260825,a3835bdd53eb2b03,2,1.00999999,6,completed,23.594991,23.5948486328,full_fp64,0.0160507330438,9.453125,0.9990234375,0,251,139,0,0,0,0,116,93,46,0,0,uniform__n256__seed20260825__blocked_panel_local__scap/runs.csv,replicated,3,1
ScPP,blocked_panel_local,64,uniform,256,20260825,a3835bdd53eb2b03,0,1.00999999,6,completed,18.60568,18.6051521301,full_fp64,0.0228600825649,12.734375,1.001953125,0,253,0,0,0,0,0,0,0,0,0,0,uniform__n256__seed20260825__blocked_panel_local__scpp/runs.csv,replicated,3,1
ScPP,blocked_panel_local,64,uniform,256,20260825,a3835bdd53eb2b03,1,1.00999999,6,completed,18.679866,18.6796169281,full_fp64,0.0228600825649,12.734375,1.001953125,0,253,0,0,0,0,0,0,0,0,0,0,uniform__n256__seed20260825__blocked_panel_local__scpp/runs.csv,replicated,3,1
ScPP,blocked_panel_local,64,uniform,256,20260825,a3835bdd53eb2b03,2,1.00999999,6,completed,18.597271,18.5972156525,full_fp64,0.0228600825649,12.734375,1.001953125,0,253,0,0,0,0,0,0,0,0,0,0,uniform__n256__seed20260825__blocked_panel_local__scpp/runs.csv,replicated,3,1
CP,unblocked_rank1,1,uniform,256,20260825,a3835bdd53eb2b03,0,1.00999999,6,completed,42.974364,42.9748497009,full_fp64,0.0135815865069,5.24609375,0.99462890625,0,245,250,0,0,0,0,0,0,0,0,0,uniform__n256__seed20260825__unblocked_rank1__cp/runs.csv,replicated,3,1
CP,unblocked_rank1,1,uniform,256,20260825,a3835bdd53eb2b03,1,1.00999999,6,completed,42.873871,42.873664856,full_fp64,0.0135815865069,5.24609375,0.99462890625,0,245,250,0,0,0,0,0,0,0,0,0,uniform__n256__seed20260825__unblocked_rank1__cp/runs.csv,replicated,3,1
CP,unblocked_rank1,1,uniform,256,20260825,a3835bdd53eb2b03,2,1.00999999,6,completed,43.147051,43.1471366882,full_fp64,0.0135815865069,5.24609375,0.99462890625,0,245,250,0,0,0,0,0,0,0,0,0,uniform__n256__seed20260825__unblocked_rank1__cp/runs.csv,replicated,3,1
DP,unblocked_rank1,1,uniform,256,20260825,a3835bdd53eb2b03,0,1.00999999,6,completed,16.661419,16.6611194611,full_fp64,0.0247722263448,12.4296875,0.98974609375,0,250,21,21,0,0,0,0,0,0,0,0,uniform__n256__seed20260825__unblocked_rank1__dp/runs.csv,replicated,3,1
DP,unblocked_rank1,1,uniform,256,20260825,a3835bdd53eb2b03,1,1.00999999,6,completed,16.748524,16.7476806641,full_fp64,0.0247722263448,12.4296875,0.98974609375,0,250,21,21,0,0,0,0,0,0,0,0,uniform__n256__seed20260825__unblocked_rank1__dp/runs.csv,replicated,3,1
DP,unblocked_rank1,1,uniform,256,20260825,a3835bdd53eb2b03,2,1.00999999,6,completed,16.756838,16.755487442,full_fp64,0.0247722263448,12.4296875,0.98974609375,0,250,21,21,0,0,0,0,0,0,0,0,uniform__n256__seed20260825__unblocked_rank1__dp/runs.csv,replicated,3,1
GP,unblocked_rank1,1,uniform,256,20260825,a3835bdd53eb2b03,0,1.00999999,6,completed,16.725339,16.7260150909,full_fp64,0.0172868648078,9.7890625,1.009765625,0,250,0,0,0,23,11,0,0,0,0,0,uniform__n256__seed20260825__unblocked_rank1__gp/runs.csv,replicated,3,1
GP,unblocked_rank1,1,uniform,256,20260825,a3835bdd53eb2b03,1,1.00999999,6,completed,16.635162,16.6336631775,full_fp64,0.0172868648078,9.7890625,1.009765625,0,250,0,0,0,23,11,0,0,0,0,0,uniform__n256__seed20260825__unblocked_rank1__gp/runs.csv,replicated,3,1
GP,unblocked_rank1,1,uniform,256,20260825,a3835bdd53eb2b03,2,1.00999999,6,completed,16.729478,16.7287368774,full_fp64,0.0172868648078,9.7890625,1.009765625,0,250,0,0,0,23,11,0,0,0,0,0,uniform__n256__seed20260825__unblocked_rank1__gp/runs.csv,replicated,3,1
PP,unblocked_rank1,1,uniform,256,20260825,a3835bdd53eb2b03,0,1.00999999,6,completed,16.105665,16.1043205261,full_fp64,0.0154069671407,10.6875,1,0,250,0,0,0,0,0,0,0,0,0,0,uniform__n256__seed20260825__unblocked_rank1__pp/runs.csv,replicated,3,1
PP,unblocked_rank1,1,uniform,256,20260825,a3835bdd53eb2b03,1,1.00999999,6,completed,16.111544,16.1112632751,full_fp64,0.0154069671407,10.6875,1,0,250,0,0,0,0,0,0,0,0,0,0,uniform__n256__seed20260825__unblocked_rank1__pp/runs.csv,replicated,3,1
PP,unblocked_rank1,1,uniform,256,20260825,a3835bdd53eb2b03,2,1.00999999,6,completed,16.087579,16.0872001648,full_fp64,0.0154069671407,10.6875,1,0,250,0,0,0,0,0,0,0,0,0,0,uniform__n256__seed20260825__unblocked_rank1__pp/runs.csv,replicated,3,1
RP,unblocked_rank1,1,uniform,256,20260825,a3835bdd53eb2b03,0,1.00999999,6,completed,22.995631,22.9954242706,full_fp64,0.0133147990855,6.75390625,0.99560546875,0,245,165,0,0,0,0,0,0,0,461,0,uniform__n256__seed20260825__unblocked_rank1__rp/runs.csv,replicated,3,1
RP,unblocked_rank1,1,uniform,256,20260825,a3835bdd53eb2b03,1,1.00999999,6,completed,23.172241,23.1720638275,full_fp64,0.0133147990855,6.75390625,0.99560546875,0,245,165,0,0,0,0,0,0,0,461,0,uniform__n256__seed20260825__unblocked_rank1__rp/runs.csv,replicated,3,1
RP,unblocked_rank1,1,uniform,256,20260825,a3835bdd53eb2b03,2,1.00999999,6,completed,23.006783,23.0068473816,full_fp64,0.0133147990855,6.75390625,0.99560546875,0,245,165,0,0,0,0,0,0,0,461,0,uniform__n256__seed20260825__unblocked_rank1__rp/runs.csv,replicated,3,1
ScaP,unblocked_rank1,1,uniform,256,20260825,a3835bdd53eb2b03,0,1.00999999,6,completed,21.191365,21.1908168793,full_fp64,0.0211331313476,7.69140625,1,0,246,128,0,0,0,0,127,94,34,0,0,uniform__n256__seed20260825__unblocked_rank1__scap/runs.csv,replicated,3,1
ScaP,unblocked_rank1,1,uniform,256,20260825,a3835bdd53eb2b03,1,1.00999999,6,completed,21.185065,21.1845111847,full_fp64,0.0211331313476,7.69140625,1,0,246,128,0,0,0,0,127,94,34,0,0,uniform__n256__seed20260825__unblocked_rank1__scap/runs.csv,replicated,3,1
ScaP,unblocked_rank1,1,uniform,256,20260825,a3835bdd53eb2b03,2,1.00999999,6,completed,21.155396,21.1555519104,full_fp64,0.0211331313476,7.69140625,1,0,246,128,0,0,0,0,127,94,34,0,0,uniform__n256__seed20260825__unblocked_rank1__scap/runs.csv,replicated,3,1
ScPP,unblocked_rank1,1,uniform,256,20260825,a3835bdd53eb2b03,0,1.00999999,6,completed,16.074069,16.0739841461,full_fp64,0.0228600825649,12.734375,1.001953125,0,253,0,0,0,0,0,0,0,0,0,0,uniform__n256__seed20260825__unblocked_rank1__scpp/runs.csv,replicated,3,1
ScPP,unblocked_rank1,1,uniform,256,20260825,a3835bdd53eb2b03,1,1.00999999,6,completed,16.112839,16.1123847961,full_fp64,0.0228600825649,12.734375,1.001953125,0,253,0,0,0,0,0,0,0,0,0,0,uniform__n256__seed20260825__unblocked_rank1__scpp/runs.csv,replicated,3,1
ScPP,unblocked_rank1,1,uniform,256,20260825,a3835bdd53eb2b03,2,1.00999999,6,completed,16.088805,16.088640213,full_fp64,0.0228600825649,12.734375,1.001953125,0,253,0,0,0,0,0,0,0,0,0,0,uniform__n256__seed20260825__unblocked_rank1__scpp/runs.csv,replicated,3,1
CP,blocked_panel_local,64,uniform,512,20260823,7f61f5c8b0307183,0,1.00999999,6,completed,152.807476,152.807495117,sampled_fp64_32x32,0.0152892870829,11.3671875,1,0,507,472,0,0,0,0,0,0,0,0,0,uniform__n512__seed20260823__blocked_panel_local__cp/runs.csv,replicated,3,1
CP,blocked_panel_local,64,uniform,512,20260823,7f61f5c8b0307183,1,1.00999999,6,completed,153.631718,153.632095337,sampled_fp64_32x32,0.0152892870829,11.3671875,1,0,507,472,0,0,0,0,0,0,0,0,0,uniform__n512__seed20260823__blocked_panel_local__cp/runs.csv,replicated,3,1
CP,blocked_panel_local,64,uniform,512,20260823,7f61f5c8b0307183,2,1.00999999,6,completed,154.644439,154.645080566,sampled_fp64_32x32,0.0152892870829,11.3671875,1,0,507,472,0,0,0,0,0,0,0,0,0,uniform__n512__seed20260823__blocked_panel_local__cp/runs.csv,replicated,3,1
DP,blocked_panel_local,64,uniform,512,20260823,7f61f5c8b0307183,0,1.00999999,6,completed,40.271539,40.270816803,sampled_fp64_32x32,0.0161679044541,22.640625,0.99755859375,0,507,42,42,2,0,0,0,0,0,0,0,uniform__n512__seed20260823__blocked_panel_local__dp/runs.csv,replicated,3,1
DP,blocked_panel_local,64,uniform,512,20260823,7f61f5c8b0307183,1,1.00999999,6,completed,40.457935,40.4570541382,sampled_fp64_32x32,0.0161679044541,22.640625,0.99755859375,0,507,42,42,2,0,0,0,0,0,0,0,uniform__n512__seed20260823__blocked_panel_local__dp/runs.csv,replicated,3,1
DP,blocked_panel_local,64,uniform,512,20260823,7f61f5c8b0307183,2,1.00999999,6,completed,40.073191,40.0729598999,sampled_fp64_32x32,0.0161679044541,22.640625,0.99755859375,0,507,42,42,2,0,0,0,0,0,0,0,uniform__n512__seed20260823__blocked_panel_local__dp/runs.csv,replicated,3,1
GP,blocked_panel_local,64,uniform,512,20260823,7f61f5c8b0307183,0,1.00999999,6,completed,40.427151,40.4268798828,sampled_fp64_32x32,0.0170377641916,20.234375,1.009765625,0,508,0,0,0,26,14,0,0,0,0,0,uniform__n512__seed20260823__blocked_panel_local__gp/runs.csv,replicated,3,1
GP,blocked_panel_local,64,uniform,512,20260823,7f61f5c8b0307183,1,1.00999999,6,completed,40.498943,40.4975662231,sampled_fp64_32x32,0.0170377641916,20.234375,1.009765625,0,508,0,0,0,26,14,0,0,0,0,0,uniform__n512__seed20260823__blocked_panel_local__gp/runs.csv,replicated,3,1
GP,blocked_panel_local,64,uniform,512,20260823,7f61f5c8b0307183,2,1.00999999,6,completed,40.423127,40.4223365784,sampled_fp64_32x32,0.0170377641916,20.234375,1.009765625,0,508,0,0,0,26,14,0,0,0,0,0,uniform__n512__seed20260823__blocked_panel_local__gp/runs.csv,replicated,3,1
PP,blocked_panel_local,64,uniform,512,20260823,7f61f5c8b0307183,0,1.00999999,6,completed,39.598053,39.5979537964,sampled_fp64_32x32,0.0188410265691,20.5,1,0,506,0,0,0,0,0,0,0,0,0,0,uniform__n512__seed20260823__blocked_panel_local__pp/runs.csv,replicated,3,1
PP,blocked_panel_local,64,uniform,512,20260823,7f61f5c8b0307183,1,1.00999999,6,completed,39.80134,39.8005752563,sampled_fp64_32x32,0.0188410265691,20.5,1,0,506,0,0,0,0,0,0,0,0,0,0,uniform__n512__seed20260823__blocked_panel_local__pp/runs.csv,replicated,3,1
PP,blocked_panel_local,64,uniform,512,20260823,7f61f5c8b0307183,2,1.00999999,6,completed,39.769768,39.7690887451,sampled_fp64_32x32,0.0188410265691,20.5,1,0,506,0,0,0,0,0,0,0,0,0,0,uniform__n512__seed20260823__blocked_panel_local__pp/runs.csv,replicated,3,1
RP,blocked_panel_local,64,uniform,512,20260823,7f61f5c8b0307183,0,1.00999999,6,completed,55.811404,55.8117103577,sampled_fp64_32x32,0.0154841789044,13.5703125,1,0,506,194,0,0,0,0,0,0,0,727,0,uniform__n512__seed20260823__blocked_panel_local__rp/runs.csv,replicated,3,1
RP,blocked_panel_local,64,uniform,512,20260823,7f61f5c8b0307183,1,1.00999999,6,completed,49.627027,49.627166748,sampled_fp64_32x32,0.0154841789044,13.5703125,1,0,506,194,0,0,0,0,0,0,0,727,0,uniform__n512__seed20260823__blocked_panel_local__rp/runs.csv,replicated,3,1
RP,blocked_panel_local,64,uniform,512,20260823,7f61f5c8b0307183,2,1.00999999,6,completed,48.066296,48.065952301,sampled_fp64_32x32,0.0154841789044,13.5703125,1,0,506,194,0,0,0,0,0,0,0,727,0,uniform__n512__seed20260823__blocked_panel_local__rp/runs.csv,replicated,3,1
ScaP,blocked_panel_local,64,uniform,512,20260823,7f61f5c8b0307183,0,1.00999999,6,completed,49.77013,49.7689285278,sampled_fp64_32x32,0.0161670602392,21.453125,0.99951171875,0,507,280,0,0,0,0,231,212,68,0,0,uniform__n512__seed20260823__blocked_panel_local__scap/runs.csv,replicated,3,1
ScaP,blocked_panel_local,64,uniform,512,20260823,7f61f5c8b0307183,1,1.00999999,6,completed,49.711507,49.7107849121,sampled_fp64_32x32,0.0161670602392,21.453125,0.99951171875,0,507,280,0,0,0,0,231,212,68,0,0,uniform__n512__seed20260823__blocked_panel_local__scap/runs.csv,replicated,3,1
ScaP,blocked_panel_local,64,uniform,512,20260823,7f61f5c8b0307183,2,1.00999999,6,completed,49.739241,49.7392311096,sampled_fp64_32x32,0.0161670602392,21.453125,0.99951171875,0,507,280,0,0,0,0,231,212,68,0,0,uniform__n512__seed20260823__blocked_panel_local__scap/runs.csv,replicated,3,1
ScPP,blocked_panel_local,64,uniform,512,20260823,7f61f5c8b0307183,0,1.00999999,6,completed,39.764123,39.7644462585,sampled_fp64_32x32,0.0167178120464,18.046875,1.0009765625,0,504,0,0,0,0,0,0,0,0,0,0,uniform__n512__seed20260823__blocked_panel_local__scpp/runs.csv,replicated,3,1
ScPP,blocked_panel_local,64,uniform,512,20260823,7f61f5c8b0307183,1,1.00999999,6,completed,39.437582,39.4372177124,sampled_fp64_32x32,0.0167178120464,18.046875,1.0009765625,0,504,0,0,0,0,0,0,0,0,0,0,uniform__n512__seed20260823__blocked_panel_local__scpp/runs.csv,replicated,3,1
ScPP,blocked_panel_local,64,uniform,512,20260823,7f61f5c8b0307183,2,1.00999999,6,completed,39.438512,39.4381446838,sampled_fp64_32x32,0.0167178120464,18.046875,1.0009765625,0,504,0,0,0,0,0,0,0,0,0,0,uniform__n512__seed20260823__blocked_panel_local__scpp/runs.csv,replicated,3,1
CP,unblocked_rank1,1,uniform,512,20260823,7f61f5c8b0307183,0,1.00999999,6,completed,245.835536,245.836288452,sampled_fp64_32x32,0.0115840841609,7.9296875,1,0,504,503,0,0,0,0,0,0,0,0,0,uniform__n512__seed20260823__unblocked_rank1__cp/runs.csv,replicated,3,1
CP,unblocked_rank1,1,uniform,512,20260823,7f61f5c8b0307183,1,1.00999999,6,completed,244.524001,244.524856567,sampled_fp64_32x32,0.0115840841609,7.9296875,1,0,504,503,0,0,0,0,0,0,0,0,0,uniform__n512__seed20260823__unblocked_rank1__cp/runs.csv,replicated,3,1
CP,unblocked_rank1,1,uniform,512,20260823,7f61f5c8b0307183,2,1.00999999,6,completed,239.033031,239.033340454,sampled_fp64_32x32,0.0115840841609,7.9296875,1,0,504,503,0,0,0,0,0,0,0,0,0,uniform__n512__seed20260823__unblocked_rank1__cp/runs.csv,replicated,3,1
DP,unblocked_rank1,1,uniform,512,20260823,7f61f5c8b0307183,0,1.00999999,6,completed,35.374189,35.3741760254,sampled_fp64_32x32,0.0231674918905,18.015625,0.99755859375,0,507,45,45,1,0,0,0,0,0,0,0,uniform__n512__seed20260823__unblocked_rank1__dp/runs.csv,replicated,3,1
DP,unblocked_rank1,1,uniform,512,20260823,7f61f5c8b0307183,1,1.00999999,6,completed,35.934905,35.9340171814,sampled_fp64_32x32,0.0231674918905,18.015625,0.99755859375,0,507,45,45,1,0,0,0,0,0,0,0,uniform__n512__seed20260823__unblocked_rank1__dp/runs.csv,replicated,3,1
DP,unblocked_rank1,1,uniform,512,20260823,7f61f5c8b0307183,2,1.00999999,6,completed,35.83744,35.8367042542,sampled_fp64_32x32,0.0231674918905,18.015625,0.99755859375,0,507,45,45,1,0,0,0,0,0,0,0,uniform__n512__seed20260823__unblocked_rank1__dp/runs.csv,replicated,3,1
GP,unblocked_rank1,1,uniform,512,20260823,7f61f5c8b0307183,0,1.00999999,6,completed,35.633615,35.6332473755,sampled_fp64_32x32,0.0202737943518,19.171875,1.009765625,0,505,0,0,0,37,18,0,0,0,0,0,uniform__n512__seed20260823__unblocked_rank1__gp/runs.csv,replicated,3,1
GP,unblocked_rank1,1,uniform,512,20260823,7f61f5c8b0307183,1,1.00999999,6,completed,35.665322,35.664478302,sampled_fp64_32x32,0.0202737943518,19.171875,1.009765625,0,505,0,0,0,37,18,0,0,0,0,0,uniform__n512__seed20260823__unblocked_rank1__gp/runs.csv,replicated,3,1
GP,unblocked_rank1,1,uniform,512,20260823,7f61f5c8b0307183,2,1.00999999,6,completed,35.759041,35.7581748962,sampled_fp64_32x32,0.0202737943518,19.171875,1.009765625,0,505,0,0,0,37,18,0,0,0,0,0,uniform__n512__seed20260823__unblocked_rank1__gp/runs.csv,replicated,3,1
PP,unblocked_rank1,1,uniform,512,20260823,7f61f5c8b0307183,0,1.00999999,6,completed,34.545762,34.5454711914,sampled_fp64_32x32,0.0188410265691,20.5,1,0,506,0,0,0,0,0,0,0,0,0,0,uniform__n512__seed20260823__unblocked_rank1__pp/runs.csv,replicated,3,1
PP,unblocked_rank1,1,uniform,512,20260823,7f61f5c8b0307183,1,1.00999999,6,completed,34.553468,34.5527687073,sampled_fp64_32x32,0.0188410265691,20.5,1,0,506,0,0,0,0,0,0,0,0,0,0,uniform__n512__seed20260823__unblocked_rank1__pp/runs.csv,replicated,3,1
PP,unblocked_rank1,1,uniform,512,20260823,7f61f5c8b0307183,2,1.00999999,6,completed,34.679361,34.6784629822,sampled_fp64_32x32,0.0188410265691,20.5,1,0,506,0,0,0,0,0,0,0,0,0,0,uniform__n512__seed20260823__unblocked_rank1__pp/runs.csv,replicated,3,1
RP,unblocked_rank1,1,uniform,512,20260823,7f61f5c8b0307183,0,1.00999999,6,completed,50.933884,50.9338569641,sampled_fp64_32x32,0.0166369111394,9.3125,1,0,505,369,0,0,0,0,0,0,0,940,0,uniform__n512__seed20260823__unblocked_rank1__rp/runs.csv,replicated,3,1
RP,unblocked_rank1,1,uniform,512,20260823,7f61f5c8b0307183,1,1.00999999,6,completed,51.024633,51.0242576599,sampled_fp64_32x32,0.0166369111394,9.3125,1,0,505,369,0,0,0,0,0,0,0,940,0,uniform__n512__seed20260823__unblocked_rank1__rp/runs.csv,replicated,3,1
RP,unblocked_rank1,1,uniform,512,20260823,7f61f5c8b0307183,2,1.00999999,6,completed,51.151473,51.1509742737,sampled_fp64_32x32,0.0166369111394,9.3125,1,0,505,369,0,0,0,0,0,0,0,940,0,uniform__n512__seed20260823__unblocked_rank1__rp/runs.csv,replicated,3,1
ScaP,unblocked_rank1,1,uniform,512,20260823,7f61f5c8b0307183,0,1.00999999,6,completed,44.965297,44.9646720886,sampled_fp64_32x32,0.0236529889517,12.203125,1,0,503,252,0,0,0,0,259,185,67,0,0,uniform__n512__seed20260823__unblocked_rank1__scap/runs.csv,replicated,3,1
ScaP,unblocked_rank1,1,uniform,512,20260823,7f61f5c8b0307183,1,1.00999999,6,completed,45.10439,45.1032943726,sampled_fp64_32x32,0.0236529889517,12.203125,1,0,503,252,0,0,0,0,259,185,67,0,0,uniform__n512__seed20260823__unblocked_rank1__scap/runs.csv,replicated,3,1
ScaP,unblocked_rank1,1,uniform,512,20260823,7f61f5c8b0307183,2,1.00999999,6,completed,44.823655,44.8234558105,sampled_fp64_32x32,0.0236529889517,12.203125,1,0,503,252,0,0,0,0,259,185,67,0,0,uniform__n512__seed20260823__unblocked_rank1__scap/runs.csv,replicated,3,1
ScPP,unblocked_rank1,1,uniform,512,20260823,7f61f5c8b0307183,0,1.00999999,6,completed,34.578526,34.5779838562,sampled_fp64_32x32,0.0167178120464,18.046875,1.0009765625,0,504,0,0,0,0,0,0,0,0,0,0,uniform__n512__seed20260823__unblocked_rank1__scpp/runs.csv,replicated,3,1
ScPP,unblocked_rank1,1,uniform,512,20260823,7f61f5c8b0307183,1,1.00999999,6,completed,34.547549,34.547039032,sampled_fp64_32x32,0.0167178120464,18.046875,1.0009765625,0,504,0,0,0,0,0,0,0,0,0,0,uniform__n512__seed20260823__unblocked_rank1__scpp/runs.csv,replicated,3,1
ScPP,unblocked_rank1,1,uniform,512,20260823,7f61f5c8b0307183,2,1.00999999,6,completed,34.6291,34.6279678345,sampled_fp64_32x32,0.0167178120464,18.046875,1.0009765625,0,504,0,0,0,0,0,0,0,0,0,0,uniform__n512__seed20260823__unblocked_rank1__scpp/runs.csv,replicated,3,1
CP,blocked_panel_local,64,uniform,512,20260824,69ecd3a10976619f,0,1.00999999,6,completed,155.301913,155.301696777,sampled_fp64_32x32,0.0183145357296,11.7578125,0.99951171875,0,507,474,0,0,0,0,0,0,0,0,0,uniform__n512__seed20260824__blocked_panel_local__cp/runs.csv,replicated,3,1
CP,blocked_panel_local,64,uniform,512,20260824,69ecd3a10976619f,1,1.00999999,6,completed,155.107315,155.10774231,sampled_fp64_32x32,0.0183145357296,11.7578125,0.99951171875,0,507,474,0,0,0,0,0,0,0,0,0,uniform__n512__seed20260824__blocked_panel_local__cp/runs.csv,replicated,3,1
CP,blocked_panel_local,64,uniform,512,20260824,69ecd3a10976619f,2,1.00999999,6,completed,153.506203,153.506881714,sampled_fp64_32x32,0.0183145357296,11.7578125,0.99951171875,0,507,474,0,0,0,0,0,0,0,0,0,uniform__n512__seed20260824__blocked_panel_local__cp/runs.csv,replicated,3,1
DP,blocked_panel_local,64,uniform,512,20260824,69ecd3a10976619f,0,1.00999999,6,completed,40.687577,40.6866569519,sampled_fp64_32x32,0.0188424122753,14.625,0.99853515625,0,506,51,51,3,0,0,0,0,0,0,0,uniform__n512__seed20260824__blocked_panel_local__dp/runs.csv,replicated,3,1
DP,blocked_panel_local,64,uniform,512,20260824,69ecd3a10976619f,1,1.00999999,6,completed,40.719722,40.7195510864,sampled_fp64_32x32,0.0188424122753,14.625,0.99853515625,0,506,51,51,3,0,0,0,0,0,0,0,uniform__n512__seed20260824__blocked_panel_local__dp/runs.csv,replicated,3,1
DP,blocked_panel_local,64,uniform,512,20260824,69ecd3a10976619f,2,1.00999999,6,completed,40.642056,40.6410560608,sampled_fp64_32x32,0.0188424122753,14.625,0.99853515625,0,506,51,51,3,0,0,0,0,0,0,0,uniform__n512__seed20260824__blocked_panel_local__dp/runs.csv,replicated,3,1
GP,blocked_panel_local,64,uniform,512,20260824,69ecd3a10976619f,0,1.00999999,6,completed,45.783504,45.783039093,sampled_fp64_32x32,0.0198223957738,16.09375,1.0078125,0,508,0,0,0,39,20,0,0,0,0,0,uniform__n512__seed20260824__blocked_panel_local__gp/runs.csv,replicated,3,1
GP,blocked_panel_local,64,uniform,512,20260824,69ecd3a10976619f,1,1.00999999,6,completed,41.612372,41.6119041443,sampled_fp64_32x32,0.0198223957738,16.09375,1.0078125,0,508,0,0,0,39,20,0,0,0,0,0,uniform__n512__seed20260824__blocked_panel_local__gp/runs.csv,replicated,3,1
GP,blocked_panel_local,64,uniform,512,20260824,69ecd3a10976619f,2,1.00999999,6,completed,40.432316,40.4315834045,sampled_fp64_32x32,0.0198223957738,16.09375,1.0078125,0,508,0,0,0,39,20,0,0,0,0,0,uniform__n512__seed20260824__blocked_panel_local__gp/runs.csv,replicated,3,1
PP,blocked_panel_local,64,uniform,512,20260824,69ecd3a10976619f,0,1.00999999,6,completed,39.579839,39.5792007446,sampled_fp64_32x32,0.0195103277874,18.90625,1,0,509,0,0,0,0,0,0,0,0,0,0,uniform__n512__seed20260824__blocked_panel_local__pp/runs.csv,replicated,3,1
PP,blocked_panel_local,64,uniform,512,20260824,69ecd3a10976619f,1,1.00999999,6,completed,39.697973,39.6974716187,sampled_fp64_32x32,0.0195103277874,18.90625,1,0,509,0,0,0,0,0,0,0,0,0,0,uniform__n512__seed20260824__blocked_panel_local__pp/runs.csv,replicated,3,1
PP,blocked_panel_local,64,uniform,512,20260824,69ecd3a10976619f,2,1.00999999,6,completed,39.582939,39.5821762085,sampled_fp64_32x32,0.0195103277874,18.90625,1,0,509,0,0,0,0,0,0,0,0,0,0,uniform__n512__seed20260824__blocked_panel_local__pp/runs.csv,replicated,3,1
RP,blocked_panel_local,64,uniform,512,20260824,69ecd3a10976619f,0,1.00999999,6,completed,48.896159,48.8958091736,sampled_fp64_32x32,0.0190813929148,14.6796875,0.99951171875,0,505,212,0,0,0,0,0,0,0,742,0,uniform__n512__seed20260824__blocked_panel_local__rp/runs.csv,replicated,3,1
RP,blocked_panel_local,64,uniform,512,20260824,69ecd3a10976619f,1,1.00999999,6,completed,48.906811,48.9061126709,sampled_fp64_32x32,0.0190813929148,14.6796875,0.99951171875,0,505,212,0,0,0,0,0,0,0,742,0,uniform__n512__seed20260824__blocked_panel_local__rp/runs.csv,replicated,3,1
RP,blocked_panel_local,64,uniform,512,20260824,69ecd3a10976619f,2,1.00999999,6,completed,49.097553,49.0968971252,sampled_fp64_32x32,0.0190813929148,14.6796875,0.99951171875,0,505,212,0,0,0,0,0,0,0,742,0,uniform__n512__seed20260824__blocked_panel_local__rp/runs.csv,replicated,3,1
ScaP,blocked_panel_local,64,uniform,512,20260824,69ecd3a10976619f,0,1.00999999,6,completed,49.345885,49.3449935913,sampled_fp64_32x32,0.0204406406265,15.1171875,1,0,507,263,0,0,0,0,248,206,57,0,0,uniform__n512__seed20260824__blocked_panel_local__scap/runs.csv,replicated,3,1
ScaP,blocked_panel_local,64,uniform,512,20260824,69ecd3a10976619f,1,1.00999999,6,completed,49.405125,49.4050559998,sampled_fp64_32x32,0.0204406406265,15.1171875,1,0,507,263,0,0,0,0,248,206,57,0,0,uniform__n512__seed20260824__blocked_panel_local__scap/runs.csv,replicated,3,1
ScaP,blocked_panel_local,64,uniform,512,20260824,69ecd3a10976619f,2,1.00999999,6,completed,49.709775,49.7096633911,sampled_fp64_32x32,0.0204406406265,15.1171875,1,0,507,263,0,0,0,0,248,206,57,0,0,uniform__n512__seed20260824__blocked_panel_local__scap/runs.csv,replicated,3,1
ScPP,blocked_panel_local,64,uniform,512,20260824,69ecd3a10976619f,0,1.00999999,6,completed,39.607547,39.6072006226,sampled_fp64_32x32,0.0160893653519,24.28125,1.0029296875,0,507,0,0,0,0,0,0,0,0,0,0,uniform__n512__seed20260824__blocked_panel_local__scpp/runs.csv,replicated,3,1
ScPP,blocked_panel_local,64,uniform,512,20260824,69ecd3a10976619f,1,1.00999999,6,completed,39.614123,39.6133766174,sampled_fp64_32x32,0.0160893653519,24.28125,1.0029296875,0,507,0,0,0,0,0,0,0,0,0,0,uniform__n512__seed20260824__blocked_panel_local__scpp/runs.csv,replicated,3,1
ScPP,blocked_panel_local,64,uniform,512,20260824,69ecd3a10976619f,2,1.00999999,6,completed,39.512866,39.5119361877,sampled_fp64_32x32,0.0160893653519,24.28125,1.0029296875,0,507,0,0,0,0,0,0,0,0,0,0,uniform__n512__seed20260824__blocked_panel_local__scpp/runs.csv,replicated,3,1
CP,unblocked_rank1,1,uniform,512,20260824,69ecd3a10976619f,0,1.00999999,6,completed,245.368877,245.369445801,sampled_fp64_32x32,0.0130711214733,7.23828125,0.99853515625,0,503,501,0,0,0,0,0,0,0,0,0,uniform__n512__seed20260824__unblocked_rank1__cp/runs.csv,replicated,3,1
CP,unblocked_rank1,1,uniform,512,20260824,69ecd3a10976619f,1,1.00999999,6,completed,243.57509,243.576095581,sampled_fp64_32x32,0.0130711214733,7.23828125,0.99853515625,0,503,501,0,0,0,0,0,0,0,0,0,uniform__n512__seed20260824__unblocked_rank1__cp/runs.csv,replicated,3,1
CP,unblocked_rank1,1,uniform,512,20260824,69ecd3a10976619f,2,1.00999999,6,completed,238.435402,238.436737061,sampled_fp64_32x32,0.0130711214733,7.23828125,0.99853515625,0,503,501,0,0,0,0,0,0,0,0,0,uniform__n512__seed20260824__unblocked_rank1__cp/runs.csv,replicated,3,1
DP,unblocked_rank1,1,uniform,512,20260824,69ecd3a10976619f,0,1.00999999,6,completed,35.625774,35.6253128052,sampled_fp64_32x32,0.0188296188135,16.90625,0.99853515625,0,508,45,45,1,0,0,0,0,0,0,0,uniform__n512__seed20260824__unblocked_rank1__dp/runs.csv,replicated,3,1
DP,unblocked_rank1,1,uniform,512,20260824,69ecd3a10976619f,1,1.00999999,6,completed,35.668579,35.6679039001,sampled_fp64_32x32,0.0188296188135,16.90625,0.99853515625,0,508,45,45,1,0,0,0,0,0,0,0,uniform__n512__seed20260824__unblocked_rank1__dp/runs.csv,replicated,3,1
DP,unblocked_rank1,1,uniform,512,20260824,69ecd3a10976619f,2,1.00999999,6,completed,35.795419,35.7951049805,sampled_fp64_32x32,0.0188296188135,16.90625,0.99853515625,0,508,45,45,1,0,0,0,0,0,0,0,uniform__n512__seed20260824__unblocked_rank1__dp/runs.csv,replicated,3,1
GP,unblocked_rank1,1,uniform,512,20260824,69ecd3a10976619f,0,1.00999999,6,completed,35.686336,35.6863021851,sampled_fp64_32x32,0.0209961619602,19.171875,1.009765625,0,506,0,0,0,44,17,0,0,0,0,0,uniform__n512__seed20260824__unblocked_rank1__gp/runs.csv,replicated,3,1
GP,unblocked_rank1,1,uniform,512,20260824,69ecd3a10976619f,1,1.00999999,6,completed,35.68969,35.6893424988,sampled_fp64_32x32,0.0209961619602,19.171875,1.009765625,0,506,0,0,0,44,17,0,0,0,0,0,uniform__n512__seed20260824__unblocked_rank1__gp/runs.csv,replicated,3,1
GP,unblocked_rank1,1,uniform,512,20260824,69ecd3a10976619f,2,1.00999999,6,completed,35.687561,35.6866569519,sampled_fp64_32x32,0.0209961619602,19.171875,1.009765625,0,506,0,0,0,44,17,0,0,0,0,0,uniform__n512__seed20260824__unblocked_rank1__gp/runs.csv,replicated,3,1
PP,unblocked_rank1,1,uniform,512,20260824,69ecd3a10976619f,0,1.00999999,6,completed,34.974769,34.9739837646,sampled_fp64_32x32,0.0195103277874,18.90625,1,0,509,0,0,0,0,0,0,0,0,0,0,uniform__n512__seed20260824__unblocked_rank1__pp/runs.csv,replicated,3,1
PP,unblocked_rank1,1,uniform,512,20260824,69ecd3a10976619f,1,1.00999999,6,completed,34.86134,34.8611183167,sampled_fp64_32x32,0.0195103277874,18.90625,1,0,509,0,0,0,0,0,0,0,0,0,0,uniform__n512__seed20260824__unblocked_rank1__pp/runs.csv,replicated,3,1
PP,unblocked_rank1,1,uniform,512,20260824,69ecd3a10976619f,2,1.00999999,6,completed,34.984412,34.9841918945,sampled_fp64_32x32,0.0195103277874,18.90625,1,0,509,0,0,0,0,0,0,0,0,0,0,uniform__n512__seed20260824__unblocked_rank1__pp/runs.csv,replicated,3,1
RP,unblocked_rank1,1,uniform,512,20260824,69ecd3a10976619f,0,1.00999999,6,completed,50.806321,50.8053741455,sampled_fp64_32x32,0.0181617247872,9.546875,1,0,502,372,0,0,0,0,0,0,0,952,0,uniform__n512__seed20260824__unblocked_rank1__rp/runs.csv,replicated,3,1
RP,unblocked_rank1,1,uniform,512,20260824,69ecd3a10976619f,1,1.00999999,6,completed,50.505696,50.5054702759,sampled_fp64_32x32,0.0181617247872,9.546875,1,0,502,372,0,0,0,0,0,0,0,952,0,uniform__n512__seed20260824__unblocked_rank1__rp/runs.csv,replicated,3,1
RP,unblocked_rank1,1,uniform,512,20260824,69ecd3a10976619f,2,1.00999999,6,completed,50.581491,50.5811538696,sampled_fp64_32x32,0.0181617247872,9.546875,1,0,502,372,0,0,0,0,0,0,0,952,0,uniform__n512__seed20260824__unblocked_rank1__rp/runs.csv,replicated,3,1
ScaP,unblocked_rank1,1,uniform,512,20260824,69ecd3a10976619f,0,1.00999999,6,completed,44.928001,44.9278717041,sampled_fp64_32x32,0.0178306226444,12.734375,1,0,505,256,0,0,0,0,255,198,58,0,0,uniform__n512__seed20260824__unblocked_rank1__scap/runs.csv,replicated,3,1
ScaP,unblocked_rank1,1,uniform,512,20260824,69ecd3a10976619f,1,1.00999999,6,completed,44.756117,44.7555198669,sampled_fp64_32x32,0.0178306226444,12.734375,1,0,505,256,0,0,0,0,255,198,58,0,0,uniform__n512__seed20260824__unblocked_rank1__scap/runs.csv,replicated,3,1
ScaP,unblocked_rank1,1,uniform,512,20260824,69ecd3a10976619f,2,1.00999999,6,completed,44.743728,44.7430076599,sampled_fp64_32x32,0.0178306226444,12.734375,1,0,505,256,0,0,0,0,255,198,58,0,0,uniform__n512__seed20260824__unblocked_rank1__scap/runs.csv,replicated,3,1
ScPP,unblocked_rank1,1,uniform,512,20260824,69ecd3a10976619f,0,1.00999999,6,completed,34.582593,34.5816001892,sampled_fp64_32x32,0.0160893653519,24.28125,1.0029296875,0,507,0,0,0,0,0,0,0,0,0,0,uniform__n512__seed20260824__unblocked_rank1__scpp/runs.csv,replicated,3,1
ScPP,unblocked_rank1,1,uniform,512,20260824,69ecd3a10976619f,1,1.00999999,6,completed,34.699241,34.6986541748,sampled_fp64_32x32,0.0160893653519,24.28125,1.0029296875,0,507,0,0,0,0,0,0,0,0,0,0,uniform__n512__seed20260824__unblocked_rank1__scpp/runs.csv,replicated,3,1
ScPP,unblocked_rank1,1,uniform,512,20260824,69ecd3a10976619f,2,1.00999999,6,completed,34.616332,34.6164474487,sampled_fp64_32x32,0.0160893653519,24.28125,1.0029296875,0,507,0,0,0,0,0,0,0,0,0,0,uniform__n512__seed20260824__unblocked_rank1__scpp/runs.csv,replicated,3,1
CP,blocked_panel_local,64,uniform,512,20260825,60bfb88c7b74a4d4,0,1.00999999,6,completed,154.651348,154.651748657,sampled_fp64_32x32,0.0213720947504,14.875,0.998046875,0,505,480,0,0,0,0,0,0,0,0,0,uniform__n512__seed20260825__blocked_panel_local__cp/runs.csv,replicated,3,1
CP,blocked_panel_local,64,uniform,512,20260825,60bfb88c7b74a4d4,1,1.00999999,6,completed,154.615694,154.615936279,sampled_fp64_32x32,0.0213720947504,14.875,0.998046875,0,505,480,0,0,0,0,0,0,0,0,0,uniform__n512__seed20260825__blocked_panel_local__cp/runs.csv,replicated,3,1
CP,blocked_panel_local,64,uniform,512,20260825,60bfb88c7b74a4d4,2,1.00999999,6,completed,159.145082,159.145950317,sampled_fp64_32x32,0.0213720947504,14.875,0.998046875,0,505,480,0,0,0,0,0,0,0,0,0,uniform__n512__seed20260825__blocked_panel_local__cp/runs.csv,replicated,3,1
DP,blocked_panel_local,64,uniform,512,20260825,60bfb88c7b74a4d4,0,1.00999999,6,completed,41.172154,41.172000885,sampled_fp64_32x32,0.0173307762221,16.53125,1,0,506,42,42,1,0,0,0,0,0,0,0,uniform__n512__seed20260825__blocked_panel_local__dp/runs.csv,replicated,3,1
DP,blocked_panel_local,64,uniform,512,20260825,60bfb88c7b74a4d4,1,1.00999999,6,completed,40.529177,40.5289268494,sampled_fp64_32x32,0.0173307762221,16.53125,1,0,506,42,42,1,0,0,0,0,0,0,0,uniform__n512__seed20260825__blocked_panel_local__dp/runs.csv,replicated,3,1
DP,blocked_panel_local,64,uniform,512,20260825,60bfb88c7b74a4d4,2,1.00999999,6,completed,40.385819,40.3851203918,sampled_fp64_32x32,0.0173307762221,16.53125,1,0,506,42,42,1,0,0,0,0,0,0,0,uniform__n512__seed20260825__blocked_panel_local__dp/runs.csv,replicated,3,1
GP,blocked_panel_local,64,uniform,512,20260825,60bfb88c7b74a4d4,0,1.00999999,6,completed,39.975656,39.9745903015,sampled_fp64_32x32,0.0155300704265,16.234375,1.009765625,0,507,0,0,0,39,22,0,0,0,0,0,uniform__n512__seed20260825__blocked_panel_local__gp/runs.csv,replicated,3,1
GP,blocked_panel_local,64,uniform,512,20260825,60bfb88c7b74a4d4,1,1.00999999,6,completed,40.035488,40.0355834961,sampled_fp64_32x32,0.0155300704265,16.234375,1.009765625,0,507,0,0,0,39,22,0,0,0,0,0,uniform__n512__seed20260825__blocked_panel_local__gp/runs.csv,replicated,3,1
GP,blocked_panel_local,64,uniform,512,20260825,60bfb88c7b74a4d4,2,1.00999999,6,completed,39.909667,39.9096946716,sampled_fp64_32x32,0.0155300704265,16.234375,1.009765625,0,507,0,0,0,39,22,0,0,0,0,0,uniform__n512__seed20260825__blocked_panel_local__gp/runs.csv,replicated,3,1
PP,blocked_panel_local,64,uniform,512,20260825,60bfb88c7b74a4d4,0,1.00999999,6,completed,39.151248,39.1506881714,sampled_fp64_32x32,0.018986730295,17.453125,1,0,503,0,0,0,0,0,0,0,0,0,0,uniform__n512__seed20260825__blocked_panel_local__pp/runs.csv,replicated,3,1
PP,blocked_panel_local,64,uniform,512,20260825,60bfb88c7b74a4d4,1,1.00999999,6,completed,39.084353,39.0834884644,sampled_fp64_32x32,0.018986730295,17.453125,1,0,503,0,0,0,0,0,0,0,0,0,0,uniform__n512__seed20260825__blocked_panel_local__pp/runs.csv,replicated,3,1
PP,blocked_panel_local,64,uniform,512,20260825,60bfb88c7b74a4d4,2,1.00999999,6,completed,38.993106,38.992225647,sampled_fp64_32x32,0.018986730295,17.453125,1,0,503,0,0,0,0,0,0,0,0,0,0,uniform__n512__seed20260825__blocked_panel_local__pp/runs.csv,replicated,3,1
RP,blocked_panel_local,64,uniform,512,20260825,60bfb88c7b74a4d4,0,1.00999999,6,completed,48.231755,48.231136322,sampled_fp64_32x32,0.0186819610913,13.125,1,0,506,193,0,0,0,0,0,0,0,720,0,uniform__n512__seed20260825__blocked_panel_local__rp/runs.csv,replicated,3,1
RP,blocked_panel_local,64,uniform,512,20260825,60bfb88c7b74a4d4,1,1.00999999,6,completed,48.190912,48.1903343201,sampled_fp64_32x32,0.0186819610913,13.125,1,0,506,193,0,0,0,0,0,0,0,720,0,uniform__n512__seed20260825__blocked_panel_local__rp/runs.csv,replicated,3,1
RP,blocked_panel_local,64,uniform,512,20260825,60bfb88c7b74a4d4,2,1.00999999,6,completed,48.243534,48.2431678772,sampled_fp64_32x32,0.0186819610913,13.125,1,0,506,193,0,0,0,0,0,0,0,720,0,uniform__n512__seed20260825__blocked_panel_local__rp/runs.csv,replicated,3,1
ScaP,blocked_panel_local,64,uniform,512,20260825,60bfb88c7b74a4d4,0,1.00999999,6,completed,55.862355,55.8620147705,sampled_fp64_32x32,0.0160353831525,15.0234375,0.99951171875,0,503,255,0,0,0,0,256,199,56,0,0,uniform__n512__seed20260825__blocked_panel_local__scap/runs.csv,replicated,3,1
ScaP,blocked_panel_local,64,uniform,512,20260825,60bfb88c7b74a4d4,1,1.00999999,6,completed,50.689427,50.6892814636,sampled_fp64_32x32,0.0160353831525,15.0234375,0.99951171875,0,503,255,0,0,0,0,256,199,56,0,0,uniform__n512__seed20260825__blocked_panel_local__scap/runs.csv,replicated,3,1
ScaP,blocked_panel_local,64,uniform,512,20260825,60bfb88c7b74a4d4,2,1.00999999,6,completed,49.118794,49.1184310913,sampled_fp64_32x32,0.0160353831525,15.0234375,0.99951171875,0,503,255,0,0,0,0,256,199,56,0,0,uniform__n512__seed20260825__blocked_panel_local__scap/runs.csv,replicated,3,1
ScPP,blocked_panel_local,64,uniform,512,20260825,60bfb88c7b74a4d4,0,1.00999999,6,completed,39.34215,39.3414382935,sampled_fp64_32x32,0.0172052455812,15.2578125,1.001953125,0,508,0,0,0,0,0,0,0,0,0,0,uniform__n512__seed20260825__blocked_panel_local__scpp/runs.csv,replicated,3,1
ScPP,blocked_panel_local,64,uniform,512,20260825,60bfb88c7b74a4d4,1,1.00999999,6,completed,39.366181,39.3651504517,sampled_fp64_32x32,0.0172052455812,15.2578125,1.001953125,0,508,0,0,0,0,0,0,0,0,0,0,uniform__n512__seed20260825__blocked_panel_local__scpp/runs.csv,replicated,3,1
ScPP,blocked_panel_local,64,uniform,512,20260825,60bfb88c7b74a4d4,2,1.00999999,6,completed,39.287868,39.2878074646,sampled_fp64_32x32,0.0172052455812,15.2578125,1.001953125,0,508,0,0,0,0,0,0,0,0,0,0,uniform__n512__seed20260825__blocked_panel_local__scpp/runs.csv,replicated,3,1
CP,unblocked_rank1,1,uniform,512,20260825,60bfb88c7b74a4d4,0,1.00999999,6,completed,239.908344,239.909759521,sampled_fp64_32x32,0.0125973598333,7.2265625,0.99853515625,0,502,506,0,0,0,0,0,0,0,0,0,uniform__n512__seed20260825__unblocked_rank1__cp/runs.csv,replicated,3,1
CP,unblocked_rank1,1,uniform,512,20260825,60bfb88c7b74a4d4,1,1.00999999,6,completed,240.652623,240.653625488,sampled_fp64_32x32,0.0125973598333,7.2265625,0.99853515625,0,502,506,0,0,0,0,0,0,0,0,0,uniform__n512__seed20260825__unblocked_rank1__cp/runs.csv,replicated,3,1
CP,unblocked_rank1,1,uniform,512,20260825,60bfb88c7b74a4d4,2,1.00999999,6,completed,247.09395,247.095458984,sampled_fp64_32x32,0.0125973598333,7.2265625,0.99853515625,0,502,506,0,0,0,0,0,0,0,0,0,uniform__n512__seed20260825__unblocked_rank1__cp/runs.csv,replicated,3,1
DP,unblocked_rank1,1,uniform,512,20260825,60bfb88c7b74a4d4,0,1.00999999,6,completed,35.613736,35.613407135,sampled_fp64_32x32,0.0173307762221,16.53125,1,0,506,42,42,1,0,0,0,0,0,0,0,uniform__n512__seed20260825__unblocked_rank1__dp/runs.csv,replicated,3,1
DP,unblocked_rank1,1,uniform,512,20260825,60bfb88c7b74a4d4,1,1.00999999,6,completed,35.701252,35.7011833191,sampled_fp64_32x32,0.0173307762221,16.53125,1,0,506,42,42,1,0,0,0,0,0,0,0,uniform__n512__seed20260825__unblocked_rank1__dp/runs.csv,replicated,3,1
DP,unblocked_rank1,1,uniform,512,20260825,60bfb88c7b74a4d4,2,1.00999999,6,completed,35.572435,35.572479248,sampled_fp64_32x32,0.0173307762221,16.53125,1,0,506,42,42,1,0,0,0,0,0,0,0,uniform__n512__seed20260825__unblocked_rank1__dp/runs.csv,replicated,3,1
GP,unblocked_rank1,1,uniform,512,20260825,60bfb88c7b74a4d4,0,1.00999999,6,completed,35.854135,35.8535690308,sampled_fp64_32x32,0.0146663000448,17.953125,1.009765625,0,507,0,0,0,41,24,0,0,0,0,0,uniform__n512__seed20260825__unblocked_rank1__gp/runs.csv,replicated,3,1
GP,unblocked_rank1,1,uniform,512,20260825,60bfb88c7b74a4d4,1,1.00999999,6,completed,36.159482,36.1552658081,sampled_fp64_32x32,0.0146663000448,17.953125,1.009765625,0,507,0,0,0,41,24,0,0,0,0,0,uniform__n512__seed20260825__unblocked_rank1__gp/runs.csv,replicated,3,1
GP,unblocked_rank1,1,uniform,512,20260825,60bfb88c7b74a4d4,2,1.00999999,6,completed,35.905764,35.9053764343,sampled_fp64_32x32,0.0146663000448,17.953125,1.009765625,0,507,0,0,0,41,24,0,0,0,0,0,uniform__n512__seed20260825__unblocked_rank1__gp/runs.csv,replicated,3,1
PP,unblocked_rank1,1,uniform,512,20260825,60bfb88c7b74a4d4,0,1.00999999,6,completed,34.363824,34.3630065918,sampled_fp64_32x32,0.018986730295,17.71875,1,0,503,0,0,0,0,0,0,0,0,0,0,uniform__n512__seed20260825__unblocked_rank1__pp/runs.csv,replicated,3,1
PP,unblocked_rank1,1,uniform,512,20260825,60bfb88c7b74a4d4,1,1.00999999,6,completed,34.495213,34.4934387207,sampled_fp64_32x32,0.018986730295,17.71875,1,0,503,0,0,0,0,0,0,0,0,0,0,uniform__n512__seed20260825__unblocked_rank1__pp/runs.csv,replicated,3,1
PP,unblocked_rank1,1,uniform,512,20260825,60bfb88c7b74a4d4,2,1.00999999,6,completed,34.242519,34.2414398193,sampled_fp64_32x32,0.018986730295,17.71875,1,0,503,0,0,0,0,0,0,0,0,0,0,uniform__n512__seed20260825__unblocked_rank1__pp/runs.csv,replicated,3,1
RP,unblocked_rank1,1,uniform,512,20260825,60bfb88c7b74a4d4,0,1.00999999,6,completed,50.619893,50.618976593,sampled_fp64_32x32,0.0186411830118,9.9921875,0.99951171875,0,502,374,0,0,0,0,0,0,0,965,0,uniform__n512__seed20260825__unblocked_rank1__rp/runs.csv,replicated,3,1
RP,unblocked_rank1,1,uniform,512,20260825,60bfb88c7b74a4d4,1,1.00999999,6,completed,50.594769,50.5952949524,sampled_fp64_32x32,0.0186411830118,9.9921875,0.99951171875,0,502,374,0,0,0,0,0,0,0,965,0,uniform__n512__seed20260825__unblocked_rank1__rp/runs.csv,replicated,3,1
RP,unblocked_rank1,1,uniform,512,20260825,60bfb88c7b74a4d4,2,1.00999999,6,completed,50.612206,50.6121902466,sampled_fp64_32x32,0.0186411830118,9.9921875,0.99951171875,0,502,374,0,0,0,0,0,0,0,965,0,uniform__n512__seed20260825__unblocked_rank1__rp/runs.csv,replicated,3,1
ScaP,unblocked_rank1,1,uniform,512,20260825,60bfb88c7b74a4d4,0,1.00999999,6,completed,45.160194,45.160030365,sampled_fp64_32x32,0.0134269127739,13.71875,1,0,506,253,0,0,0,0,258,182,71,0,0,uniform__n512__seed20260825__unblocked_rank1__scap/runs.csv,replicated,3,1
ScaP,unblocked_rank1,1,uniform,512,20260825,60bfb88c7b74a4d4,1,1.00999999,6,completed,45.003044,45.0027503967,sampled_fp64_32x32,0.0134269127739,13.71875,1,0,506,253,0,0,0,0,258,182,71,0,0,uniform__n512__seed20260825__unblocked_rank1__scap/runs.csv,replicated,3,1
ScaP,unblocked_rank1,1,uniform,512,20260825,60bfb88c7b74a4d4,2,1.00999999,6,completed,44.943031,44.9423370361,sampled_fp64_32x32,0.0134269127739,13.71875,1,0,506,253,0,0,0,0,258,182,71,0,0,uniform__n512__seed20260825__unblocked_rank1__scap/runs.csv,replicated,3,1
ScPP,unblocked_rank1,1,uniform,512,20260825,60bfb88c7b74a4d4,0,1.00999999,6,completed,34.728704,34.727935791,sampled_fp64_32x32,0.0172052455812,15.2578125,1.001953125,0,508,0,0,0,0,0,0,0,0,0,0,uniform__n512__seed20260825__unblocked_rank1__scpp/runs.csv,replicated,3,1
ScPP,unblocked_rank1,1,uniform,512,20260825,60bfb88c7b74a4d4,1,1.00999999,6,completed,34.745031,34.7439041138,sampled_fp64_32x32,0.0172052455812,15.2578125,1.001953125,0,508,0,0,0,0,0,0,0,0,0,0,uniform__n512__seed20260825__unblocked_rank1__scpp/runs.csv,replicated,3,1
ScPP,unblocked_rank1,1,uniform,512,20260825,60bfb88c7b74a4d4,2,1.00999999,6,completed,34.707561,34.70652771,sampled_fp64_32x32,0.0172052455812,15.2578125,1.001953125,0,508,0,0,0,0,0,0,0,0,0,0,uniform__n512__seed20260825__unblocked_rank1__scpp/runs.csv,replicated,3,1
DP,blocked_panel_local,128,uniform,10240,20260823,eda20a3a3bb3a0b9,0,1.00999999,6,completed,3451.128219,3451.15722656,sampled_fp64_32x32,0.372568850638,105.875,1,0,10230,1508,1508,15,0,0,0,0,0,0,0,uniform__n10240__seed20260823__blocked_panel_local__dp/runs.csv,frontier_4k_10k,1,1
GP,blocked_panel_local,128,uniform,10240,20260823,eda20a3a3bb3a0b9,0,1.00999999,6,completed,3401.21098,3401.23999023,sampled_fp64_32x32,0.258290232799,102.8125,1.009765625,0,10233,0,0,0,1306,655,0,0,0,0,0,uniform__n10240__seed20260823__blocked_panel_local__gp/runs.csv,frontier_4k_10k,1,1
PP,blocked_panel_local,128,uniform,10240,20260823,eda20a3a3bb3a0b9,0,1.00999999,6,completed,3338.585637,3338.61425781,sampled_fp64_32x32,0.333993823657,93.625,1,0,10231,0,0,0,0,0,0,0,0,0,0,uniform__n10240__seed20260823__blocked_panel_local__pp/runs.csv,frontier_4k_10k,1,1
RP,blocked_panel_local,128,uniform,10240,20260823,eda20a3a3bb3a0b9,0,1.00999999,6,completed,3511.381851,3511.41186523,sampled_fp64_32x32,0.21223881745,72.25,1,0,10224,2651,0,0,0,0,0,0,0,13126,0,uniform__n10240__seed20260823__blocked_panel_local__rp/runs.csv,frontier_4k_10k,1,1
ScaP,blocked_panel_local,128,uniform,10240,20260823,eda20a3a3bb3a0b9,0,1.00999999,6,completed,3807.117706,3807.14892578,sampled_fp64_32x32,0.21797813884,106.75,1,0,10230,5267,0,0,0,0,4972,4211,1056,0,0,uniform__n10240__seed20260823__blocked_panel_local__scap/runs.csv,frontier_4k_10k,1,1
ScPP,blocked_panel_local,128,uniform,10240,20260823,eda20a3a3bb3a0b9,0,1.00999999,6,completed,3350.952291,3350.98291016,sampled_fp64_32x32,0.285485901419,117.5625,1,0,10235,0,0,0,0,0,0,0,0,0,0,uniform__n10240__seed20260823__blocked_panel_local__scpp/runs.csv,frontier_4k_10k,1,1
DP,blocked_panel_local,64,uniform,4096,20260823,3c57caaaf08f07a2,0,1.00999999,6,completed,535.910858,535.915466309,sampled_fp64_32x32,0.121901884966,57.03125,0.99951171875,0,4088,524,524,10,0,0,0,0,0,0,0,uniform__n4096__seed20260823__blocked_panel_local__dp/runs.csv,frontier_4k_10k,1,1
GP,blocked_panel_local,64,uniform,4096,20260823,3c57caaaf08f07a2,0,1.00999999,6,completed,532.703814,532.707397461,sampled_fp64_32x32,0.112500984719,55.84375,1.009765625,0,4090,0,0,0,474,221,0,0,0,0,0,uniform__n4096__seed20260823__blocked_panel_local__gp/runs.csv,frontier_4k_10k,1,1
PP,blocked_panel_local,64,uniform,4096,20260823,3c57caaaf08f07a2,0,1.00999999,6,completed,514.839945,514.844116211,sampled_fp64_32x32,0.119892419316,57.3125,1,0,4090,0,0,0,0,0,0,0,0,0,0,uniform__n4096__seed20260823__blocked_panel_local__pp/runs.csv,frontier_4k_10k,1,1
RP,blocked_panel_local,64,uniform,4096,20260823,3c57caaaf08f07a2,0,1.00999999,6,completed,574.552671,574.557006836,sampled_fp64_32x32,0.106429281994,48.375,1,0,4087,976,0,0,0,0,0,0,0,5148,0,uniform__n4096__seed20260823__blocked_panel_local__rp/runs.csv,frontier_4k_10k,1,1
ScaP,blocked_panel_local,64,uniform,4096,20260823,3c57caaaf08f07a2,0,1.00999999,6,completed,636.869699,636.874816895,sampled_fp64_32x32,0.114222709119,71,1,0,4084,2156,0,0,0,0,1939,1653,503,0,0,uniform__n4096__seed20260823__blocked_panel_local__scap/runs.csv,frontier_4k_10k,1,1
ScPP,blocked_panel_local,64,uniform,4096,20260823,3c57caaaf08f07a2,0,1.00999999,6,completed,515.203276,515.208068848,sampled_fp64_32x32,0.108155423542,66.75,1.0009765625,0,4088,0,0,0,0,0,0,0,0,0,0,uniform__n4096__seed20260823__blocked_panel_local__scpp/runs.csv,frontier_4k_10k,1,1
DP,blocked_panel_local,128,uniform,8192,20260823,7e26db0f5eeca17d,0,1.00999999,6,completed,2053.82146,2053.83959961,sampled_fp64_32x32,0.197908326489,85.1875,1,0,8184,1124,1124,10,0,0,0,0,0,0,0,uniform__n8192__seed20260823__blocked_panel_local__dp/runs.csv,frontier_4k_10k,1,1
GP,blocked_panel_local,128,uniform,8192,20260823,7e26db0f5eeca17d,0,1.00999999,6,completed,2026.450583,2026.4675293,sampled_fp64_32x32,0.188210315478,84.125,1.009765625,0,8181,0,0,0,1003,483,0,0,0,0,0,uniform__n8192__seed20260823__blocked_panel_local__gp/runs.csv,frontier_4k_10k,1,1
PP,blocked_panel_local,128,uniform,8192,20260823,7e26db0f5eeca17d,0,1.00999999,6,completed,1981.553711,1981.56970215,sampled_fp64_32x32,0.248116386756,78.8125,1,0,8184,0,0,0,0,0,0,0,0,0,0,uniform__n8192__seed20260823__blocked_panel_local__pp/runs.csv,frontier_4k_10k,1,1
RP,blocked_panel_local,128,uniform,8192,20260823,7e26db0f5eeca17d,0,1.00999999,6,completed,2134.115185,2134.13305664,sampled_fp64_32x32,0.256592113612,71.5,1,0,8188,2297,0,0,0,0,0,0,0,10705,0,uniform__n8192__seed20260823__blocked_panel_local__rp/runs.csv,frontier_4k_10k,1,1
ScaP,blocked_panel_local,128,uniform,8192,20260823,7e26db0f5eeca17d,0,1.00999999,6,completed,2329.584087,2329.60351562,sampled_fp64_32x32,0.242556686979,81.5,1,0,8183,4190,0,0,0,0,4001,3375,815,0,0,uniform__n8192__seed20260823__blocked_panel_local__scap/runs.csv,frontier_4k_10k,1,1
ScPP,blocked_panel_local,128,uniform,8192,20260823,7e26db0f5eeca17d,0,1.00999999,6,completed,1991.549856,1991.56872559,sampled_fp64_32x32,0.180006588285,88.4375,1,0,8180,0,0,0,0,0,0,0,0,0,0,uniform__n8192__seed20260823__blocked_panel_local__scpp/runs.csv,frontier_4k_10k,1,1
DP,blocked_panel_local,512,uniform,20480,20260823,c8fd0402d726c4c8,0,1.00999999,6,completed,22750.479417,22750.6660156,sampled_fp64_32x32,0.538895647413,186.375,1,0,20472,3227,3227,8,0,0,0,0,0,0,0,uniform__n20480__seed20260823__blocked_panel_local__dp/runs.csv,frontier_20k,1,1
GP,blocked_panel_local,512,uniform,20480,20260823,c8fd0402d726c4c8,0,1.00999999,6,completed,22514.259521,22514.4453125,sampled_fp64_32x32,0.512380520326,161.25,1.009765625,0,20462,0,0,0,2811,1366,0,0,0,0,0,uniform__n20480__seed20260823__blocked_panel_local__gp/runs.csv,frontier_20k,1,1
PP,blocked_panel_local,512,uniform,20480,20260823,c8fd0402d726c4c8,0,1.00999999,6,completed,22308.450907,22308.6347656,sampled_fp64_32x32,0.599414762648,184.375,1,0,20465,0,0,0,0,0,0,0,0,0,0,uniform__n20480__seed20260823__blocked_panel_local__pp/runs.csv,frontier_20k,1,1
RP,blocked_panel_local,512,uniform,20480,20260823,c8fd0402d726c4c8,0,1.00999999,6,completed,23043.950299,23044.1445312,sampled_fp64_32x32,0.450168587602,118.4375,1,0,20466,8361,0,0,0,0,0,0,0,29984,0,uniform__n20480__seed20260823__blocked_panel_local__rp/runs.csv,frontier_20k,1,1
ScaP,blocked_panel_local,512,uniform,20480,20260823,c8fd0402d726c4c8,0,1.00999999,6,completed,23970.698412,23970.8964844,sampled_fp64_32x32,0.454545194676,131.375,1,0,20473,10008,0,0,0,0,10471,8110,1898,0,0,uniform__n20480__seed20260823__blocked_panel_local__scap/runs.csv,frontier_20k,1,1
ScPP,blocked_panel_local,512,uniform,20480,20260823,c8fd0402d726c4c8,0,1.00999999,6,completed,22342.268925,22342.4550781,sampled_fp64_32x32,0.599414762648,184.375,1,0,20465,0,0,0,0,0,0,0,0,0,0,uniform__n20480__seed20260823__blocked_panel_local__scpp/runs.csv,frontier_20k,1,1
DP,blocked_panel_local,1024,uniform,30720,20260823,2b600ca747e966bf,0,1.00999999,6,completed,76493.013954,76493.640625,sampled_fp64_32x32,0.764741016181,234.375,1,0,30714,5086,5086,7,0,0,0,0,0,0,0,uniform__n30720__seed20260823__blocked_panel_local__dp/runs.csv,frontier_30k_40k,1,0
GP,blocked_panel_local,1024,uniform,30720,20260823,2b600ca747e966bf,0,1.00999999,6,completed,75972.070091,75972.6875,sampled_fp64_32x32,0.890070818612,261,1.009765625,0,30709,0,0,0,4433,2216,0,0,0,0,0,uniform__n30720__seed20260823__blocked_panel_local__gp/runs.csv,frontier_30k_40k,1,0
PP,blocked_panel_local,1024,uniform,30720,20260823,2b600ca747e966bf,0,1.00999999,6,completed,75466.259677,75466.890625,sampled_fp64_32x32,0.677184648783,229.75,1,0,30706,0,0,0,0,0,0,0,0,0,0,uniform__n30720__seed20260823__blocked_panel_local__pp/runs.csv,frontier_30k_40k,1,0
RP,blocked_panel_local,1024,uniform,30720,20260823,2b600ca747e966bf,0,1.00999999,6,completed,77018.661734,77019.296875,sampled_fp64_32x32,0.929582881392,163.375,1,0,30707,14524,0,0,0,0,0,0,0,47453,0,uniform__n30720__seed20260823__blocked_panel_local__rp/runs.csv,frontier_30k_40k,1,0
ScaP,blocked_panel_local,1024,uniform,30720,20260823,2b600ca747e966bf,0,1.00999999,6,completed,78837.286345,78837.9296875,sampled_fp64_32x32,0.746829712763,186.125,1,0,30710,14830,0,0,0,0,15889,12138,2692,0,0,uniform__n30720__seed20260823__blocked_panel_local__scap/runs.csv,frontier_30k_40k,1,0
DP,blocked_panel_local,1024,uniform,40960,20260823,248b884a5d9e5a17,0,1.00999999,6,completed,165370.749971,165371.65625,sampled_fp64_32x32,1.30768835425,340.75,1,0,40951,6993,6993,12,0,0,0,0,0,0,0,uniform__n40960__seed20260823__blocked_panel_local__dp/runs.csv,frontier_30k_40k,1,0
GP,blocked_panel_local,1024,uniform,40960,20260823,248b884a5d9e5a17,0,1.00999999,6,completed,164777.008472,164777.796875,sampled_fp64_32x32,0.989920862481,287.25,1.009765625,0,40945,0,0,0,6251,3094,0,0,0,0,0,uniform__n40960__seed20260823__blocked_panel_local__gp/runs.csv,frontier_30k_40k,1,0
PP,blocked_panel_local,1024,uniform,40960,20260823,248b884a5d9e5a17,0,1.00999999,6,completed,163957.1449,163958.46875,sampled_fp64_32x32,1.15494871866,310.5,1,0,40948,0,0,0,0,0,0,0,0,0,0,uniform__n40960__seed20260823__blocked_panel_local__pp/runs.csv,frontier_30k_40k,1,0
RP,blocked_panel_local,1024,uniform,40960,20260823,248b884a5d9e5a17,0,1.00999999,6,completed,166010.171698,166011.203125,sampled_fp64_32x32,1.09827564328,267.75,1,0,40951,18580,0,0,0,0,0,0,0,62249,0,uniform__n40960__seed20260823__blocked_panel_local__rp/runs.csv,frontier_30k_40k,1,0
ScaP,blocked_panel_local,1024,uniform,40960,20260823,248b884a5d9e5a17,0,1.00999999,6,completed,169389.550813,169390.921875,sampled_fp64_32x32,1.1500584325,307.25,1,0,40945,19636,0,0,0,0,21323,16163,3473,0,0,uniform__n40960__seed20260823__blocked_panel_local__scap/runs.csv,frontier_30k_40k,1,0
DP,blocked_panel_local,1024,uniform,51200,20260823,b63e51530fa8814c,0,1.00999999,6,completed,303789.480113,303791.71875,sampled_fp64_32x32,1.30801684203,442.25,1,0,51186,8925,8925,12,0,0,0,0,0,0,0,uniform__n51200__seed20260823__blocked_panel_local__dp/runs.csv,frontier_50k_60k,1,0
GP,blocked_panel_local,1024,uniform,51200,20260823,b63e51530fa8814c,0,1.00999999,6,completed,302785.488662,302787.65625,sampled_fp64_32x32,2.38800425795,412.5,1.009765625,0,51189,0,0,0,7899,3824,0,0,0,0,0,uniform__n51200__seed20260823__blocked_panel_local__gp/runs.csv,frontier_50k_60k,1,0
PP,blocked_panel_local,1024,uniform,51200,20260823,b63e51530fa8814c,0,1.00999999,6,completed,301415.160799,301417.21875,sampled_fp64_32x32,1.26858829281,433.75,1,0,51190,0,0,0,0,0,0,0,0,0,0,uniform__n51200__seed20260823__blocked_panel_local__pp/runs.csv,frontier_50k_60k,1,0
DP,blocked_panel_local,1024,uniform,61440,20260823,3d38b1d142e819c2,0,1.00999999,6,completed,505657.905954,505660.96875,sampled_fp64_32x32,1.81199556639,578,1,0,61426,10855,10855,19,0,0,0,0,0,0,0,uniform__n61440__seed20260823__blocked_panel_local__dp/runs.csv,frontier_50k_60k,1,0
GP,blocked_panel_local,1024,uniform,61440,20260823,3d38b1d142e819c2,0,1.00999999,6,completed,503974.812182,503978.1875,sampled_fp64_32x32,3.16166848647,549,1.009765625,0,61437,0,0,0,9528,4636,0,0,0,0,0,uniform__n61440__seed20260823__blocked_panel_local__gp/runs.csv,frontier_50k_60k,1,0
PP,blocked_panel_local,1024,uniform,61440,20260823,3d38b1d142e819c2,0,1.00999999,6,completed,501910.840075,501913.4375,sampled_fp64_32x32,2.06886614428,718,1,0,61424,0,0,0,0,0,0,0,0,0,0,uniform__n61440__seed20260823__blocked_panel_local__pp/runs.csv,frontier_50k_60k,1,0
